No.,乐曲类型,曲名,类型,难易度,等级,谱面定数,BPM,版本,追加日期,是否锁定,别名
1797,DX,ANiMA,DX,MASTER,14+,14.7,183,CiRCLE+,2026-04-17,是,
1791,DX,Break The Speakers,DX,MASTER,14+,14.7,185,CiRCLE+,2026-04-03,是,
1756,DX,7 Wonders,DX,MASTER,14+,14.9,168,CiRCLE (丸),2026-03-05,否,
1751,DX,Sky Trails,DX,MASTER,14+,14.7,171,CiRCLE (丸),2026-02-06,是,
1747,DX,零號車輛,DX,MASTER,14+,14.6,240,CiRCLE (丸),2026-01-23,否,零號車輛|零号车辆|灵车|零车|零号列车|大运|小灵车|托马斯小灵车|灵车漂移|0车
1724,DX,ラストピースに祝福と栄光を,DX,MASTER,14+,14.6,280,CiRCLE (丸),2025-12-05,否,
1717,DX,Get U ♭ack,DX,MASTER,14+,14.6,205,CiRCLE (丸),2025-11-07,是,
1712,DX,"False Amber (from the Black Bazaar, Or by A Kervan Trader from the Lands Afar, Or Buried Beneath the Shifting Sands That Lead Everywhere but Nowhere)",DX,MASTER,14+,14.8,132,CiRCLE (丸),2025-10-30,否,
1707,DX,Customized Justice,DX,MASTER,14+,14.8,292,CiRCLE (丸),2025-10-16,否,
1655,DX,Xaleid◆scopiX,DX,MASTER,14+,14.9,180,PRiSM+ (彩),2025-07-13,否,
1652,DX,World's end BLACKBOX,DX,MASTER,14+,14.9,205,PRiSM+ (彩),2025-07-11,否,
1628,DX,FLΛME/FRΦST,DX,MASTER,14+,14.8,174,PRiSM+ (彩),2025-05-09,否,
1612,DX,ATLAS RUSH,DX,MASTER,14+,14.7,156,PRiSM+ (彩),2025-04-11,否,atlas rush|rice
1606,DX,Åntinomiε,DX,MASTER,14+,14.6,242,PRiSM+ (彩),2025-03-13,否,åntinomiε|太空熊2|antinomie|二律背反
1583,DX,宙天,DX,MASTER,14+,14.9,125,PRiSM (鏡),2025-02-27,否,宙天|肘天|逆天|黑门|kop6决赛曲|宙活
1582,DX,雨露霜雪,DX,MASTER,14+,14.6,250,PRiSM (鏡),2025-02-27,否,雨露霜雪|四个雨|雨雨雨雨|雨×(1+路+相+彐)|四个季节
1538,DX,Divide et impera!,DX,MASTER,14+,14.8,166,PRiSM (鏡),2024-10-31,否,divide et impera!|猫娘打架|击剑2|黑人打架2|分而治之|猫娘打架2|kop决胜bgm|打架2|纱露朵大战米露库|迷迭香大战推进之王
1537,DX,氷滅の135小節,DX,MASTER,14+,14.8,205,PRiSM (鏡),2024-10-25,否,氷滅の135小節|冰灭|冰灭135|冰灭的135小节|135小节|白门|冰与火之舞|魔丸vs灵珠
1530,DX,Cryptarithm,DX,MASTER,14+,14.6,175,PRiSM (鏡),2024-10-11,否,cryptarithm|密码学|削除鬼叫2|加密算法|削除不鬼叫|密码算数
1497,DX,ℝ∈Χ LUNATiCA,DX,MASTER,14+,14.8,230,BUDDiES+ (宴),2024-08-02,否,ℝ∈χ lunatica|rex|黑天鹅2|r属于x|lunatica|rexlunatica|路西法|实数属于x
1476,DX,Re:Unknown X,DX,MASTER,14+,14.7,190,BUDDiES+ (宴),2024-06-07,否,re:unknown x|rux|东方ed|东方et|rex|et2|未知x|油库里|endtime2|东方那个14+
1455,DX,IF:U,DX,MASTER,14+,14.6,190,BUDDiES+ (宴),2024-04-12,否,if:u|ifu|如果你|如果：电压|如果:电压|如果:并集|如果:铀|妈宝蓝2|欧美定律|如果电压|骰子|衣服油
1430,DX,Λzure Vixen,DX,MASTER,14+,14.6,163,BUDDiES+ (宴),2024-03-21,否,λzure vixen|av|凯南|猩红凝视|我独自升级|维导|蓝的狐|azure vixen|有格调
1420,DX,系ぎて,DX,MASTER,14+,14.7,88,BUDDiES (双),2024-02-29,否,系ぎて|原神2|kop5|携手前进|白丝|つなぎて|大系|携手|牵绊|6a|新手教程2|aaaaaa|携手向前|系|连结|丝|kop5th决胜曲|tsunagite|白系|寻迹|丝之歌|系接头|n⭐cream|玉玉症好了|6a级景区|两个舞神六个尖|两舞神直播越级|打不到90会被赶出去|手牵手|两舞神六个a|俩个舞神六个a|两舞神越级|挂俩越级的：|我的未来不是梦|次那gi忒|我治好了玉玉症|我没玉玉症|新手叫疼|15级吃分推荐榜2|俩舞神越级|kop5决赛曲
1412,DX/STD,渦状銀河のシンフォニエッタ,DX,MASTER,14+,14.6,238,でらっくす+ (華),2020-08-07,否,渦状銀河のシンフォニエッタ|标抽水马桶|标银河|标马桶|标涡状银河|涡状银河交响曲|涡状马桶|涡状银河|抽水马桶|银河|涡状台风|冲水马桶|马桶|🚽|涡状伊岛|涡状银河的小交响曲|漩涡马桶
1411,DX,Straight into the lights,DX,MASTER,14+,14.8,90,BUDDiES (双),2024-02-02,否,straight into the lights|小东雪莲|ow2|acid|直入光|长驱直入光|中出光|我要当对立|吃麦当劳|小acid|我的麦当劳|线性代数|小阿希德
1387,DX,raputa,DX,MASTER,14+,14.9,339,BUDDiES (双),2023-12-09,否,raputa|𐎼𐎠𐎱𐎹𐎢𐎫𐎠|rpt|🍇|🥵🍇|西直门桥|中国结|拉普大|热葡萄|🐥🐥🐥|啊|拉谱大|拉普塔|这首歌只有一个字 啊|立交桥
1386,DX,Apollo,DX,MASTER,14+,14.7,339,BUDDiES (双),2023-12-09,否,apollo|绝密航天|吴奇隆|阿波罗|🍍|刹那转头|☬|独行月球|kana|皇城刹那裙底发光|我去是吴奇隆|登月|我去，是吴奇隆！|航天基地|我趣！事吴奇隆！|小人上月球
1383,DX,神威,DX,MASTER,14+,14.6,210,BUDDiES (双),2023-12-09,否,神威|太湖之光|kamui
1374,DX,KHYMΞXΛ,DX,MASTER,14+,14.7,220,BUDDiES (双),2023-11-02,否,khymξxλ|kop5预选|khym|奇美拉2|khymexa|khym三xa|奇美拉|大奇美拉|khy
1366,DX,Latent Kingdom,DX,MASTER,14+,14.9,201,BUDDiES (双),2023-10-06,否,latent kingdom|曲师打架|lk|俩曲师打架|三十块|潜伏王国|大lk|三十块钱|老二大战大国奏音|老二vs大国奏音|东北商战|白魔爪vs黑魔爪|我售卖东北玉米|别样的小提琴大赛|两个男人拉小提琴|东北菜市场|我售卖东北竹笋|奏音快跑
1337,DX,LAMIA,DX,MASTER,14+,14.7,199,FESTiVAL+ (祝),2023-09-01,否,lamia|战斗服宵崎奏|刹那|刹那拉面|拉米亚|拉弥亚|拉面
1329,DX,超熊猫的周遊記（ワンダーパンダートラベラー）,DX,MASTER,14+,14.6,121,FESTiVAL+ (祝),2023-08-04,否,超熊猫的周遊記（ワンダーパンダートラベラー）|周游记|超雄猫|超熊猫的周游记|超熊猫|四川禁曲|超能猫|超雄|我们是幻想麒麟
1319,DX,VERTeX (rintaro soma deconstructed remix),DX,MASTER,14+,14.6,158,FESTiVAL+ (祝),2023-07-07,否,vertex (rintaro soma deconstructed remix)|水神1.5|本草纲目1.5|摩羯|水神remix|水神9|激流
1288,DX,VeRForTe αRtE:VEiN,DX,MASTER,14+,14.8,190,FESTiVAL+ (祝),2023-03-23,否,verforte αrte:vein|verforte|大钟楼|钟楼|vft|大钟|十块钱|钟塔|钟楼100.7很吊吗|100.7|100.7什么垃圾|飞能不鸟|哈利路大旋风|翠翠扫|翠翠猫抓板
1263,DX,ViRTUS,DX,MASTER,14+,14.6,225,FESTiVAL (祭),2023-03-02,否,virtus|2024春晚|op|本草纲目|kop4|噔噔噔噔噔噔|水神2|水神二|芙宁娜|一半敖丙一半哪吒|台风|紫菜蛋花汤|kop4日服决赛曲|kop4决赛曲
1255,DX,康莊大道,DX,MASTER,14+,14.7,208,FESTiVAL (祭),2023-02-03,否,康莊大道|浇给|康庄|康庄大道|九洲大道|成华大道|星光大道|康|黑羊羊|羊角|羊|太太乐
1234,DX/STD,VIIIbit Explorer,DX,MASTER,14+,14.7,188,Splash+ (煌),2021-07-21,否,viiibit explorer|标准浏览器|标准8bit|标准八比特|8bit|8比特|标巴比特|八位探索者|八比特|标8bit|5*8-30/2+3bit|8bit浏览器|八比特管理器|8比特浏览器|巴比特|八比特浏览器|海葵姐|浏览器|大手子|dx八比特|dx8bit
1215,DX,mystique as iris,DX,MASTER,14+,14.6,172,FESTiVAL (祭),2022-09-15,否,mystique as iris|像鸢尾花一样神秘|mai|iris|神秘如鸢尾花|虹膜|鸢尾花|坐椅子|siri|如密鸢尾花|如虹膜般神秘|出云子
1189,DX,World's end loneliness,DX,MASTER,14+,14.9,205,UNiVERSE+ (星),2022-08-05,否,world's end loneliness|wel|寡|孤独终老|世终|世末孤独|世孤|世翠孤独|林尼|世终孤独|寡王|奥尔菲斯|世終孤独|世末孤终|世终1
1187,DX,Metamorphosism,DX,MASTER,14+,14.7,144,UNiVERSE+ (星),2022-08-05,否,metamorphosism|削除鬼叫|变态主义|消除鬼叫|硅胶|变态|meta|变质|质变|变形|哇袄|削除硅胶|我奶做梦
1182,DX,WiPE OUT MEMORIES,DX,MASTER,14+,14.8,210,UNiVERSE+ (星),2022-07-11,否,wipe out memories|wet out trousers|洗衣机|wipeout|缝合怪|wom|消逝的回忆|fade out memories|10周年|抹去记忆|串烧|wipe|超级缝合怪|十周年|maimai机台|走马灯|消失的记忆|舞立方|外炮|wmc走马灯
1175,DX,チューリングの跡,DX,MASTER,14+,14.8,180,UNiVERSE+ (星),2022-06-24,否,チューリングの跡|屠龙之技|图灵|灭火器|螺号|jazz for your soul|图灵之跡|信用2|迹|白法院吹萨克斯|🎷|credits2|图灵之迹|🎷🥚|图灵轨迹|萨克斯|图灵之寄|dx信用
1142,DX,sølips,DX,MASTER,14+,14.9,199,UNiVERSE+ (星),2022-03-24,否,sølips|100块|solips|100块钱|100元|一百块|索|嗦|🔒|solidworks|s∅lips|唯我论|so|索利普斯|s空集lips
1132,DX,GIGANTØMAKHIA,DX,MASTER,14+,14.7,190,UNiVERSE (宙),2022-03-03,否,gigantømakhia|艾尔登法环|刀客塔拿书|kop3|faded|艾伦沃克|艾伦走路者|艾兰沃克|博士|gigantomakhia|费大|elden ring|alanwalker|老头环|艾鲁迪克|褪色者|博士读书|博士抱书|yoskip|巨人之战
1126,DX,躯樹の墓守,DX,MASTER,14+,14.9,211,UNiVERSE (宙),2022-02-10,否,躯樹の墓守|躯树の墓守|墓守|噔噔|🌳|树|守墓人|小红帽|躯树的墓守|红色羽毛球|洛茜|躯树|躯树墓守|蕾米坠机
1108,DX,Yorugao,DX,MASTER,14+,14.6,182,UNiVERSE (宙),2021-12-10,否,yorugao|犹如高|油乳膏|月光花|牙膏|夜颜|紫黑|有乳膏|牛肉干|有如皋|优乳膏
1096,DX,BLACK SWAN,DX,MASTER,14+,14.6,201,UNiVERSE (宙),2021-10-29,否,black swan|黑蒜|路西法|黑天鹅|黑色丝袜|神乐七奈|甘雨|布莱克死亡|香菇|黑丝袜|周黑鸭
1086,DX,Lia=Fail,DX,MASTER,14+,14.7,186,UNiVERSE (宙),2021-09-16,否,lia=fail|剑3|生煎3|命运之石|圣剑三|liafail|圣剑3|生煎三|l=f|福瑞3|lia=失败|蓝牙连接失败
1075,DX,脳天直撃,DX,MASTER,14+,14.6,145,UNiVERSE (宙),2021-09-16,否,脳天直撃|脑天直击|脑天直寄|头部受到打击|脑天|脑花|脑瘫直击|生鱼片蘸芥末|脑瘫至极
1055,DX,AMABIE,DX,MASTER,14+,14.6,190,Splash+ (煌),2021-06-25,否,amabie|没妈|阿妈别|阿妈比|abie|啊麻痹|阿玛别|啊妈逼
1011,DX,Heavenly Blast,DX,MASTER,14+,14.8,234,Splash+ (煌),2021-03-18,否,heavenly blast|😆|皇冠二|天暴|天堡|雪王|hb|天爆|跟你爆了|皇冠2|fd3|爆|ｏ(≧∇≦)ｏ|蜜雪冰城|球球|黑芝麻汤圆|汤圆
1010,DX,BREaK! BREaK! BREaK!,DX,MASTER,14+,14.6,165,Splash+ (煌),2021-03-18,否,break! break! break!|爆！爆！爆！|break|kop2|崩坏三|大b歌|破坏破坏破坏|绿绿绿|βββ|崩三|绝赞绝赞绝赞|3b|哔啵拜|爆爆爆|绝赞³|落落落|崩坏3|崩崩崩|bbb|break!break!break!|绝赞！绝赞！绝赞！|不不不|苹果苹果派|三个绝赞|仨绝赞|三绝赞|爆！|哔波掰哔波掰|break fast|全大p|全大癖|kop2020决赛曲
1004,DX,Regulus,DX,MASTER,14+,14.7,212,Splash (爽),2021-02-20,否,regulus|大奈子罗兰|真空旗袍|热咕噜|雷古勒斯|大欧派姐姐|白法院鬼叫|狮子座α|大扎修女|大萝莉|八云蓝|白法院|大奶子|女萝莉|如龙4|奶子很大|天界大奶|轩辕十四|巨乳|瑞咕噜|ysk扭大腚|大奈子姐姐
942,DX,封焔の135秒,DX,MASTER,14+,14.8,200,でらっくす+ (華),2020-08-07,否,封焔の135秒|激烈的战斗场面|封焰的135秒|大战老头|封焰的135|封焰135|老头大战少女|135|橘优羽|封烟|封焰的2分15秒|封焰|135秒|美国大选|间奏の135秒|琴柳大战赫拉格|机厅着火|夏天的机厅
913,DX,Valsqotch,DX,MASTER,14+,14.7,125,でらっくす+ (華),2020-02-14,否,valsqotch|征服|do_while|金色奶龙|别急7|kop1|迪拜熊|大金熊|熊大|熊熊|金库玛|银币|金色滴蜡熊|金熊|黄金滴蜡熊|世界华尔兹|金夏阳|黄金熊|黄金迪拉熊|金色迪拉熊|金迪拉熊|金熊惨案|ysk痛失首赢|kop2019决赛曲
889,DX,TEmPTaTiON,DX,MASTER,14+,14.7,160,でらっくす (熊),2019-12-13,否,temptation|小萝莉|百合咲|dy|小天使|塔铺忒深|引诱|mika|轻语|肯德基六翅桶|诱惑|百合咲低语|小萝莉的诱惑|百合咲mika|小萝莉耳语
879,DX,Titania,DX,MASTER,14+,14.6,212,でらっくす (熊),2019-10-24,否,titania|踢他奶|蓝毛萝莉|体坛|江江|江江比✌️|qqn比耶|天卫三|tinan|双色球|缇坦妮娅|踢他娘|✌|泰坦尼亚|江江比耶|✌🏻|✌️|☁🐼✌|蓝毛小萝莉|二氧化钛|踢她娘
839,STD,PANDORA PARADOXXX,STD,MASTER,14+,14.9,150,FiNALE (輝),2019-05-10,否,pandora paradoxxx|潘多拉|最水15|天苍苍野茫茫|天苍苍野茫茫风吹草低见牛羊|kop5决赛二号曲|随个15|潘|今日舞萌|kop5官方严选|100日元|天苍苍，野茫茫，风吹草低见牛羊|新手教程|噔噔|很急|推荐乐曲排行榜|舞状元|原神|水15|潘多拉悖论|xxx|pp|特朗普和黄仁勋拼机|我有玉玉症|天苍苍|潘多拉魔盒|我有抑郁症|15级吃分推荐榜1|最简单15|盘
838,STD,the EmpErroR,STD,MASTER,14+,14.8,240,FiNALE (輝),2019-05-10,否,the emperror|↗️↘️↗️|钢琴冒烟的艺术家|皇帝|两小儿跳棋|农夫山泉|emperror|跳棋|👫|跳一跳|vinta|siesta|东海帝皇|俩跳棋|电子脉冲错误|西瓜皮|nenene|爱神|怡宝和农夫山泉|锅盖头跳棋|电磁脉冲错误|皇|农夫山泉和怡宝|刘禹锡|the emperor|刘禹锡三年理白帝|我的苦爱
837,STD,雷切-RAIKIRI-,STD,MASTER,14+,14.6,165,FiNALE (輝),2019-04-11,否,雷切-raikiri-|噔噔噔噔|两把刀|影刃|纯粹的强大|地雷女切手手|梦想一心|雷切|你们怎么解读出我和他切割的
833,STD,QZKago Requiem,STD,MASTER,14+,14.8,257,FiNALE (輝),2018-12-18,否,qzkago requiem|茄子|巧克力大战香子兰|🍆|嵯峨大战凯尔希|茄子卡狗|猫中毒|哪吒大战敖丙|两只猫打架|茄|凯尔希大战嵯峨|白毛貓耳樣の敗北|猫猫打架|毒牛奶|猫咪打架|猫娘打架|假奶害死猫|安魂曲|羊村守护者11|w4喜羊羊对战彩框喜羊羊|喜洋洋与灰太狼|🍆💳🐶|喜羊羊vs暗黑喜羊羊|毒牛奶害人不浅|垃圾桶安魂曲|茄皇|mr为什么能自选两首|fantastic clear!|qz
832,STD,End Time,STD,MASTER,14+,14.7,180,FiNALE (輝),2019-06-07,否,end time|endtime|et|终时|伊岛|终焉时刻|最后的老时|终章|结束啦|终焉之时|终末之时
794,STD,TiamaT:F minor,STD,MASTER,14+,14.6,215,FiNALE (輝),2018-12-13,否,"tiamat:f minor|白豆|提亚马特|tfboys|黑神话|绝赞交互|猩猩歌|大猩猩|提提，提提提|手感提|猩猩比|提一提|黑神话悟空|m t:f|tiama t:fboys|🦍🦍,🦍🦍🦍|🦍|提亚玛特|tf|健身教练|泡泡玛特|ttf|猩手教程|提|提提，提提提！|猩猩|tf boys"
783,STD,怒槌,STD,MASTER,14+,14.8,200,MiLK+ (雪),2018-12-04,否,怒槌|怒锤|😡👊|该罚|愤怒的锤子|ikazuchi|努吹|梅西哥打交|怒捶|😡🔨|神之一锤
782,STD,SILENT BLUE,STD,MASTER,14+,14.8,210,MiLK+ (雪),2018-12-04,否,silent blue|水晶迪克|sb|↓↑|乙醇姬|色篮|静蓝|蓝绿|四块钱|默蓝|静谧的蓝|水神9
754,STD,larva,STD,MASTER,14+,14.8,202,MiLK+ (雪),2018-07-24,否,larva|蓝色尖锐湿疣|雪降雨|龟头结冰|岩浆|冰|拉完|神之震惊|辣蛙|拉瓦|幼虫|pupa2|源石虫|虫|＝⚡️★|萨菲|青泥石|区|蛆|说的道理
716,STD,Credits,STD,MASTER,14+,14.6,179,MiLK (白),2018-03-06,否,credits|信用卡|点数|可用点数|信誉|corporation|提供|🐘|信用|cooperation|学分|王一鑫|安眠曲|18118181181111|天气预报|制作组|末影珍珠
710,STD,Excalibur ～Revived resolution～,STD,MASTER,14+,14.8,200,MiLK (白),2018-02-20,否,excalibur ～revived resolution～|生煎2|圣剑2|圣剑二|福瑞2|生煎二|ex咖喱棒|福瑞跑步2
615,STD,Our Wrenally,STD,MASTER,14+,14.8,105,MURASAKi (紫),2017-01-24,否,our wrenally|魔法阿嬷|魔法阿妈|魔法阿嫲|白夏祭|魔法夏祭|里夏祭|ow|ena|别急加强版|别急9|夏祭|夏祭2|夏祭re:master|火女孩|临兵斗者皆阵列在前|守望先锋|高等数学|高数|阿嬷|ysk对母亲的崇高敬意
600,STD,Prophesy One,STD,MASTER,14+,14.6,120,PiNK+ (櫻),2016-11-17,否,prophesy one|预言1|预言一|芋圆|p1|小路|预言第一名
599,STD,AMAZING MIGHTYYYY!!!!,STD,MASTER,14+,14.7,185,PiNK+ (櫻),2016-11-17,否,amazing mightyyyy!!!!|！！！！|不可思议的大概概概概|恋爱裁判3|四个感叹号|惊异全能|am|恋爱裁判2|惊人强大|这么强？|惊人的强大|太神奇了，太强大了！|樱羽艾玛
565,STD,Glorious Crown,STD,MASTER,14+,14.8,225,PiNK (桃),2016-05-26,否,glorious crown|王冠|番茄炒蛋|👑|👑 🔴|fd2|gc|团子|荣耀的皇冠|cat^o^|皇冠|史莱姆皇帝|辉煌之冠
514,STD,ガラテアの螺旋,STD,MASTER,14+,14.6,200,ORANGE+ (暁),2015-06-25,否,ガラテアの螺旋|白洛轩|伽拉泰亚的螺旋|螺旋|ガラテアのにゃんこ|🌀|galatiaの螺旋|伽拉
483,STD,VERTeX,STD,MASTER,14+,14.7,237,ORANGE (橙),2014-11-26,否,vertex|🌊|芙卡洛斯|水神一|羽落心弦|水神1|芙宁娜|水神
297,DX/STD,ジングルベル,DX,MASTER,14+,14.6,100,FESTiVAL (祭),2015-03-19,否,ジングルベル|铃儿响叮当|别急15|标圣诞|圣诞歌|jingle bell|鸡公煲|圣诞树|🎄|圣诞|标准圣诞|dx圣诞|dx圣诞歌|dx鸡公煲
1803,DX,クロノイデア,DX,MASTER,14,14.3,190,CiRCLE+,2026-05-08,是,
1796,DX,Myosotis,DX,MASTER,14,14.5,160,CiRCLE+,2026-04-17,否,
1794,DX,ZEUS,DX,MASTER,14,14.3,180,CiRCLE+,2026-04-03,否,
1778,DX,AiAe,DX,MASTER,14,14.4,180,CiRCLE+,2026-03-19,否,
1776,DX,超ナイト・オブ・ナイツ,DX,MASTER,14,14,193,CiRCLE+,2026-03-19,否,
1766,DX,Galaxy Blaster,DX,MASTER,14,14.3,208,CiRCLE+,2026-03-19,是,
1764,DX,ソテリア,DX,MASTER,14,14.1,160,CiRCLE+,2026-03-19,是,
1760,DX,Daredevil Glaive,DX,MASTER,14,14.2,185,CiRCLE (丸),2026-03-05,否,
1733,DX,ヤミナベ!!!!,DX,MASTER,14,14.5,264,CiRCLE (丸),2025-12-24,否,
1732,DX,JINGLE DEATH,DX,MASTER,14,14.1,222,CiRCLE (丸),2025-12-24,否,
1730,DX,華天月兎,DX,MASTER,14,14.4,184,CiRCLE (丸),2025-12-12,是,
1729,DX,鬼女紅妖,DX,MASTER,14,14.1,165,CiRCLE (丸),2025-12-12,是,
1705,DX,るろうらんる,DX,MASTER,14,14.3,156,CiRCLE (丸),2025-10-03,否,
1704,DX,おべんきょうたいむ,DX,MASTER,14,14.1,165,CiRCLE (丸),2025-10-03,否,
1700,DX,Hurtling Boys,DX,MASTER,14,14.5,195,CiRCLE (丸),2025-09-26,否,hurtling boys|神之右手|大手|hb|猛冲男孩|超级大手
1692,DX,ニルヴの心臓,DX,MASTER,14,14.3,256,CiRCLE (丸),2025-09-18,否,
1691,DX,Eureka,DX,MASTER,14,14.1,150,CiRCLE (丸),2025-09-18,否,
1680,DX,Dazzle hop,DX,MASTER,14,14.2,220,CiRCLE (丸),2025-09-18,否,
1678,DX,殿ッ！？ご乱心！？,DX,MASTER,14,14.2,200,CiRCLE (丸),2025-09-18,是,
1674,DX,Retribution ～ Cycle of Redemption ～,DX,MASTER,14,14.4,112,PRiSM+ (彩),2025-09-05,否,
1660,DX,∀,DX,MASTER,14,14.3,245,PRiSM+ (彩),2025-08-01,否,
1656,DX,Ref:rain (for 7th Heaven),DX,MASTER,14,14,188,PRiSM+ (彩),2025-07-13,否,
1654,STD,AFTER PANDORA,STD,MASTER,14,14.2,85,PRiSM+ (彩),2025-07-13,否,
1649,DX,砂の函,DX,MASTER,14,14,180,PRiSM+ (彩),2025-07-11,否,
1648,DX,IMBRUED:FLUX,DX,MASTER,14,14.1,176,PRiSM+ (彩),2025-07-11,否,
1644,DX,JIGOKU STATION CENTRAL GATE,DX,MASTER,14,14,160,PRiSM+ (彩),2025-06-27,否,
1633,DX,MYTH Re：LEASE,DX,MASTER,14,14.5,202,PRiSM+ (彩),2025-05-30,否,
1631,DX,Destined Marionette,DX,MASTER,14,14.3,186,PRiSM+ (彩),2025-05-21,否,
1620,DX,忙シー日,DX,MASTER,14,14.2,150,PRiSM+ (彩),2025-05-09,否,
1615,DX,DATAERR0R,DX,MASTER,14,14,180,PRiSM+ (彩),2025-04-11,否,
1614,DX,Overjoy ★ OVERDOSE!!,DX,MASTER,14,14.2,143,PRiSM+ (彩),2025-04-11,否,
1600,DX,Synthesis.,DX,MASTER,14,14.1,180,PRiSM+ (彩),2025-03-13,否,synthesis.
1588,DX,Zitronectar,DX,MASTER,14,14.4,222,PRiSM+ (彩),2025-03-13,否,zitronectar
1574,DX,R'N'R Monsta,DX,MASTER,14,14.1,220,PRiSM (鏡),2025-02-07,否,r'n'r monsta|rnr
1566,DX,Abstruse Dilemma,DX,MASTER,14,14.5,216,PRiSM (鏡),2025-01-10,否,abstruse dilemma|ad|鸟屎2|摩耶|2112112
1560,DX,有明/Ariake,DX,MASTER,14,14.4,190,PRiSM (鏡),2024-12-20,否,有明/ariake|有明|冇明|紫门
1549,DX,HYP3RTRIBE,DX,MASTER,14,14.1,190,PRiSM (鏡),2024-12-06,否,hyp3rtribe|hypertribe
1536,DX,Deicide,DX,MASTER,14,14.4,163,PRiSM (鏡),2024-10-25,否,deicide|弑神者|弑神|decide
1520,DX,Chronomia,DX,MASTER,14,14.2,227,PRiSM (鏡),2024-09-12,否,chronomia|天文钟
1510,DX,美夜月鏡,DX,MASTER,14,14.1,164,PRiSM (鏡),2024-09-12,否,美夜月鏡|美夜月镜
1509,DX,Elemental Ethnic,DX,MASTER,14,14.2,163,PRiSM (鏡),2024-09-12,否,elemental ethnic|狗叫机关枪|机枪肌肉男|机关枪
1508,DX,184億回のマルチトニック,DX,MASTER,14,14,184,PRiSM (鏡),2024-09-12,否,184億回のマルチトニック|184亿|184|184亿回|184亿次的multi-tonic|184亿次的振奋人心|18400000000
1505,DX,Ai C,DX,MASTER,14,14,191,BUDDiES+ (宴),2024-08-30,否,ai c|aic|艾草|挨草|爱丽丝的摇篮
1496,DX,RondeauX of RagnaroQ,DX,MASTER,14,14.5,185,BUDDiES+ (宴),2024-08-02,否,rondeaux of ragnaroq|灵珠大战魔丸|ror|诸神黄昏的回旋曲|灵珠魔丸|rxrq|诸神黄昏交响曲
1489,DX,QUATTUORUX,DX,MASTER,14,14.5,220,BUDDiES+ (宴),2024-07-11,否,quattuorux|300绝赞|绝赞300|三百绝赞|300颗够吗|aaa绝赞批发|lk2|夸戳|夸脱|猫猫一打二|quat|quattro|完
1487,DX,ミラクルポップ☆アドベンチャー!!!!!,DX,MASTER,14,14.2,180,BUDDiES+ (宴),2024-07-05,否,ミラクルポップ☆アドベンチャー!!!!!|大奈子芙宁娜|大奶子芙宁娜|炫彩芙宁娜|芙宁娜高超|巨如芙宁娜|芙宁娜高潮|巨乳芙宁娜|大奶芙宁娜|彩色芙宁娜|miracle pop adventure|芙宁娜
1483,DX,DEVOTION,DX,MASTER,14,14.3,167,BUDDiES+ (宴),2024-06-21,否,devotion|虔诚|热爱|献身|挚爱
1477,DX,INFiNiTE ENERZY -Overdoze-,DX,MASTER,14,14,180,BUDDiES+ (宴),2024-06-07,否,infinite enerzy -overdoze-|ieo|坟头自拍|坟前|坟头拍照|坟前自拍|无限力量依赖|🧺子|无限能量|am2
1466,DX,Bloody Trail,DX,MASTER,14,14.5,195,BUDDiES+ (宴),2024-05-10,否,bloody trail|血迹|贝利亚|血痕|血腥之路|血路
1464,DX,勦滅,DX,MASTER,14,14.2,150,BUDDiES+ (宴),2024-05-10,否,勦滅|剿灭|动减|勤减|明日方舟|苍蝇|1800合成玉|trg溜大冰|原型黑姬
1458,DX,ouroboros -twin stroke of the end-,DX,MASTER,14,14.5,188,BUDDiES+ (宴),2024-04-12,否,ouroboros -twin stroke of the end-|衔尾蛇|我们的菠萝
1431,DX,MarbleBlue.,DX,MASTER,14,14.5,198,BUDDiES+ (宴),2024-03-21,否,marbleblue.|妈宝蓝
1429,DX,QuiQ,DX,MASTER,14,14.4,120,BUDDiES+ (宴),2024-03-21,否,"quiq|qq|哈基q|赫拉3|快克|上早八|堵门起晚了|牛奶猫迟到|早八|早八迟到|白猫良弹|睡觉|rush q|牛奶猫睡觉|早八要迟到了|qwq|出勤迟到|咪露库睡大觉|7-2b,7/3b|牛奶快跑|猫娘睡觉|就睡五分钟|说好和朋友去堵门的你|hera3|登录二维码刷地铁|你跑不过我你信不信"
1419,DX,WE'RE BACK!!,DX,MASTER,14,14,185,BUDDiES (双),2024-02-29,否,we're back!!|我们回来了|我们是背|weareback
1418,DX,インパアフェクシオン・ホワイトガアル,DX,MASTER,14,14.2,207,BUDDiES (双),2024-02-29,否,インパアフェクシオン・ホワイトガアル|文学少女|不完美少女|月乃|不完美白色女孩|霸道总裁爱上我|不完美的白色少女|不完美的白之少女|不完美的白色女孩|白女|冴川芽依|女孩看书
1412,DX/STD,渦状銀河のシンフォニエッタ,STD,MASTER,14,14.3,238,BUDDiES (双),2020-08-07,否,渦状銀河のシンフォニエッタ|标抽水马桶|标银河|标马桶|标涡状银河|涡状银河交响曲|涡状马桶|涡状银河|抽水马桶|银河|涡状台风|冲水马桶|马桶|🚽|涡状伊岛|涡状银河的小交响曲|漩涡马桶
1408,DX,The Great Banquet,DX,MASTER,14,14,170,BUDDiES (双),2024-02-02,否,the great banquet|盛大宴会|tgb|伟大的宴窝|宴会|盛宴
1378,DX,天使光輪,DX,MASTER,14,14.4,203,BUDDiES (双),2023-11-10,否,天使光輪|天使光轮|光轮|天使金轮
1373,DX,Energizing Flame,DX,MASTER,14,14.4,201,BUDDiES (双),2023-10-20,否,energizing flame|能量火焰|瑞文皇帝2|粉色机娘|特蕾西娅|粉红机娘|机娘3|钢铁机娘2|ef|能量火|激励火焰|激发火焰
1345,DX,GEOMETRIC DANCE,DX,MASTER,14,14.4,150,BUDDiES (双),2023-09-14,否,geometric dance|gd|几何跳舞|几何舞蹈|几何之舞|几何舞
1344,DX,SQUAD-Phvntom-,DX,MASTER,14,14.3,200,BUDDiES (双),2023-09-14,否,squad-phvntom-|丝瓜|sp|quaso|战术小队|幻影小队|squad|幽灵小队|丝瓜饭桶
1343,DX,Party☆People☆Princess,DX,MASTER,14,14.3,152,BUDDiES (双),2023-09-14,否,party☆people☆princess|ppp|3p|party people princess|派对人们公主|破琵琶|女同20|党人民公主
1342,DX,Horoscope Express,DX,MASTER,14,14,236,BUDDiES (双),2023-09-14,否,horoscope express|星际特快|he|像素三小只|星座快讯|horoscope|观星列车|星座快递|快递
1338,DX,PUPA,DX,MASTER,14,14.4,202,BUDDiES (双),2023-09-14,否,pupa|🦋|蓝的蝶|拉瓦2|大蓝闪蝶|噗趴|蝶魔王|噗啪|扑爬|东方树叶茉莉花茶|蝴蝶|公交车|蓝蝴蝶|隐形的翅膀|扑棱蛾子
1327,DX,地球,DX,MASTER,14,14.3,79,FESTiVAL+ (祝),2023-08-04,否,地球|神曲|立秋窜稀|奶龙|🌍|dq|立秋发癫|屌你|💩|79bpm
1323,DX,Vallista,DX,MASTER,14,14,180,FESTiVAL+ (祝),2023-07-21,否,vallista|瓦里斯塔
1321,DX,ULTRA SYNERGY MATRIX,DX,MASTER,14,14,160,FESTiVAL+ (祝),2023-07-07,否,ultra synergy matrix|usm|手撕猫娘|esm2|usm跑|兄弟拼机吗|esm加大版|恐龙不顺拐
1299,DX,BULK UP (GAME EXCLUSIVE EDIT),DX,MASTER,14,14.2,200,FESTiVAL+ (祝),2023-04-28,否,bulk up (game exclusive edit)|三千快乐曲|bulkup|bulk up|bulk
1296,DX,Cthugha,DX,MASTER,14,14.2,213,FESTiVAL+ (祝),2023-04-14,否,cthugha|火球|火神2|火神|大火球|🎃|炎头|古神|克图格亚|赛图格亚|南瓜头|岩浆怪
1295,DX,僕の和風本当上手,DX,MASTER,14,14,120,FESTiVAL+ (祝),2023-04-14,否,僕の和風本当上手|上天|bokuno和风本当上手|我的和风非常厉害|和风|本当上手|和风本当上手|僕の日本语本当上手|唢呐|上手|我的和风真的熟练
1274,DX,FLUFFY FLASH,DX,MASTER,14,14.4,252,FESTiVAL+ (祝),2023-03-23,否,fluffy flash|ff14|福利闪光|结城莉玖|ff|绒闪
1269,DX,Trrricksters!!,DX,MASTER,14,14.3,155,FESTiVAL+ (祝),2023-03-23,否,trrricksters!!|黄泉盟主|trrr|tricksters|trr|羊角人
1262,DX,最強STRONGER,DX,MASTER,14,14.5,205,FESTiVAL (祭),2023-03-02,否,最強stronger|最屎shitter|血魔王|最强|最强stronger|最弱weaker|塔诺西|最强2|saikyo stronger|？！强强！？|最强霸者
1261,DX,Aegleseeker,DX,MASTER,14,14.5,234,FESTiVAL (祭),2023-03-02,否,aegleseeker|🧐|光追|追光|rtx|拉格兰|光锥|间奏8秒|追光者
1254,DX,"""411Ψ892""",DX,MASTER,14,14.3,184,FESTiVAL (祭),2023-02-03,否,"""411ψ892""|411👅892|985211|411|三叉戟|411ψ892|411892|211985|211屮985"
1252,DX,Beat Opera op.1,DX,MASTER,14,14,145,FESTiVAL (祭),2023-02-03,否,beat opera op.1|歌剧1|op|甘雨鬼叫|op1|甘雨
1250,DX,Hainuwele,DX,MASTER,14,14.3,175,FESTiVAL (祭),2023-01-20,否,hainuwele|华为|华为完了|nova11se|huawei
1249,DX,電光石火,DX,MASTER,14,14.3,165,FESTiVAL (祭),2023-01-20,否,電光石火|电光石火|妖艳魔男2|电光火石|🤨|俄洛伊
1234,DX/STD,VIIIbit Explorer,STD,MASTER,14,14.5,188,FESTiVAL (祭),2021-07-21,否,viiibit explorer|标准浏览器|标准8bit|标准八比特|8bit|8比特|标巴比特|八位探索者|八比特|标8bit|5*8-30/2+3bit|8bit浏览器|八比特管理器|8比特浏览器|巴比特|八比特浏览器|海葵姐|浏览器|大手子|dx八比特|dx8bit
1233,DX,VSpook!,DX,MASTER,14,14.3,155,FESTiVAL (祭),2022-11-18,否,vspook!|🐖|vspook|debi|vs猪肉|打扑克|vspork|花火|大战猪肉|黑姬3|对战猪肉|🐷|对战熟猪排|猪|猪肉|脸书|对决猪肉
1232,DX,#狂った民族２ PRAVARGYAZOOQA,DX,MASTER,14,14.4,170,FESTiVAL (祭),2022-11-18,否,#狂った民族２ pravargyazooqa|狂民族2|Progynova|机娘2|最狂民族风|汉堡包|🍔|疯狂的民族2|汉堡|狂民族|最炫民族风|250绝赞|二百五十个绝赞
1229,DX,Rising on the horizon,DX,MASTER,14,14.4,200,FESTiVAL (祭),2022-11-10,否,rising on the horizon|horizon|roth|玛丽萨默斯|地平线|kop4th预选曲|飞上地平线
1223,DX,SUPER AMBULANCE,DX,MASTER,14,14.3,200,FESTiVAL (祭),2022-10-21,否,super ambulance|120|千夏肚脐眼|千夏开大|俺不能死|救护车|超级救护车|🚑|超级小千夏|日向千夏
1217,DX,Luminaria,DX,MASTER,14,14,227,FESTiVAL (祭),2022-09-22,否,luminaria|露米娅|水神6|海晶灯|流明|鹿米
1214,DX,田中,DX,MASTER,14,14.3,186,FESTiVAL (祭),2022-09-15,否,田中|tanaka
1206,DX,Don't Fight The Music,DX,MASTER,14,14.1,195,FESTiVAL (祭),2022-09-15,否,don't fight the music|憋打歌|刹那立正|小气走|别打音乐|不要打歌|别打歌|刹那|宵崎奏|刹那赢冰箱|是我在制作这些视频|赢取冰箱|不好导弹来袭|不要战斗这音乐|不准打歌|不准揍乐
1205,DX,蜘蛛の糸,DX,MASTER,14,14.2,180,FESTiVAL (祭),2022-09-15,否,蜘蛛の糸|四百块|蜘蛛系|蜘蛛的丝|滴嘟丝|蜘蛛丝|蜘蛛的糸|spider’s thread|🕸️|spider's thread|不来方永爱|蜘蛛之丝
1202,DX,Tricolor⁂circuS,DX,MASTER,14,14,180,FESTiVAL (祭),2022-09-15,否,tricolor⁂circus|龙晖胞|tricolor circus|三个出生|三色马戏团|福瑞三小只|福瑞过节|三只福瑞过节
1198,DX,エータ・ベータ・イータ,DX,MASTER,14,14.1,186,UNiVERSE+ (星),2022-09-02,否,エータ・ベータ・イータ|hera2|eta beta ita|赫拉2|蓝原椿|赫拉二|工一夕八一夕人一夕|咱家那超级大串|工一夕|ἥβη
1176,DX,Sage,DX,MASTER,14,14.5,145,UNiVERSE+ (星),2022-06-24,否,sage|世嘉|撒歌|贤者|sega|sabe|圣人|撒给|萨格|圣徒
1173,DX,Swift Swing,DX,MASTER,14,14.3,150,UNiVERSE+ (星),2022-06-24,否,swift swing|迪拉熊跳舞|他们是经理|滴蜡熊爱跳舞|海澜之家|迪拉熊热舞|滴蜡熊热舞|白铜寺拉小提琴|荡秋千|ss2|五熊扛鼎
1169,DX,N3V3R G3T OV3R,DX,MASTER,14,14.3,128,UNiVERSE+ (星),2022-05-27,否,n3v3r g3t ov3r|永不结束|别急19|永远不过|never get over|3炸|四个三|别急18|双枪老太婆|ngo|n3|3333|天河区
1166,DX,HECATONCHEIR,DX,MASTER,14,14.1,155,UNiVERSE+ (星),2022-05-27,否,hecatoncheir|百足巨人|MysteryPrism|百手巨人|摆臂巨人|百臂巨人|捅椅子|heca|他猫上椅子
1163,DX,Mjölnir,DX,MASTER,14,14.4,222,UNiVERSE+ (星),2022-05-13,否,mjölnir|打火机|钢琴|冒烟钢琴|雷神之锤|mjolnir|mjo|钢琴冒烟|砸钢琴|炸琴|钢琴抽烟|喵喵锤|mjr|喵喵槌|麻将|管子冒烟|脆脆薯条|管子海|钢琴抽大烟|🎹💨|钢琴冒火|翠翠薯条
1160,DX,Love's Theme of BADASS ～バッド・アス 愛のテーマ～,DX,MASTER,14,14.1,202,UNiVERSE+ (星),2022-05-13,否,love's theme of badass ～バッド・アス 愛のテーマ～|猫抓板|拔大蒜|僵尸骑摩托|拔大葱|绿巨人骑摩托车|扒大蒜|哥布林骑摩托|badass|坏屁股|干打雷|恶尻|马达加斯加|爱的主题坏屁股|小绿人
1156,DX,BLUE ZONE,DX,MASTER,14,14.1,168,UNiVERSE+ (星),2022-04-28,否,blue zone|蓝粽|蓝得盆|蓝的盆|极品飞车|蓝界|蓝色高级车|蓝的区|蓝车|蓝的车|飞车|蓝区
1152,DX,otorii INNOVATED -[i]3-,DX,MASTER,14,14.5,210,UNiVERSE+ (星),2022-04-01,否,otorii innovated -[i]3-|电刑|熊二|雷电法王|雷熊|囚徒|紫色滴蜡熊|i3|闪电熊|⚡🐻|电熊|电所有人前列腺|大鸟居|电你前列腺|电击前列腺|耳机漏电|特大迪拉熊
1143,DX,"Good bye, Merry-Go-Round.",DX,MASTER,14,14.1,185,UNiVERSE+ (星),2022-03-24,否,"good bye, merry-go-round.|龙图|goodbye,mother-not-found|good bye, mothre-not-found|旋转mua|再见，旋转木马|白人掐腰|旋转木马|再见旋转木马|🐴|🐎|旋转古神|木马|江南style|🔁🌲🐴|阿尼娅|good bye, mother-not-found.|🎠|再见转圈圈|good bye, mother-not-found|杩|good bye merry go round|日向千夏|旋转木妈|千夏叉腰"
1141,DX,Strive against fate,DX,MASTER,14,14.5,209,UNiVERSE+ (星),2022-03-24,否,strive against fate|saf|红剑|反抗命运|抗争命运|fate|抗命|对抗命运|电风扇|对抗尸体|抵抗命运
1140,DX,パラマウント☆ショータイム！！,DX,MASTER,14,14,222,UNiVERSE+ (星),2022-03-24,否,パラマウント☆ショータイム！！|paramount showtime|至高的表演时间|魔术兔|瑞秋|魔术兔子|霜星|showtime|paramount|小兔子|兔子魔术师|兔子|至高表演时间|表演时间|礼帽兔子
1137,DX/STD,Halcyon,STD,MASTER,14,14.3,191,UNiVERSE+ (星),2019-07-19,否,halcyon|翡翠鸡|sd🐔|翡翠鸟|标准翡翠鸡|标翡翠鸡|静谧之鸟|翡鸡杯|脆皮鸡|dx翡翠鸡|浅鸽处刑曲|🐔
1135,DX,スピカの天秤,DX,MASTER,14,14.4,252,UNiVERSE (宙),2022-03-11,否,スピカの天秤|黑化希望泪|希望泪2|交流电电棍|绝望泪|心灵终结|天秤|这个需要你自己衡量|天平
1125,DX,Trick tear,DX,MASTER,14,14.4,222,UNiVERSE (宙),2022-02-10,否,trick tear|诈泪|诡泣|次元裂缝|tt|被骗哭了|欺诈泪|欺骗泪|诡泪|诡计之泪|诡计泪
1119,DX,Falsum Atlantis.,DX,MASTER,14,14.5,160,UNiVERSE (宙),2022-01-14,否,falsum atlantis.|艾伦走路人|亚特兰提斯|在海下面在海下面|虚伪的亚特兰蒂斯|亚特兰蒂斯|皇城刹那|刹那下海|水神8|fa|刹那
1115,DX/STD,Destr0yer,STD,MASTER,14,14.2,90,UNiVERSE (宙),2019-07-11,否,destr0yer|——口|destr🦌yer|标准d0|别急10|消除男|----------☀️◻|标d0|驱逐舰|神父|毁灭者|d0|终极闪光|方块头|destroyer|削除射线|削除光线|削除|界限突破|毁灭方块人|null|dx削除射线|一一一一一口|破坏者
1109,DX,U&iVERSE -銀河鸞翔-,DX,MASTER,14,14.3,140,UNiVERSE (宙),2021-12-16,否,u&iverse -銀河鸞翔-|银河鸾翔|银河鸞翔|鸾翔|金典有机奶|u&amp;iverse -銀河鸞翔-|3d白猫|银河拉翔|银河翱翔|universe|银河乱翔|银河飞翔|金牛奶|银河|银河卵翔|kop3rd预选曲|银河护卫队|😫|milk走路人
1107,DX,Raven Emperor,DX,MASTER,14,14.5,205,UNiVERSE (宙),2021-12-10,否,raven emperor|秦皇岛|大奶子眼镜妹|鸦皇|瑞文米条|raven|瑞文皇帝|渡鸦皇帝|锐雯皇帝|羽毛笔皇帝|瑞文|渡鸦之皇
1106,DX,Alcyone,DX,MASTER,14,14,176,UNiVERSE (宙),2021-12-10,否,alcyone|昴宿六|古希腊掌管反手交互的神|alc|凯尔希|高丽
1097,DX,星詠みとデスペラード,DX,MASTER,14,14,182,UNiVERSE (宙),2021-10-29,否,星詠みとデスペラード|星之咏唱者与亡命之徒|星咏|星诵
1083,DX,竹,DX,MASTER,14,14.2,150,UNiVERSE (宙),2021-09-16,否,竹|take|🎍|↑↓|ta↓ke↑|bamboo
1081,DX,デッドマンズバラッド,DX,MASTER,14,14.2,300,UNiVERSE (宙),2021-09-16,否,デッドマンズバラッド|恋尸癖|僵尸|死人的歌谣|散华礼弥|僵尸妹|亡者情歌|死人的叙事诗|deadman's ballad|bpm300|僵尸初音|僵尸娘|呜哇呜哇
1079,DX,NAGAREBOSHI☆ROCKET,DX,MASTER,14,14.1,216,UNiVERSE (宙),2021-09-16,否,nagareboshi☆rocket|流星火箭|火箭|那旮热博士|火箭猫猫|福瑞火箭|火箭福瑞|火箭猫|梅干茶渍|飞天兽太|小羊|像素猫猫
1074,DX,宿星審判,DX,MASTER,14,14.3,189,UNiVERSE (宙),2021-07-30,否,宿星審判|审判|宿星|奏明天空|宿暗示|曹逸凡|星怒审判|雷电法王|竹雨|爱蜜莉雅|大慈树王|纳希坦|纳西妲|原神草神|宿星审判|宿
1072,DX,MEGATON BLAST,DX,MASTER,14,14.3,194,Splash+ (煌),2021-09-03,否,megaton blast|百万吨爆炸|华尔兹2|mb|威震天爆炸|早濑优香|高濑梨绪|mfy|核爆|百万吨爆|优香|体操服优香
1061,DX,ほしぞらスペクタクル,DX,MASTER,14,14.4,200,Splash+ (煌),2021-07-21,否,ほしぞらスペクタクル|星空奇观|水母姐|珊瑚宫心海|水母娘|水母|巫贼|水母妹|星球妹|奏音|星际奇观
1060,DX,Starry Colors,DX,MASTER,14,14,177,Splash+ (煌),2021-07-21,否,starry colors|星彩|魔爪|星色|斯大林格勒|星之彩
1047,DX,チエルカ／エソテリカ,DX,MASTER,14,14.3,205,Splash+ (煌),2021-05-28,否,チエルカ／エソテリカ|探寻秘密|千工儿力|呐呐呐|呐呐呐呐|呐|擦玻璃|捏|铅汞|倒挂金钩|企鹅卢卡|黄鼠狼|探寻/秘密|消防员|宫下游|倒挂白毛|4/5|倒立消防员|渊下宫|若叶睦|摔倒|条形码|工力工力|チエルカ|cerca/esoterica|小绿人
1032,DX,CO5M1C R4ILR0AD,DX,MASTER,14,14.4,155,Splash+ (煌),2021-04-16,否,co5m1c r4ilr0ad|514|⭐️奴|cosmic railroad|银河铁路|星怒铁道|宇宙铁路|水晶火车|银河铁道|星奴|火车头|星铁|宇宙铁道|星穹轨道|宇宙泥头车|railroad|雷切2|银河列车|五氧化碳|星穹铁道|崩坏星穹铁道|5140|铁路|co5
1023,DX,Re：End of a Dream,DX,MASTER,14,14.4,212,Splash+ (煌),2021-03-18,否,re：end of a dream|re:end of dream|梦终|美女背靠背|百合|幻梦|re|梦结束|梦的终点|完梦|终梦|俩女人|女同4|reend
1015,DX,Xenovcipher,DX,MASTER,14,14.3,210,Splash+ (煌),2021-03-18,否,xenovcipher|冰火人|离神|远古巫灵|星召起飞|异种密码|泽拉斯|棺材板|终极猎手|小蓝人
1009,DX,Desperado Waltz,DX,MASTER,14,14.2,172,Splash (爽),2021-03-04,否,desperado waltz|华尔兹|第三只手|华二|安塞腰鼓|亡徒华尔兹|噔噔噔|打鼓的小女孩
1006,DX,BIRTH,DX,MASTER,14,14.5,176,Splash (爽),2021-02-19,否,birth|出生
1005,DX,ワンダーシャッフェンの法則,DX,MASTER,14,14.1,170,Splash (爽),2021-02-19,否,ワンダーシャッフェンの法則|创造奇迹的法则|百合咲|炼铜法则|小萝莉法则|六翅一桶|小百合咲|小萝莉2|百合咲2|小扎萝莉|奇迹法则|萝莉棋法则|法则|萝莉法则
995,DX,Grievous Lady,DX,MASTER,14,14.2,210,Splash (爽),2021-01-08,否,grievous lady|老弱病残女|痛苦的女士|生病的女人|病女|对立|gl|有病的女士|对立拉窗帘|伞对立
990,DX,Climax,DX,MASTER,14,14.3,190,Splash (爽),2020-12-25,否,climax|犀利麦克斯|犀利马克思|妖艳魔男|squirt|我有很多手指|阿莱乌斯|🐍🐳|魔男|高潮|stop play maimai
989,DX,YURUSHITE,DX,MASTER,14,14.4,270,Splash (爽),2020-12-25,否,yurushite|逢坂茜|灼眼的夏娜|红酒杯|二郎腿|原谅我|犹如屎|黄鱼|犹如史|回娄底|萝莉喝酒|萨塔妮亚|萨塔妮娅|摇晃的红酒杯|红酒|杰斯顿|火神青春版|yuru****e|🍷|娄底人|匹诺康尼|原谅
974,DX,Mutation,DX,MASTER,14,14,155,Splash (爽),2020-10-16,否,mutation|木他神|仁王|变种|变化|mocation|突变|变异|木忒行|木糖醇|mtt
970,DX,"≠彡""/了→",DX,MASTER,14,14.4,222,Splash (爽),2020-10-01,否,"≠彡""/了→|绝赞熊|太空熊|机密a|宇宙迪拉熊|熊二|キミツアー|≠|kimitour|秘密计划A|三了|火箭熊|キミツア|绝赞天堂|星际传奇|→|心肺功能检查|不等于三引号斜杠了左箭头|立了|你跌来了|太空迪拉熊|你爹来咯"
965,DX,felys -final remix-,DX,MASTER,14,14.4,180,Splash (爽),2020-09-17,否,felys -final remix-|风流韵事|飞叶子|开花歌|felys|非礼死|风流原神|fely|飞雷神|凤梨酥|菲利斯|菲莉丝|核艺味
964,DX,"Sqlupp (Camellia's ""Sqleipd*Hiytex"" Remix)",DX,MASTER,14,14.5,154,Splash (爽),2020-09-17,否,"sqlupp (camellia's ""sqleipd*hiytex"" remix)|sqlupp|手速疯批|色情撸屁屁|色情撸pp|失去了屁屁|孽蜥|色情露屁屁|帅气露屁屁|涩情撸屁屁|酥妻露屁屁"
962,DX,BATTLE NO.1,DX,MASTER,14,14.5,200,Splash (爽),2020-09-17,否,battle no.1|战斗，爽！|一战|聚众斗殴|战地一|战地1|tanoc|好多人|阿莫阿莫|打胶第一名|战斗爽|第一战|缝合怪|干架第一名|第一名|音游难忘今宵|14个男人|打架第一|打架第一名
955,DX,ARAIS,DX,MASTER,14,14.4,180,Splash (爽),2020-09-17,否,arais|鸟加鸟加|海玲|阿赖斯|阿瑞斯|鸟人|八幡海铃
929,DX,Maboroshi,DX,MASTER,14,14.2,190,でらっくす+ (華),2020-06-11,否,
921,DX,STEEL TRANSONIC,DX,MASTER,14,14.3,236,でらっくす+ (華),2020-03-19,否,steel transonic|钢铁音速|钢铁回音|超音速钢|粉毛机甲|机甲娘|st|刚铁鸡娘|超音钢|钢铁超音速|🐔|钢铁机姬|钢铁机娘|机娘|钢铁鸡娘|粉红机娘|红色有角三倍速|钢跨音速|粉毛机娘|铁音速
897,DX,UniTas,DX,MASTER,14,14.4,205,でらっくす+ (華),2020-01-23,否,unitas|吉他女神|电吉他|吉他神|吉他姐|油腻汰渍|有你他死
890,DX,アポカリプスに反逆の焔を焚べろ,DX,MASTER,14,14.5,222,でらっくす (熊),2019-12-13,否,アポカリプスに反逆の焔を焚べろ|于启示录上燃烧的叛逆火焰|反逆|apocalypse rebellious|在启示录上点燃叛逆的火焰|反逆焰
836,STD,FFT,STD,MASTER,14,14,180,FiNALE (輝),2019-03-08,否,fft|喜报|傅立叶快速变换|快速傅立叶变换|沙发太撸管|福费廷|傅立叶转换|傅立叶|ttf|粪粪掏|狒狒踢|芳芳痛|傅里叶变换|傅里叶|埃夫爱妇踢|狒狒头|傅立叶变换|发发图|快速傅里叶变换|付费通|大灵通|扶扶她|fast fourier transform
835,STD,Alea jacta est!,STD,MASTER,14,14.4,162,FiNALE (輝),2019-02-07,否,alea jacta est!|魂5|avemujica|黑人击剑|🤺|木已成舟|骰子已经掷下|宝可梦剑盾|aj|农具打架|求求你们不要再打啦|科比肘击詹姆斯|骰子已被掷下|孤注一掷|击剑|2025春晚|种植园纷争|黑人打架|aje|打架|种植园纠纷|黑人打胶|🗿|白人打架|种植园争端|你们不要再打辣|覆水难收|破釜沉舟
834,STD,Schwarzschild,STD,MASTER,14,14.3,188,FiNALE (輝),2019-01-11,否,schwarzschild|s属性爆发|火娃|黑斜塔|长香水|黑臭火|漆黑之盾|四川火娃|🔥🐸|四川白娃|schw|史瓦西|黑色小孩|暗黑之盾|黑香水|黑盾|四川香水|水神10|烓|四川火娃弱智齿轮队|香水2
809,STD,B.M.S.,STD,MASTER,14,14.2,200,FiNALE (輝),2019-02-07,否,b.m.s.|抱猫神|披萨|bms|达美乐披萨|冰美式|光吉猛修他爹|光吉|光吉猛修的爹
807,STD,魔法少女になるしかねぇ,STD,MASTER,14,14,165,FiNALE (輝),2019-02-07,否,魔法少女になるしかねぇ|脏|马猴烧酒|只好成为魔法少女了|魔法少女
792,STD,Scarlet Lance,STD,MASTER,14,14.2,185,FiNALE (輝),2018-12-13,否,scarlet lance|麒麟X夜刀|红烧狮子头|朗基努斯之枪|红色紧身裤|狗含剑|红叉|火枪|斯卡雷特开源|红枪|叉子|朗基努斯枪|斯卡雷特开元|狗罕见|苍响|红温叉子|狗叼戟
791,STD,極圏,STD,MASTER,14,14.4,207,FiNALE (輝),2018-12-13,否,極圏|sdvx|極圈|急圈|🐔⭕|极圈|只因圈|寄圈|🐔⭕️|鸡圈|肌肉奶龙|鸡犬
777,STD,花と、雪と、ドラムンベース。,STD,MASTER,14,14.3,180,MiLK+ (雪),2018-11-06,否,花と、雪と、ドラムンベース。|雪鸡|花雪一堆日本字|冬之花|别急6|花😋、雪🤤、😘😨🥵🤢😈🤣😅。|四月的雪|舞萌金曲|快慢刀|🌸❄️|六块钱|🌸1⃣️🛞|花一轮|雪球|花雪|昭和金曲|花，雪和bass|花花花花花花一轮|🌸①🛞|间奏9秒|昭和女人|ktv金曲
774,STD,FREEDOM DiVE (tpz Overcute Remix),STD,MASTER,14,14.1,234,MiLK+ (雪),2018-10-25,否,freedom dive (tpz overcute remix)|大陆首杀|丛雨|↓|自由落体|牢大坠机|fdfd|自由戴夫|234.56|科比|23456|fd|发癫|fdmm|freedom dive|自由潜水|自由坠机↓↓↓|2310
765,STD,Ragnarok,STD,MASTER,14,14.1,184,MiLK+ (雪),2018-09-18,否,ragnarok|诸神黄昏|黄昏|太空车
762,STD,Xevel,STD,MASTER,14,14.3,176,MiLK+ (雪),2018-09-04,否,xevel|邪恶vel|宵崎奏|女人唱歌男人死|健身房|女鬼小气走|黑白双gay|希尔薇|累死人不偿命|叉evel|苦命鸳鸯|希沃
758,STD,初音ミクの激唱,STD,MASTER,14,14.5,200,MiLK+ (雪),2018-08-09,否,初音ミクの激唱|鸡场|初音未来的激唱|🐔🎤|姬昌|机场|激唱|大葱天使|暴走p的激唱
745,STD,World Vanquisher,STD,MASTER,14,14.3,170,MiLK+ (雪),2018-06-21,否,world vanquisher|mother vanquisher|金手指|😎👆|奶龙征服者|wv|世界征服者|🤓☝️|手感噔噔|中二谭|春晚2|噔噔噔噔噔|世征|春晚机器人|三点饮茶|威猛先生|秧歌bot|春晚机器人舞|☝️|林楠|🤓☝|🤓👆|中二送披萨|🤓☝🏻|2025春晚|我的碗筷洗
734,STD,Justified,STD,MASTER,14,14,185,MiLK (白),2018-05-22,否,justified|正义|梅西大战科比|牌佬打架|红蓝对决|森林冰火人|哪吒大战敖丙|一半敖丙一半哪吒
728,STD,エンドマークに希望と涙を添えて,STD,MASTER,14,14.3,257,MiLK (白),2018-04-24,否,エンドマークに希望と涙を添えて|筋肉女神|梦泪|希望泪|🙂|为结局添上希望与泪水|希望累|梦之泪伤
715,STD,麒麟,STD,MASTER,14,14.1,220,MiLK (白),2018-03-06,否,麒麟|kirin|🦌|🦒|70|长颈鹿|鬣狗|星召跳劈|骑0|淇淋|鹿
709,STD,もうみんなしねばいいのに,STD,MASTER,14,14,180,MiLK (白),2018-02-06,否,もうみんなしねばいいのに|全灭|如果大家都趋势了就好了|去死吧|如果大家都死了就好了|全寄|团灭|如果大家都似掉就好了|如果大家都似了就好了|趋势|大家死了好|大家都去死|水桥帕露西|帕露西|大家都死了|大家一起死|大家去死|大家都死了就好了
688,DX/STD,Calamity Fortune,STD,MASTER,14,14.2,200,MURASAKi+ (菫),2017-12-05,否,calamity fortune|常发|卡拉米提佛纯|穿越火线|标cf|早苗教你画星星|leaf教你画星星|标准cf|灾厄命运|sdcf|小鸟游没几几|cf|dxcf|东风谷早苗|风神录五面道中
682,STD,幸せになれる隠しコマンドがあるらしい,STD,MASTER,14,14,142,MURASAKi+ (菫),2017-11-21,否,幸せになれる隠しコマンドがあるらしい|幸隐|结月流汗|似乎有着能够变得幸福的隐藏指令|↓→↑→→↓→→↑↑↓↓←→←→|紫砂|视力检测|→↓↑→→↓→→↑↑↓↓←→←→|幸福指令|むちゃぶり|喵梦|结月缘|⭐🌧️|结月缘黑丝兔女郎|😅|有款游戏越打越年轻|上上下下左右左右|👆👆👇👇👈👉👈👉
674,STD,Moon of Noon,STD,MASTER,14,14.4,200,MURASAKi+ (菫),2017-10-03,否,moon of noon|印度人2|堇神啊|月吗|你过关|月儿子|农具做瑜伽|科比鬼叫|牢大硅胶|四块钱|牢大打坐|牢大|五块钱|星星入门|科比跳舞|​hop|牢大鬼叫|月孙子|一块钱3|午月|月之子|印度人磕头|中午的月亮|科比坐禅|铜人
671,STD,Ultranova,STD,MASTER,14,14,156,MURASAKi+ (菫),2017-09-07,否,ultranova|🏍️|a4纸|摩托车|超新星
664,STD,人里に下ったアタイがいつの間にか社畜になっていた件,STD,MASTER,14,14,180,MURASAKi+ (菫),2017-08-03,否,人里に下ったアタイがいつの間にか社畜になっていた件|人里|no no working|人里社畜|996|社畜
663,DX/STD,Maxi,STD,MASTER,14,14,180,MURASAKi+ (菫),2017-08-03,否,maxi|🐴😁|马克西|嘻嘻马|max!|标maxi|马西|标准maxi|马戏|dxmaxi|dx马戏|马克思
643,STD,Panopticon,STD,MASTER,14,14.4,110,MURASAKi (紫),2017-05-23,否,panopticon|ncc|大牢|牢|正弘|mai当牢|例大祭|坐牢|来坐大牢|监狱|别急12|圆形监狱|保全派驻|海底谭promax|潮汐监狱|高中|黑海底谭|铁窗泪|典狱长来了|学校|典狱长|监牢
642,STD,天火明命,STD,MASTER,14,14,155,MURASAKi (紫),2017-05-23,否,天火明命|天火|天火没命|舔会妹妹
635,STD,The wheel to the right,STD,MASTER,14,14,200,MURASAKi (紫),2017-04-27,否,the wheel to the right|印度人|车轮右拐|欢乐喜锯人|国服刀妹|电锯惊魂|底力|轮子右拧|右轮|dj-mega|电锯人|电锯|三块钱|一块钱2|光头强|老婆|你右边有人|骷髅|电锯骷髅|🛞👉|地雷女喝魔爪|印度人放右边|向右转
634,STD,ねぇ、壊れタ人形ハ何処へ棄テらレるノ？,STD,MASTER,14,14.5,188,MURASAKi (紫),2017-04-18,否,ねぇ、壊れタ人形ハ何処へ棄テらレるノ？|坏人形|人形|扔垃圾桶|坏人偶|坏人
630,STD,Lividi,STD,MASTER,14,14.1,191,MURASAKi (紫),2017-03-28,否,lividi|执念|李云迪|李维迪|李伟迪|呜哇
625,STD,分からない,STD,MASTER,14,14,200,MURASAKi (紫),2017-03-09,否,分からない|不知道|哇嘎啦乃|我不到啊|这|暂时不能给你明确的答复|😵|哇卡拉奶|哇嘎拉奶|发生什么事了|我怎么知道|我哪知道|吾伐晓得|优质解答|我不知道|瓦卡拉奶
624,STD,HERA,STD,MASTER,14,14.3,185,MURASAKi (紫),2017-02-21,否,hera|狐狸模拟器|超级大串|芝士雪豹|赫拉|七匹狼|狐狸|黑拉|纵连高手|纵连|🦊|一号键质检员|狐狸快跑|火狐|火狐浏览器
617,DX/STD,conflict,STD,MASTER,14,14.2,160,MURASAKi (紫),2017-02-07,否,conflict|冲突|对立|公交车|🚌|bus|标准公交车|宫村|标公交车|dx公交车
607,STD,夜明けまであと３秒,STD,MASTER,14,14,182,MURASAKi (紫),2016-12-05,否,夜明けまであと３秒|3秒|三秒|天亮的前三秒|3s|失明前三秒|夜明|夜明3秒|黎明的前三秒|夜明三秒|距离黎明还有三秒
606,DX/STD,taboo tears you up,DX,MASTER,14,14,180,UNiVERSE (宙),2016-12-15,否,taboo tears you up|竹竹的板子|禁忌将你撕裂|三倍icecream|淘宝|滔搏|dx禁忌将你撕裂|dxtaboo|dx淘宝|淘宝泪|他不哭你上
593,STD,CITRUS MONSTER,STD,MASTER,14,14.5,220,PiNK+ (櫻),2016-10-20,否,citrus monster|欧润吉|柑橙怪兽|柚子怪兽|橘怪|橘子怪兽|cm|🍊|桔子怪兽
592,STD,Nitrous Fury,STD,MASTER,14,14,144,PiNK+ (櫻),2016-10-14,否,nitrous fury|蓝色福瑞|nf|架子鼓|氮气狂怒|十段之壁|氮气福瑞|furry
582,STD,Jumble Rumble,STD,MASTER,14,14,185,PiNK+ (櫻),2016-08-25,否,jumble rumble|dj鼠|貌似困|jr|打碟猫|早苗叠|魔法猫咪|猫打碟|小豆泽心羽|午夜dj|猫猫打碟|dj猫|耗子打碟|几把乱爆
579,STD,Contrapasso -paradiso-,STD,MASTER,14,14.4,243,PiNK+ (櫻),2016-07-28,否,contrapasso -paradiso-|⚙|天堂|天堂齿轮|⚙️|齿轮|cp|齿轮天堂|ctps
570,STD,METATRON,STD,MASTER,14,14.1,190,PiNK+ (櫻),2016-06-30,否,metatron|梅塔特隆|tat|死镰二|钟楼|绝灭天使|死镰2|元创|五边形|马塔龙
551,STD,7thSense,STD,MASTER,14,14.4,150,PiNK (桃),2016-02-18,否,7thsense|阿玛希斯特之死|7s|旗杆|第七个sensei|阿斯特瑞之死|七感|7|七拍子|7感|7th|第七感
530,DX/STD,初音ミクの消失,DX,MASTER,14,14.5,240,BUDDiES (双),2015-12-09,否,初音ミクの消失|标准消失|初音没有来|初音没来|消失|初音未来的消失|誓死守护公主殿下|标消失|dx消失|绿南十字|暴走p的消失
529,STD,Axeria,STD,MASTER,14,14.5,193,ORANGE+ (暁),2015-11-26,否,axeria|ax|诶叉
525,STD,Aiolos,STD,MASTER,14,14.3,205,ORANGE+ (暁),2015-10-15,否,aiolos|艾欧洛斯|阿米诺斯|艾俄洛斯|肉包|aio
512,DX/STD,Oshama Scramble!,STD,MASTER,14,14.5,190,ORANGE+ (暁),2015-06-25,否,oshama scramble!|标奶|😄😄|女同15|猫娘贴贴|牛乳|牛奶猫|丰胸奶|每日一瓶奶，强健音游人|🥛|奶猫|标牛奶|牛奶|😸😸|巧克力与香子兰|os!|牛奶猫标准|两只猫和谐共处|dx奶|凯尔希打嵯峨|凯尔希嵯峨贴贴|dx牛奶|喝奶|dx奶猫|dx黑白哈基米|黑白哈基米|牛奶猫dx|猫抓板|一天一杯奶强壮音游人|奶牛猫|我从小喝到大|从小喝到大|正宗椰汁椰树牌
497,STD,Caliburne ～Story of the Legendary sword～,STD,MASTER,14,14.3,190,ORANGE (橙),2015-03-05,否,caliburne ～story of the legendary sword～|生煎1|圣剑|生煎|咖喱棒|圣剑1|石中剑|圣剑一|福瑞|福瑞1|福瑞跑步|咖喱棒 ～圣剑传说～|额滴圣剑
486,STD,FUJIN Rumble,STD,MASTER,14,14.5,192,ORANGE (橙),2014-11-26,否,fujin rumble|fujin|先天太乙神风诀|风神|巴巴托斯|福晋软贝|温迪|gc风神|大风神
484,STD,Ignis Danse,STD,MASTER,14,14.5,246,ORANGE (橙),2014-11-26,否,ignis danse|火神|卫宫士郎|史尔特尔|跳高|红孩儿|一个妮子|一起去吃烤肉吧|火影忍者
480,STD,Got more raves？,STD,MASTER,14,14.1,266,ORANGE (橙),2014-10-29,否,got more raves？|gmr|郭沫若
478,STD,きたさいたま2000,STD,MASTER,14,14.2,222,ORANGE (橙),2014-10-29,否,きたさいたま2000|北琦玉2000|过北脱新|五兄弟|埼玉2000|全网最帅五兄弟|😁😁😁😁😁|下北泽2000|北琦玉|太鼓2000|光污染小人|2000|北埼玉|kita|琦玉2000|北埼玉2000|鬼叫2000
473,STD,B.B.K.K.B.K.K.,STD,MASTER,14,14,170,ORANGE (橙),2014-09-18,否,b.b.k.k.b.k.k.|汉堡王|↑↑↓↓↑↓↓|bbk|bbkk|bbkkbkk|bass kick|↑↓|bk|鲈鱼踢踢鲈鱼踢
459,STD,Jack-the-Ripper◆,STD,MASTER,14,14.1,210,GreeN+ (檄),2014-07-17,否,jack-the-ripper◆|ripper|开膛手|杰哥|jtr|杰哥雷普|开膛手杰克|jack the ripper|杰克开膛手
457,DX/STD,幻想のサテライト,STD,MASTER,14,14.1,230,GreeN+ (檄),2014-07-17,否,幻想のサテライト|卫星|标幻想卫星|幻想卫星|homo|幻想的卫星|标准幻想卫星|dx幻想卫星
450,STD,Outlaw's Lullaby,STD,MASTER,14,14,145,GreeN+ (檄),2014-06-17,否,outlaw's lullaby|史蒂夫抽烟|ol|ehk|如龙|如龙2|公奶龙|史蒂夫抽烈焰棒|王源|亡命之徒的摇篮曲
444,DX/STD,火炎地獄,DX,MASTER,14,14.1,216,FESTiVAL (祭),2014-05-15,否,火炎地獄|打怪兽|绝赞地狱|标准火炎|标火炎地狱|火炎|怪兽|羊头|火炎地狱|dx地狱|天虹|光谷世界城|dx火炎|dx火焰地狱|dx火炎地狱
444,DX/STD,火炎地獄,STD,MASTER,14,14.1,216,GreeN+ (檄),2014-05-15,否,火炎地獄|打怪兽|绝赞地狱|标准火炎|标火炎地狱|火炎|怪兽|羊头|火炎地狱|dx地狱|天虹|光谷世界城|dx火炎|dx火焰地狱|dx火炎地狱
436,STD,MYTHOS,STD,MASTER,14,14.4,158,GreeN+ (檄),2014-04-10,否,mythos|卖淫团伙原神|神话|233|小提琴|卖骚死|🎻|卖银团伙原神
403,STD,System “Z”,STD,MASTER,14,14.4,147,GreeN (超),2013-10-24,否,system “z”|zyf|系统贼|麦乐鸡|小系|🥗|蔬菜沙拉|系统z|z|沙拉
402,STD,Garakuta Doll Play,STD,MASTER,14,14.2,256,GreeN (超),2013-10-24,否,garakuta doll play|lbw|果丹皮|shq|性感小丑在线发牌|酸奶|金盆|扑克牌|管理|鬼牌|轨道炮|绿豆|小丑牌|小丑|🤡|joker|🃏|guy|gdp|国内生产总值|绿小丑|偶买噶|传奇宴谱王|斗地主|法国赌神
392,STD,ウサテイ,STD,MASTER,14,14,190,GreeN (超),2013-09-05,否,ウサテイ|帝帝跑跑跑|石门快乐歌|因幡帝|🐇|乌撒|兔子跑|兔子快跑|小老帝|兔子|追逐战|兔子帝
357,DX/STD,脳漿炸裂ガール,STD,MASTER,14,14.1,155,GreeN (超),2013-07-11,否,脳漿炸裂ガール|力一儿|脑浆炸裂少女|脑浆炸裂|脑浆炸裂女孩|脑浆炸裂谱|🤯👧|标🤯|脑浆炸裂力一儿|麦当劳1+1|脑裂|标脑浆|吸溜|标脑|脑浆|🤯|标准脑浆|dx脑浆炸裂|dx脑浆|脑瘫炸裂|brain fluid explosion girl
354,STD,Nerverakes,STD,MASTER,14,14.1,140,maimai+ (真),2013-05-09,否,nerverakes|两块钱|神经痛|地球仪|二块钱
344,STD,Fragrance,STD,MASTER,14,14.2,180,maimai+ (真),2013-03-14,否,fragrance|喷香滴|芒果|芳香|白楼开花|白香芋|响水|大楼|香香|斜塔|香水|香水塔
335,STD,Like the Wind [Reborn],STD,MASTER,14,14,200,maimai+ (真),2013-02-20,否,like the wind [reborn]|蓝的盆|一块钱|莱克.德.万帝|野兽先辈|动力甩尾|十段之壁|像风一样自由|像风一样|像风一样复兴的|如风|三潭印月
297,DX/STD,ジングルベル,STD,MASTER,14,14.4,100,maimai (真),2015-03-19,否,ジングルベル|铃儿响叮当|别急15|标圣诞|圣诞歌|jingle bell|鸡公煲|圣诞树|🎄|圣诞|标准圣诞|dx圣诞|dx圣诞歌|dx鸡公煲
1810,DX,3rd Avenue,DX,MASTER,13+,13.6,130,CiRCLE+,2026-05-29,否,
1804,DX,キスキツネ,DX,MASTER,13+,13.8,148,CiRCLE+,2026-05-14,否,
1799,DX,RE Aoharu,DX,MASTER,13+,13.7,180,CiRCLE+,2026-05-01,否,
1793,DX,お返事まだカナ？おじさん構文！,DX,MASTER,13+,13.6,225,CiRCLE+,2026-04-03,否,
1777,DX,浮世絵横丁,DX,MASTER,13+,13.9,192,CiRCLE+,2026-03-19,否,
1769,DX,Chasing destiny,DX,MASTER,13+,13.7,186,CiRCLE+,2026-03-19,否,
1765,DX,TECHNOPOLIS 2085,DX,MASTER,13+,13.8,134,CiRCLE+,2026-03-19,是,
1763,DX,Treasure Chest Expedition,DX,MASTER,13+,13.7,200,CiRCLE+,2026-03-19,是,
1762,DX,Aides,DX,MASTER,13+,13.8,200,CiRCLE+,2026-03-19,是,
1761,DX,KNØCK ØUT!!,DX,MASTER,13+,13.8,200,CiRCLE+,2026-03-19,否,
1759,DX,ICEBURN,DX,MASTER,13+,13.8,190,CiRCLE (丸),2026-03-05,否,
1755,DX,むしみこうにゃーのハッピッピー,DX,MASTER,13+,13.6,225,CiRCLE (丸),2026-02-20,否,
1750,DX,Phase: Theatre,DX,MASTER,13+,13.8,195,CiRCLE (丸),2026-02-06,是,
1749,DX,"ECHO,",DX,MASTER,13+,13.7,193,CiRCLE (丸),2026-02-06,是,
1746,DX,胡蝶乃舞,DX,MASTER,13+,13.9,180,CiRCLE (丸),2026-01-23,否,胡蝶乃舞|蝴蝶乃舞|蝴蝶
1745,DX,Restricted Access,DX,MASTER,13+,13.8,185,CiRCLE (丸),2026-01-23,否,restricted access|ra|限制访问
1744,DX/STD,Paranoia,STD,MASTER,13+,13.6,150,CiRCLE (丸),2020-09-17,否,paranoia|镶金灵梦|妄想症|金色灵梦
1736,DX,み　む　かｩ　わ　ナ　イ　ス　ト　ラ　イ,DX,MASTER,13+,13.7,126,CiRCLE (丸),2026-01-09,否,
1728,DX,雲外蒼電 -Dreaming Voltage-,DX,MASTER,13+,13.9,160,CiRCLE (丸),2025-12-12,是,
1726,DX,Let's ミクササイズ！！,DX,MASTER,13+,13.8,239,CiRCLE (丸),2025-12-05,否,
1725,DX,初音ミクの暴走,DX,MASTER,13+,13.9,310,CiRCLE (丸),2025-12-05,否,
1722,DX,最愛人生ランナー,DX,MASTER,13+,13.8,180,CiRCLE (丸),2025-11-20,否,
1721,DX,トレジャーガーデン,DX,MASTER,13+,13.8,268,CiRCLE (丸),2025-11-20,否,
1719,DX,ウィーアーピコピコハンマーズ!!!!,DX,MASTER,13+,13.9,202,CiRCLE (丸),2025-11-20,否,
1718,DX,電光刹歌,DX,MASTER,13+,13.8,207,CiRCLE (丸),2025-11-20,否,
1716,DX,ぱぱぱらビーチ,DX,MASTER,13+,13.6,160,CiRCLE (丸),2025-11-07,是,
1715,DX,Eternal Return,DX,MASTER,13+,13.8,180,CiRCLE (丸),2025-11-07,是,
1713,DX,ヒアソビ,DX,MASTER,13+,13.7,134,CiRCLE (丸),2025-10-30,否,
1706,DX,廃墟にいますキャンペーン,DX,MASTER,13+,13.9,215,CiRCLE (丸),2025-10-16,否,
1702,DX,命テステス,DX,MASTER,13+,13.6,240,CiRCLE (丸),2025-10-03,否,
1701,DX,しゅ～しん？変身☆ハカイシンzzZ,DX,MASTER,13+,13.8,180,CiRCLE (丸),2025-10-03,否,
1699,DX,エンジェル ドリーム,DX,MASTER,13+,13.6,180,CiRCLE (丸),2025-09-26,否,エンジェル ドリーム|天使之梦|angel dream
1684,DX,どんぐりGAME,DX,MASTER,13+,13.6,130,CiRCLE (丸),2025-09-18,否,
1679,DX,イーヴィルガール,DX,MASTER,13+,13.8,180,CiRCLE (丸),2025-09-18,否,
1677,DX,Magical Paradox,DX,MASTER,13+,13.8,192,CiRCLE (丸),2025-09-18,是,
1676,DX,CiRCLE CAMPAiGN,DX,MASTER,13+,13.7,182,CiRCLE (丸),2025-09-18,否,
1675,DX,Luminescence,DX,MASTER,13+,13.8,184,PRiSM+ (彩),2025-09-05,否,
1673,DX,Leave All Behind,DX,MASTER,13+,13.8,150,PRiSM+ (彩),2025-09-05,否,
1672,DX,NO ONE YES MAN,DX,MASTER,13+,13.9,170,PRiSM+ (彩),2025-09-05,否,
1665,DX,ありきたりな恋の歌,DX,MASTER,13+,13.7,180,PRiSM+ (彩),2025-08-08,否,
1659,DX,Tidal Wave,DX,MASTER,13+,13.8,175,PRiSM+ (彩),2025-07-16,否,
1658,DX,Drivessover,DX,MASTER,13+,13.6,182,PRiSM+ (彩),2025-07-16,否,
1657,DX,crazy (about you),DX,MASTER,13+,13.7,145,PRiSM+ (彩),2025-07-16,否,
1651,DX,サウンドプレイヤー,DX,MASTER,13+,13.7,143,PRiSM+ (彩),2025-07-11,否,
1650,DX,Amereistr,DX,MASTER,13+,13.9,147,PRiSM+ (彩),2025-07-11,否,
1647,DX,Lover's Trick,DX,MASTER,13+,13.7,130,PRiSM+ (彩),2025-07-04,否,
1643,DX,BlackFlagBreaker!!,DX,MASTER,13+,13.9,163,PRiSM+ (彩),2025-06-20,否,
1642,DX,ホラフキパペット,DX,MASTER,13+,13.6,205,PRiSM+ (彩),2025-06-20,否,
1639,DX,なんかノイズにきこえる,DX,MASTER,13+,13.7,158,PRiSM+ (彩),2025-06-20,否,
1630,DX,超最終鬼畜妹フランドール・S,DX,MASTER,13+,13.9,210,PRiSM+ (彩),2025-05-21,否,
1619,DX,Unfinished Epic,DX,MASTER,13+,13.8,185,PRiSM+ (彩),2025-05-09,否,
1618,DX,概して過誤,DX,MASTER,13+,13.7,170,PRiSM+ (彩),2025-05-09,否,
1613,DX,M@GICAL☆CURE! LOVE ♥ SHOT!,DX,MASTER,13+,13.6,192,PRiSM+ (彩),2025-04-11,否,
1610,DX,スナネコのうた,DX,MASTER,13+,13.7,92,PRiSM+ (彩),2025-04-01,否,
1608,DX,モエチャッカファイア,DX,MASTER,13+,13.9,163,PRiSM+ (彩),2025-03-28,否,モエチャッカファイア|绝区零|萌萌点火|鲨鱼娘
1592,DX,月光,DX,MASTER,13+,13.7,195,PRiSM+ (彩),2025-03-13,否,月光
1590,DX,きゅびびびびずむ,DX,MASTER,13+,13.8,185,PRiSM+ (彩),2025-03-13,否,きゅびびびびずむ|cubibibibism|立体体体体主义
1587,DX,Supersonic Generation,DX,MASTER,13+,13.9,155,PRiSM+ (彩),2025-03-13,否,supersonic generation
1586,DX,Feel The Luv,DX,MASTER,13+,13.8,155,PRiSM+ (彩),2025-03-13,否,feel the luv
1585,DX,ウタヒメナイトストーム,DX,MASTER,13+,13.8,164,PRiSM+ (彩),2025-03-13,否,ウタヒメナイトストーム
1584,DX,Fraq,DX,MASTER,13+,13.7,221,PRiSM+ (彩),2025-03-13,否,fraq
1581,DX,Colorfull:Encounter,DX,MASTER,13+,13.9,185,PRiSM (鏡),2025-02-27,否,colorfull:encounter|绿黑姬
1580,DX,Flashback,DX,MASTER,13+,13.8,160,PRiSM (鏡),2025-02-27,否,flashback|闪回
1579,DX,ピポピポ -People People- feat. ななひら,DX,MASTER,13+,13.8,230,PRiSM (鏡),2025-02-14,否,ピポピポ -people people- feat. ななひら|人人|pipopipo|人人网
1573,DX,Radiance,DX,MASTER,13+,13.7,155,PRiSM (鏡),2025-02-07,否,radiance|江江比耶2|江江比耶
1571,DX,Resolution,DX,MASTER,13+,13.7,190,PRiSM (鏡),2025-02-07,否,resolution
1570,DX,How To Make 音ゲ～曲！,DX,MASTER,13+,13.7,185,PRiSM (鏡),2025-01-24,否,how to make 音ゲ～曲！|预制菜|怎么做音游曲|音游曲|如何制作音游曲|教作曲
1569,DX,MORNINGLOOM,DX,MASTER,13+,13.7,102,PRiSM (鏡),2025-01-24,否,morningloom|早八
1565,DX,Löschen,DX,MASTER,13+,13.9,181,PRiSM (鏡),2025-01-10,否,löschen|loschen|删除|螺丝陈
1564,DX,迷える音色は恋の唄,DX,MASTER,13+,13.7,165,PRiSM (鏡),2025-01-10,否,迷える音色は恋の唄|恋歌|音色迷人的恋歌
1563,DX,Empire of Winter,DX,MASTER,13+,13.7,175,PRiSM (鏡),2025-01-10,否,empire of winter|冬日帝国|露娜爱托贴贴
1562,DX,はげしこの夜 -Psylent Crazy Night-,DX,MASTER,13+,13.8,135,PRiSM (鏡),2024-12-24,否,はげしこの夜 -psylent crazy night-|电棍|电棍过圣诞
1558,DX,地獄,DX,MASTER,13+,13.6,190,PRiSM (鏡),2024-12-20,否,地獄|地狱
1554,DX,バベル,DX,MASTER,13+,13.7,225,PRiSM (鏡),2024-12-06,否,バベル|巴别塔|babel|放学接孩子|接孩子
1553,DX,ウルトラトレーラー,DX,MASTER,13+,13.8,155,PRiSM (鏡),2024-12-06,否,ウルトラトレーラー|ultra trailer|超预告篇|超预告片|超予告编|炒鱼糕片
1545,DX,snooze,DX,MASTER,13+,13.7,150,PRiSM (鏡),2024-11-22,否,snooze
1535,DX,天蓋,DX,MASTER,13+,13.9,178,PRiSM (鏡),2024-10-25,否,天蓋|天盖
1532,DX,ゆけむり魂温泉 II,DX,MASTER,13+,13.6,140,PRiSM (鏡),2024-10-11,否,ゆけむり魂温泉 ii|魂温泉
1529,DX,イガク,DX,MASTER,13+,13.8,170,PRiSM (鏡),2024-09-27,否,イガク|医学|我有ユユ症|ユ
1528,DX,人マニア,DX,MASTER,13+,13.7,150,PRiSM (鏡),2024-09-27,否,人マニア|人狂|人狂热症|人狂热者
1527,DX,果ての空、僕らが見た光。,DX,MASTER,13+,13.6,178,PRiSM (鏡),2024-09-12,否,果ての空、僕らが見た光。|果空|青门|果空僕见光
1519,DX,Ultimate taste,DX,MASTER,13+,13.7,200,PRiSM (鏡),2024-09-12,否,ultimate taste|芙兰教你认曲风
1518,DX,ずんだパーリナイ,DX,MASTER,13+,13.7,150,PRiSM (鏡),2024-09-12,否,ずんだパーリナイ|俊达派对之夜|俊达萌派对|俊达萌派对之夜
1512,DX,病み垢ステロイド,DX,MASTER,13+,13.8,203,PRiSM (鏡),2024-09-12,否,病み垢ステロイド|病垢|病郁账号类固醇|嗑药|玩偶熊女孩
1507,DX,YKWTD,DX,MASTER,13+,13.8,174,PRiSM (鏡),2024-09-12,否,ykwtd|游客玩特大|一块玩土豆|你知道做什么|盈亏问题点
1504,DX,Baqeela,DX,MASTER,13+,13.8,130,BUDDiES+ (宴),2024-08-30,否,baqeela|巴奎拉
1503,DX,最っ高のエンタメだ!!,DX,MASTER,13+,13.7,276,BUDDiES+ (宴),2024-08-30,否,最っ高のエンタメだ!!|最高|最棒的娱乐
1500,DX,偉大なる悪魔は実は大天使パトラちゃん様なのだ！,DX,MASTER,13+,13.8,195,BUDDiES+ (宴),2024-08-16,否,偉大なる悪魔は実は大天使パトラちゃん様なのだ！|呜喵呜喵|一半恶魔一半天使|母牛母牛|伟大恶魔天使|伟大恶魔|伟大恶魔大天使|恶魔天使|恶魔大天使|大天使|周防パトラ|迷你世界|母牛|周防|三只母牛|大恶魔大天使|伟大恶魔实则天使
1494,DX,Geranium,DX,MASTER,13+,13.7,150,BUDDiES+ (宴),2024-08-02,否,geranium|天竺葵|贪玩蓝月2
1490,DX/STD,華の集落、秋のお届け,DX,MASTER,13+,13.9,165,UNiVERSE (宙),2021-10-29,否,華の集落、秋のお届け|标华集落|标华集|华之集落|华的集落|华集落|滑稽|华之集落，致以秋意|秋届|华秋|花村|集落|华集|华落|菲谢尔|皇女|蛋糕店里卖蛋糕
1490,DX/STD,華の集落、秋のお届け,STD,MASTER,13+,13.9,165,BUDDiES+ (宴),2021-10-29,否,華の集落、秋のお届け|标华集落|标华集|华之集落|华的集落|华集落|滑稽|华之集落，致以秋意|秋届|华秋|花村|集落|华集|华落|菲谢尔|皇女|蛋糕店里卖蛋糕
1488,DX,Trust,DX,MASTER,13+,13.6,155,BUDDiES+ (宴),2024-07-05,否,trust|足控|大脚丫子|脚歌|玉足|玉足冰棍|老冰棍|小仏凪吃雪糕|🦶|信任|狱卒|湿身少女翘脚吃冰糕|糯香柠檬茶|yokidou|合乎粥礼|光吉猛修唱歌
1486,DX,Everybody Say HARDCORE TANO*C,DX,MASTER,13+,13.6,170,BUDDiES+ (宴),2024-07-05,否,everybody say hardcore tano*c
1485,DX,BOOM! BOOM!! BOOM!!!,DX,MASTER,13+,13.6,170,BUDDiES+ (宴),2024-07-05,否,boom! boom!! boom!!!|嘭嘭嘭|小爆爆爆|小bbb
1481,DX,Beginning together!,DX,MASTER,13+,13.7,142,BUDDiES+ (宴),2024-06-21,否,beginning together!|开始一起
1480,DX,RE:INCARNATED DRAGNER,DX,MASTER,13+,13.9,188,BUDDiES+ (宴),2024-06-21,否,re:incarnated dragner|化身龙骑|龙骑士|龙骑|小火龙|rid
1470,DX,バカ通信,DX,MASTER,13+,13.6,240,BUDDiES+ (宴),2024-05-24,否,バカ通信|笨蛋通信|琪露诺通信|八力通信|笨蛋通讯|八力通讯|通信|baka通信|八嘎通信|泡通信|9通信|⑨通信
1467,DX,新人類,DX,MASTER,13+,13.6,144,BUDDiES+ (宴),2024-05-24,否,新人類|镜音铃|新人类
1465,DX,Lunatic Vibes,DX,MASTER,13+,13.8,185,BUDDiES+ (宴),2024-05-10,否,lunatic vibes|月狂氛围|lv|breakover2|黑楼哉辉|疯狂震动|bo2|疯狂共鸣
1461,DX,サイバーサンダーサイダー,DX,MASTER,13+,13.7,145,BUDDiES+ (宴),2024-04-26,否,サイバーサンダーサイダー|火柴人|ctc|小人打拳|cyber thunder cider|粉笔人
1457,DX,tiny tales continue,DX,MASTER,13+,13.9,188,BUDDiES+ (宴),2024-04-12,否,tiny tales continue|ttc|小传说继续|小故事
1454,DX,MUSIC PЯAYER,DX,MASTER,13+,13.7,168,BUDDiES+ (宴),2024-04-01,否,music pяayer|musicprayer|幻想回廊|音祷|音乐播放器
1453,DX,DUAL ROZES,DX,MASTER,13+,13.6,160,BUDDiES+ (宴),2024-04-01,否,dual rozes
1443,DX,壱雫空,DX,MASTER,13+,13.7,204,BUDDiES+ (宴),2024-03-21,否,壱雫空|木柜子|咕咕嘎嘎|mygo|老下空|它下空|一滴雨|粉色奶龙|匕下工|🐧|壳卡空|那啥空|一雫空|高松灯|卖狗|五把伞|士冖匕雨下空|卖沟|某某空|一休尼|一拿空|又有一集开始了
1441,DX,New York Back Raise,DX,MASTER,13+,13.7,160,BUDDiES+ (宴),2024-03-21,否,new york back raise|纽约赌场|nybr|赌场|德州扑克|努力哥输给天赋比|四条输给皇家同花顺|皇家同花顺|纽约回升|新约克回来赌|赌博
1428,DX,Edelweiss,DX,MASTER,13+,13.9,252,BUDDiES+ (宴),2024-03-21,否,edelweiss|雪绒花|熊出没|前往堵门|两猫拆机
1426,DX,エスオーエス,DX,MASTER,13+,13.6,196,BUDDiES+ (宴),2024-03-21,否,エスオーエス|sos|女同19|拉兹乙姬二打一|街机和音游|二打一
1416,DX,Rush-Hour,DX,MASTER,13+,13.8,224,BUDDiES (双),2024-02-16,否,rush-hour|冲一小时|冲一个小时|百事可乐|洗一个小时
1415,DX,HANIPAGANDA,DX,MASTER,13+,13.6,181,BUDDiES (双),2024-02-16,否,hanipaganda|😯|奶龙军团|两排奶龙|埴轮宣扬|汉尼拔|杖刀偶磨弓|奶龙
1410,DX,Ether Second,DX,MASTER,13+,13.9,150,BUDDiES (双),2024-02-02,否,ether second|es2|以太冲击2|以太二|以太秒|以太瞬间|以太第二
1409,DX,Redemption,DX,MASTER,13+,13.9,175,BUDDiES (双),2024-02-02,否,redemption|黑十字星|救赎|特大2|黑南十字|狂犬病|西十字星|黑十字
1406,DX,HUMANBORG,DX,MASTER,13+,13.8,189,BUDDiES (双),2024-01-26,否,humanborg|赛博人|baddest2|人类堡|人类伯格
1389,DX,ふらふらふら、,DX,MASTER,13+,13.7,125,BUDDiES (双),2023-12-22,否,ふらふらふら、|fulafula|摇晃不清|摇摇晃晃|摇摆不定
1388,DX,フェイクフェイス・フェイルセイフ,DX,MASTER,13+,13.8,202,BUDDiES (双),2023-12-22,否,フェイクフェイス・フェイルセイフ|fffs|fakefacefailsafe|fake face fail safe|虚假面孔失效安全
1385,DX,月面基地,DX,MASTER,13+,13.7,180,BUDDiES (双),2023-12-09,否,月面基地|月抛基地
1384,DX,ozma,DX,MASTER,13+,13.9,220,BUDDiES (双),2023-12-09,否,ozma|哦在吗|奥兹玛
1382,DX,PinqPiq (xovevox Remix),DX,MASTER,13+,13.7,150,BUDDiES (双),2023-12-09,否,pinqpiq (xovevox remix)|pinq|pinqpiq|粉猪|乒乓球
1381,DX,トンデモワンダーズ,DX,MASTER,13+,13.6,172,BUDDiES (双),2023-12-09,否,トンデモワンダーズ|不可思议的wonders|不可思议的奇迹|不可思议的wonder|世界解体还有10秒
1377,DX,DANGEROOOOUS JUNGLE,DX,MASTER,13+,13.8,160,BUDDiES (双),2023-11-10,否,dangeroooous jungle|危险丛林|危险森林|超级大腿|阿尔卑斯与危险森林|大腿|dj|单脚拉屎|玉腿
1372,DX,POWER OF UNITY,DX,MASTER,13+,13.8,190,BUDDiES (双),2023-10-20,否,power of unity|pou|我们联合|团结之力|团结就是力量|联合力量|团结力量|团结力量大
1371,DX,my flow,DX,MASTER,13+,13.7,157,BUDDiES (双),2023-10-20,否,my flow|我的流|bolobinelebowigi|我流|我的节奏
1367,DX,星界ちゃんと可不ちゃんのおつかい合騒曲,DX,MASTER,13+,13.8,220,BUDDiES (双),2023-10-06,否,星界ちゃんと可不ちゃんのおつかい合騒曲|星界小姐和可不小姐的外出合奏曲|星界可不合骚曲|马赛克可不|马赛克|星界酱和可不酱的采购合奏曲|星界可不|星界|可不敢笑|猫抓板|圆头耄耋模拟器
1350,DX,OMAKENO Stroke,DX,MASTER,13+,13.8,240,BUDDiES (双),2023-09-14,否,omakeno stroke|小齿轮|😱|omakeno|os|呐喊
1348,DX,IMAWANOKIWA,DX,MASTER,13+,13.7,178,BUDDiES (双),2023-09-14,否,imawanokiwa|临终之际|临终|弥留之际|imawa|ima
1336,DX,Last Kingdom,DX,MASTER,13+,13.8,150,FESTiVAL+ (祝),2023-09-01,否,last kingdom|小lk|luke|lk|最后王国|最后的王国|终末帝|失落王国|拔小蒜
1328,DX,Churros Parlor,DX,MASTER,13+,13.8,190,FESTiVAL+ (祝),2023-08-04,否,churros parlor|油条客厅|cp|达达利亚|巴哈姆特
1325,DX,MAGENTA POTION,DX,MASTER,13+,13.7,150,FESTiVAL+ (祝),2023-07-21,否,magenta potion|魔法药水|指甲油|pmt决胜曲|药水|洋红药水|粉红指甲油|粉香水|品红药水|洋红色药水|品红色药水|假酒害人|红药水|品红|别喝奇怪的品红色药水
1320,DX,あつすぎの歌,DX,MASTER,13+,13.8,180,FESTiVAL+ (祝),2023-07-07,否,あつすぎの歌|hero死了|最热之歌|热死了|夏热歌|热死了之歌|好热|好热歌|太热了|夏热之歌|半夏|阿紫一|啊紫一|棍母|等老奶奶张嘴|神牌|老奶奶
1318,DX,モ°ルモ°ル (MZK Skippin' Remix),DX,MASTER,13+,13.7,136,FESTiVAL+ (祝),2023-07-07,否,モ°ルモ°ル (mzk skippin' remix)|毛儿毛儿remix|毛儿毛儿2|晓山瑞希|毛儿毛儿mzk|mkz|morumoru|モルモル
1317,DX,ここからはじまるプロローグ。 (Kanon Remix),DX,MASTER,13+,13.8,190,FESTiVAL+ (祝),2023-07-07,否,ここからはじまるプロローグ。 (kanon remix)|从现在开始的序曲|像素福瑞remix|kanon remix|福瑞控remix|福瑞控2|像素福瑞2|圣剑0.5|福瑞的135秒|福瑞135|小动物封焰|福瑞小英雄
1316,DX,宵の鳥,DX,MASTER,13+,13.6,145,FESTiVAL+ (祝),2023-06-22,否,宵の鳥|宵的鸟|小鸟|宵之鸟|宵鸟|宵宵鸟|愤怒的小鸟|小纸鸟
1314,DX,リフヴェイン,DX,MASTER,13+,13.6,148,FESTiVAL+ (祝),2023-06-22,否,リフヴェイン|分身|青栗鼠|refvain
1310,DX,『ウソテイ』 ～一回戦せりなvsしろなvsなずな～,DX,MASTER,13+,13.7,190,FESTiVAL+ (祝),2023-06-08,否,『ウソテイ』 ～一回戦せりなvsしろなvsなずな～|一回战|中二兔子跑|兔子跑2|彩绿兔子跑|防空警报|兔子帝2
1304,DX,Complex Mind,DX,MASTER,13+,13.8,175,FESTiVAL+ (祝),2023-05-12,否,complex mind|复合思维|复杂思维|cm|复杂头脑
1303,DX,Halfway(>∀<),DX,MASTER,13+,13.7,175,FESTiVAL+ (祝),2023-05-12,否,halfway(>∀<)|爆能器|halfway|（>▽<）|行百里者半九十|半路|(>∀<)|颜文字|半条路|半场开香槟
1300,DX,コンティニュー！ feat. 藍月なくる,DX,MASTER,13+,13.6,170,FESTiVAL+ (祝),2023-05-12,否,コンティニュー！ feat. 藍月なくる|阿诺内|continue|禁漫娘|继续！|继续|蓝月|贪玩蓝月
1298,DX,にゃーにゃー冒険譚,DX,MASTER,13+,13.7,188,FESTiVAL+ (祝),2023-04-28,否,にゃーにゃー冒険譚|nyanya冒险谭|喵喵冒险谭|哈基米大冒险|妖精冒险谭|冒险谭|卡老师
1293,DX,Final Step!,DX,MASTER,13+,13.8,180,FESTiVAL+ (祝),2023-04-14,否,final step!|天天酷跑|fs|终步|最后一步
1286,DX,Knight Rider,DX,MASTER,13+,13.8,200,FESTiVAL+ (祝),2023-03-23,否,knight rider|骑乘|骑骑|骑骑士士|骑士骑骑士|kr|骑士骑士|疯狂星期四|骑士踢
1284,DX,リスペク風神,DX,MASTER,13+,13.7,135,FESTiVAL+ (祝),2023-03-23,否,リスペク風神|respec fujin|东方风神|东风风神|东方风神录|东方电车|瑞思拜风神|respect fujin|风神|dx风神|小风神|风神2|墨晨|车万风神|respect风神|岚神|风神respect
1276,DX,"Hello, Hologram",DX,MASTER,13+,13.8,161,FESTiVAL+ (祝),2023-03-23,否,"hello, hologram|hello hologram|管人跳舞2|hologram|hh|你好全息图像|全息影像|全息图像|你好全息像|hello,hologram|hello，hologram|你好holo"
1273,DX,ツムギボシ,DX,MASTER,13+,13.9,190,FESTiVAL+ (祝),2023-03-23,否,ツムギボシ|纺星|fes+主题曲|祝代主题曲
1272,DX,Comet Panto Men!,DX,MASTER,13+,13.9,170,FESTiVAL+ (祝),2023-03-23,否,comet panto men!|men！|特大男人|cpm|卖鱼客|彗星哑剧人|特大跳舞|求生之路|man
1271,DX,enchanted wanderer,DX,MASTER,13+,13.8,102,FESTiVAL+ (祝),2023-03-23,否,enchanted wanderer|黑猫|青蛙2|醉心求知者|附魔爱2|青蛙王子2|🐸2|别急21|维什戴尔|附魔流浪者|ew|附魔喵|附魔旅行者|魔法流浪者|蓝青蛙|蓝猫|哈基米王子|猫王子|迷人的流浪者|罗小黑战记
1264,DX,Alice's Suitcase,DX,MASTER,13+,13.7,190,FESTiVAL (祭),2023-03-02,否,alice's suitcase|爱丽丝手提箱|爱丽丝的手提箱|手提箱|🧳|as|爱丽丝
1260,DX,Lost Desire,DX,MASTER,13+,13.8,170,FESTiVAL (祭),2023-03-02,否,lost desire|ld|失去欲望了|失感|失去感觉了|失欲
1258,DX,きゅうくらりん,DX,MASTER,13+,13.7,220,FESTiVAL (祭),2023-02-17,否,きゅうくらりん|心跳不止|心跳不已|可不抱头|晴天娃娃|ddlc|心动不已|心跳不动|纱世里|绿衣女人摸脸蛋|心梗不已|心梗不止|蓝衣哭泣少女|kyu-kurarin
1253,DX,星見草,DX,MASTER,13+,13.8,164,FESTiVAL (祭),2023-02-03,否,星見草|⭐️👁🌿|康庄小道|星见草
1251,DX,ピュグマリオンの咒文,DX,MASTER,13+,13.8,190,FESTiVAL (祭),2023-01-20,否,ピュグマリオンの咒文|黑塔|小魔女咒文|魔法小萝莉|咒文|皮格马利翁的咒文|大黑塔
1247,DX,NightTheater,DX,MASTER,13+,13.9,151,FESTiVAL (祭),2023-01-06,否,nighttheater|夜剧场|night theater|nt|夜剧院
1243,DX,れっつ！みらくる☆はーどこあっ！,DX,MASTER,13+,13.9,185,FESTiVAL (祭),2022-12-23,否,れっつ！みらくる☆はーどこあっ！|wifecore|laur撒狗粮|浮冰|miracle hardcore|雌小鬼|let's miracle☆hardcore|老二和他的老婆|hardcore2|老二老婆|let's miracle hardcore|laur老婆唱歌
1241,DX,Baddest,DX,MASTER,13+,13.7,215,FESTiVAL (祭),2022-12-23,否,baddest|16块钱|太坏了|十六块钱|樋口枫|樋口枫大旋风|坏极了|大b圈|那很坏了|一巴掌13个miss|哈利路大旋风
1240,DX,群青シグナル,DX,MASTER,13+,13.8,206,FESTiVAL (祭),2022-12-16,否,群青シグナル|体育生2|群青|群青2|群青信号|群青讯号|体育生丢篮球
1236,DX,エナドリおいしいソング,DX,MASTER,13+,13.9,140,FESTiVAL (祭),2022-12-02,否,エナドリおいしいソング|能量饮料|东鹏特饮|和亲|能量饮料歌|drink with me|红牛|易拉罐|能量饮料真好喝|斐济杯|功能饮料|脉动|魔爪
1231,DX,Neon Kingdom,DX,MASTER,13+,13.8,130,FESTiVAL (祭),2022-11-18,否,neon kingdom|霓虹王国|霓虹国度|霓虹|霓虹城|nk
1230,DX,You Mean the World to Me,DX,MASTER,13+,13.7,180,FESTiVAL (祭),2022-11-18,否,you mean the world to me|你是我的世界|ymtwtm|我的世界|你是我的全世界|凯尔希2|你是我的全部|我喜欢你
1226,DX,モンダイナイトリッパー！,DX,MASTER,13+,13.6,180,FESTiVAL (祭),2022-11-04,否,モンダイナイトリッパー！|指南针|没问题tripper|モンダイナイトリッパー|萌呆奶|没问题|tripper|名取纱那|旅行者|没问题！Tripper！|兔兔|没问题旅行家
1225,DX,Destiny Runner,DX,MASTER,13+,13.9,190,FESTiVAL (祭),2022-10-21,否,destiny runner|蕾米莉亚|dr|命运跑者|命运奔跑者
1222,DX,MAGNETAR GIRL,DX,MASTER,13+,13.8,170,FESTiVAL (祭),2022-10-21,否,magnetar girl|磁铁女孩|磁星女孩|mg|柚子
1216,DX,Random,DX,MASTER,13+,13.7,132,FESTiVAL (祭),2022-09-22,否,random|阮冬木|随机|燃冬
1204,DX,分解収束テイル,DX,MASTER,13+,13.7,186,FESTiVAL (祭),2022-09-15,否,分解収束テイル|分解收束
1203,DX,[X],DX,MASTER,13+,13.7,162,FESTiVAL (祭),2022-09-15,否,[x]|twitter|无穷大|艾克斯|x|13.7|无限|推特|叉|∞|高斯函数
1201,DX,Rainbow Rush Story,DX,MASTER,13+,13.8,200,FESTiVAL (祭),2022-09-15,否,rainbow rush story|彩框冲刺故事|终点2|彩虹冲故事|rrs|冲向彩虹|彩虹冲刺故事|雨后小故事|彩虹急急故事|彩彩奔
1197,DX,See The Light,DX,MASTER,13+,13.7,150,UNiVERSE+ (星),2022-09-02,否,see the light|喜德来|喜之郎|看见光|金坷垃|stl|看光|屎都濑
1193,DX,エゴロック,DX,MASTER,13+,13.8,225,UNiVERSE+ (星),2022-08-19,否,エゴロック|自由摇滚|自我摇滚|煎饼歌|煎饼|egorock|ego rock
1190,DX,Jouez Avec Moi?,DX,MASTER,13+,13.8,162,UNiVERSE+ (星),2022-08-05,否,jouez avec moi?|陪我玩|和我玩|moi|问号|跟我玩|来玩|来一起玩|法文歌2|jam|一起玩？
1188,DX,白花の天使,DX,MASTER,13+,13.8,200,UNiVERSE+ (星),2022-08-05,否,白花の天使|东雪莲2|冬雪の莲莲|白花天使|白花的天使|白花
1186,DX,folern,DX,MASTER,13+,13.9,200,UNiVERSE+ (星),2022-07-22,否,folern|北冰洋|迪希雅|水陈|佛冷|给我玩中二节奏
1183,DX,Reach For The Stars (Re-Colors),DX,MASTER,13+,13.9,203,UNiVERSE+ (星),2022-07-11,否,reach for the stars (re-colors)|dx追星|索5|彩追星|新追星|追星2|追星remix
1181,DX,OTOGEMA,DX,MASTER,13+,13.6,145,UNiVERSE+ (星),2022-07-11,否,otogema|狗打碟|音游玩家|otto干嘛|otto|10周年|ottogema|ottogame|电棍|十周年|音游人|oto|wmc|舞萌吃
1174,DX,星空パーティーチューン,DX,MASTER,13+,13.7,230,UNiVERSE+ (星),2022-06-24,否,星空パーティーチューン|童颜巨乳|party tune|星空|星空party tune|奶子很大|兎花宮|新海天|星空叙爱曲|兔花宫
1171,DX,Princess♂,DX,MASTER,13+,13.8,92,UNiVERSE+ (星),2022-06-10,否,princess♂|公猪|古明地恋|男公主|别急16|立本rap|男娘2|公主|👸|princess|😋
1168,DX,HAGAKIRI,DX,MASTER,13+,13.9,172,UNiVERSE+ (星),2022-05-27,否,hagakiri|橘花|牛顿环|hgkr|健身环|憋憋|老妹环|光圈科技|八云紫拿着乾坤圈
1167,DX,Irresistible,DX,MASTER,13+,13.6,157,UNiVERSE+ (星),2022-05-27,否,irresistible|不可阻挡|可莉|魔卡少女樱
1165,DX,Estahv,DX,MASTER,13+,13.8,191,UNiVERSE+ (星),2022-05-13,否,estahv|六戒|arcahv精神续作|真寻|谢丝塔|白戒|诶司他韦
1164,DX,First Dance,DX,MASTER,13+,13.9,174,UNiVERSE+ (星),2022-05-13,否,first dance|fd|e舞成名|初舞|一曲成名|一！舞！|1！5！|第一舞|15|一舞|一舞成名|井芹仁菜|首舞
1154,DX,Caterpillar Song,DX,MASTER,13+,13.9,90,UNiVERSE+ (星),2022-04-08,否,caterpillar song|毛毛虫|别急15|肯德基老爷爷|🐛|肯德基|臭虫|女菩萨念经|昆虫学家法布尔|室内系武士|毛毛虫之歌|毛毛虫歌
1153,DX,enchanted love,DX,MASTER,13+,13.7,95,UNiVERSE+ (星),2022-04-08,否,enchanted love|别急17|小青蛙|迷人的爱|附魔的爱|附魔爱|el|小骊龙|醉心之爱|🐸|15+|迷惑爱|八月的雨|青蛙|四月的夜明|青蛙王子|蛙泳
1151,DX,遺伝子レベル∞スパイラル,DX,MASTER,13+,13.7,164,UNiVERSE+ (星),2022-04-01,否,遺伝子レベル∞スパイラル|星球大战|遗传|遗伝子|遗传基因 level ♾️ spiral|遗传子|光剑打架
1149,DX,8-EM,DX,MASTER,13+,13.8,168,UNiVERSE+ (星),2022-03-24,否,8-em|大大大|很酷，不说话|涩图|橘优羽|atm|syk|大柰子|小孩|喰喰|8em|国服没奈子
1148,DX,Dreadnought,DX,MASTER,13+,13.9,192,UNiVERSE+ (星),2022-03-24,否,dreadnought|无畏舰|死亡手电筒|手电筒|大喷菇|无畏号战舰|🔦|巧脆卷|望远镜|无畏号|无畏战舰
1147,DX,Armageddon,DX,MASTER,13+,13.9,210,UNiVERSE+ (星),2022-03-24,否,armageddon|阿空|太阳信仰|arma|世界末日|东方树叶|⑥|阿玛革冬|阿妈咯噔|灵乌路空|灵知的太阳信仰|核弹
1146,DX,初音天地開闢神話,DX,MASTER,13+,13.9,240,UNiVERSE+ (星),2022-03-24,否,初音天地開闢神話|开天辟地|天地开辟|开辟神话|开辟|初音未来毁天灭地|初音未来日天日地|毁天灭地|盘古开天辟地|初音毁天灭地神话|初音未来开天辟地|开辟天地|盘古|消失2|神话|盘古未来|初音天地开辟神话|初音未来开辟神话|初音开天辟地
1136,DX,ハードコア・シンドローム,DX,MASTER,13+,13.9,180,UNiVERSE (宙),2022-03-11,否,ハードコア・シンドローム|hardcore syndrome|打胶|creeping|打交|打交第一名|硬核综合症|哈皮和tpz开音趴|hardcore|硬核|打架第二名|哈皮打交|哈德口|硬核综合征|罚站|友人对战|tanoc全明星|梅西哥拆机|哈德阔|梅西歌|老兵敬礼|我脸上有交互吗|怎么 我脸上是有交互吗|tpz立正|咋的我脸上是有交互吗
1124,DX,前衛的Landscape,DX,MASTER,13+,13.8,153,UNiVERSE (宙),2022-02-10,否,前衛的landscape|前卫|提纳里|阿努比斯|前卫的landscape|前卫的大都市|landepen|前卫的landepen|landscape
1123,DX,ヨミビトシラズ,DX,MASTER,13+,13.7,188,UNiVERSE (宙),2022-02-10,否,ヨミビトシラズ|冬雪莲|東雪蓮|东雪莲打伞|蓝屏|东雪莲|哇嘎得路哟|咏人不知|罕见|佚名|作者不详|東雪莲|我不知道|咏人
1118,DX,LiftOff,DX,MASTER,13+,13.9,137,UNiVERSE (宙),2022-01-14,否,liftoff|关电梯|起飞|dx四月雨|火箭|电梯下降|刑具|抬棺|发射|长角女孩|妙脆角|东云纺|赫拉0.5
1102,DX,マツヨイナイトバグ,DX,MASTER,13+,13.9,190,UNiVERSE (宙),2021-11-12,否,マツヨイナイトバグ|蠢虫|待宵的萤火虫|绿色夜光虫|阿氯|萤火虫|绿色苍蝇|东方绿毛虫|莉格露|绿色女人|绿毛虫|苍蝇妹|绿毛龟|nightbug|绿头发
1098,DX/STD,Technicians High,STD,MASTER,13+,13.8,165,UNiVERSE (宙),2019-08-09,否,technicians high|蓝的盆|高科技|标准科技高|科技很高|科技高|dx科技高|科技
1090,DX,Upshift,DX,MASTER,13+,13.9,155,UNiVERSE (宙),2021-10-01,否,upshift|在屎上|chapter 2|上蹲|upshit|大写锁定
1084,DX,スーパーシンメトリー,DX,MASTER,13+,13.9,210,UNiVERSE (宙),2021-09-16,否,スーパーシンメトリー|超对称性|supersymmetry|对称性|超对称|白银对称性
1076,DX,とびだせ！TO THE COSMIC!!,DX,MASTER,13+,13.7,185,UNiVERSE (宙),2021-09-16,否,とびだせ！to the cosmic!!|起飞|太空牛奶猫|とびだせ|女同13|とびだぜ|universe主题曲|新牛奶|飞向宇宙|缝合怪|牛奶3|牛奶2|宇宙牛奶|舞萌2023主题曲|压缩tpz|uni|uni主题曲|去宇宙|猫娘开飞船
1070,DX,BOUNCE & DANCE,DX,MASTER,13+,13.7,135,Splash+ (煌),2021-09-03,否,bounce & dance|弹舞|弹力舞|又蹦又跳|小白兔|小星|弹跳|bounce＆dance|bounce dance
1059,DX,Never Give Up!,DX,MASTER,13+,13.8,171,Splash+ (煌),2021-07-21,否,never give up!|nevergiveup|绝不认输|永不言弃|你被骗了|永不放弃|nevergonnagiveyouup|从不给上|ngu|rickroll|永远不给上|不给上|never gonna give you up
1054,DX,蒼穹舞楽,DX,MASTER,13+,13.9,195,Splash+ (煌),2021-05-28,否,蒼穹舞楽|妍酱|苍穹|斗破苍穹|菅穹舞乐|苍穹舞乐|神里绫人
1053,DX,Last Samurai,DX,MASTER,13+,13.9,57,Splash+ (煌),2021-06-25,否,last samurai|绝地武士|11月的雨|拆弹|六月雨|唯我武士|六月的食|星星武士|拼好饭|年末的雨|六月的雨|拉斯特萨姆热爱|最后的武士|dx四月雨|最后武士|十一月的雨|last炫|武士|别急5|黄金船|lastsamurai|大姬
1048,DX,生命不詳,DX,MASTER,13+,13.7,200,Splash+ (煌),2021-05-28,否,生命不詳|不知死活|死不明白|半死不活|生母不详|生命不详
1044,DX,LOSE CONTROL,DX,MASTER,13+,13.7,150,Splash+ (煌),2021-05-14,否,lose control|失控|饕餮尤魔|失去控制|塔露拉|炉石传说
1043,DX,MEGATON KICK,DX,MASTER,13+,13.9,200,Splash+ (煌),2021-05-14,否,megaton kick|大飞脚|mk|百万吨级踢腿|钢踢|踢腿|kick|兆吨|百万吨踢|大白腿|李宁踹开线|百万吨飞踢|拉普兰德
1042,DX,ヒミツCULT,DX,MASTER,13+,13.7,190,Splash+ (煌),2021-05-14,否,ヒミツcult|教程曲|秘密信徒|t+p的海底谭|吹月2|cult|我们都很棒
1039,DX,Big Daddy,DX,MASTER,13+,13.8,190,Splash+ (煌),2021-05-14,否,big daddy|星野爱高潮|大爸爸|🥵|汤姆猫|大坝|无敌爸爸|大爹|星野爱|notail|🤩|大爸|nero|比格大帝|阿嘿颜|大跌
1038,DX,Strange Bar,DX,MASTER,13+,13.9,110,Splash+ (煌),2021-05-14,否,strange bar|奇怪的条|陌生酒吧|sb|别急11|酒老二|奇怪罩杯|小金熊|奇怪的酒吧|奇怪的胸罩|酒吧|奇艺酒吧|怪酒吧|怪吧|sb2|死神之棒|奇怪酒吧|咕咕嘎嘎～|一个女人带两娃
1033,DX,MAKE IT FUNKY NOW,DX,MASTER,13+,13.7,146,Splash+ (煌),2021-04-16,否,make it funky now|milf|两面包夹芝士|🥪|makeitfuckynow|sandwich|两面包夹培根|三明治|mifn|funky
1026,DX,ハジマリノピアノ,DX,MASTER,13+,13.8,190,Splash+ (煌),2021-04-01,否,ハジマリノピアノ|大灵通|yyut|钢琴|哈吉玛丽弄钢琴|最初的钢琴
1025,DX,Sound Chimera,DX,MASTER,13+,13.9,190,Splash+ (煌),2021-03-18,否,sound chimera|声音奇美拉|天使马杀鸡|小奇美拉|音奇美拉|奇美拉|奇美拉之声|himera|灵梦撒币plus
1024,DX,もぺもぺ,DX,MASTER,13+,13.9,100,Splash+ (煌),2021-03-18,否,もぺもぺ|恐怖小花|もペもペ|毛坯毛坯|恶心|小花|草|小花花|儿童金曲|早八早八|好船|小蓝花|闪光弹|小白船|毛八|儿童鞋垫|mope|毛八毛八|鞋垫|烟火大会|毛胚毛胚|宝宝金曲|电棍电棍|mopemope|儿歌|蓝花|四川变脸|儿童邪典
1013,DX,VANTABLACK RAVER,DX,MASTER,13+,13.8,170,Splash+ (煌),2021-03-18,否,vantablack raver|黑化乙姬|红眼乙姬|哈吉马利诺雷|电鳗乙姬|完美挑战曲乙姬|吴乙凡|放电乙姬|黑乙姬|⚡乙姬⚡|乙姬红温|黑己姬|伞墨|电音乙姬|黑神话：乙姬|狂暴乙姬|乙姬丰胸|上单乙姬
1001,DX,Sweet Requiem,DX,MASTER,13+,13.7,190,Splash (爽),2021-02-05,否,sweet requiem|sr|镇魂曲|甜蜜镇魂曲|甜蜜安魂曲|灵梦转圈|塞钱|灵梦镇魂曲|红蓝灵梦|redandblue|甘美镇魂曲~永夜遐想
994,DX,Cyaegha,DX,MASTER,13+,13.8,200,Splash (爽),2021-01-08,否,cyaegha|赛伊格亚|赛落图亚|完型填空|dabcabcaabcadbaa|绿魔王|塞伊格亚|咲弥|咲弥削吐司|完形填空|花绿青|古神语|赛洛图亚|dabcabcd
993,DX,Ether Strike,DX,MASTER,13+,13.9,156,Splash (爽),2021-01-08,否,ether strike|my guiding star|📢0|零光|白内障|以太冲击|白色电音以太大冲击|乙醚罢工|零光吹喇叭|es|以太攻击|乙醚冲击|零光吹唢呐
992,DX,Arty Party,DX,MASTER,13+,13.9,180,Splash (爽),2020-12-25,否,arty party|动物派对|小动物银趴|arty|小动物音趴|小动物银啪|小动物银帕|小动物淫趴|银趴|🐻🐱🐰🐶雪豹|纵连派对|usao派对|粉兔|usao银趴|artyparty|动物银趴|我和我的动物朋友们|usao音趴|ap|小动物开银趴|动物园|狐朋狗友|usao和他的动物朋友|usao和他的狐朋狗友
988,DX,パラボラ,DX,MASTER,13+,13.8,192,Splash (爽),2020-12-11,否,パラボラ|沉淀|网球王子|篮球男孩|蓝毛体育生|白毛体育生|体育生|二次元科比|抛物线|parabola|梅西|球男
984,DX,マネマネサイコトロピック,DX,MASTER,13+,13.7,210,Splash (爽),2020-11-27,否,マネマネサイコトロピック|模仿模仿psychotropic|二重身|女同11|分身|两人玩手机|精神回归|模仿模仿|manemane|模仿模仿的精神回归|manemane的精神回归
981,DX,emomomo,DX,MASTER,13+,13.7,145,Splash (爽),2020-11-13,否,emomomo|emo|🤔️|网易云|恶魔摸摸|一般工作师匠|🤔|e3mo|emoji|黄脸
980,DX,カラッポ・ノンフィクション,DX,MASTER,13+,13.7,170,Splash (爽),2020-11-13,否,カラッポ・ノンフィクション|创世纪|彩色纪实文学|空白的非虚构故事
979,DX,c.s.q.n.,DX,MASTER,13+,13.8,174,Splash (爽),2020-11-13,否,c.s.q.n.|草酸氢纳|草酸氢钠|csqn|csdn|😑|😐|nahc2o4|厕所青年|必要条件
973,DX,Beautiful Future,DX,MASTER,13+,13.7,172,Splash (爽),2020-10-16,否,beautiful future|雷炎|美好未来|大好前程|无一物啊啊|美丽未来|美味|美好的未来
972,DX,Komplexe,DX,MASTER,13+,13.7,165,Splash (爽),2020-10-16,否,komplexe|大黑姬|雄氏老方|kom|黑姬|黑姬唱歌|complex
963,DX,Jörqer,DX,MASTER,13+,13.6,98,Splash (爽),2020-09-17,否,jörqer|别急1.5|pvq|qer|猫头鹰|jorqer|joker|小金熊|周可儿|j歌
957,DX,宛城、炎上！！,DX,MASTER,13+,13.8,175,Splash (爽),2020-09-17,否,宛城、炎上！！|钠离子|宛城|赤赤|宛城炎上|炎上|enjo|enjou|大宇宙|a9
948,DX,CHOCOLATE BOMB!!!!,DX,MASTER,13+,13.7,190,でらっくす+ (華),2020-09-04,否,chocolate bomb!!!!|cho爆炸|答辩2|巧克力炸弹|巧克力蚌埠|🍫💣|巧克力爆
941,DX,GRÄNDIR,DX,MASTER,13+,13.9,170,でらっくす+ (華),2020-08-07,否,grändir|德文|瓜点|gr|grandir|甘地
933,DX,My My My,DX,MASTER,13+,13.7,175,でらっくす+ (華),2020-07-03,否,my my my|我我我|mymymy|mai mai mai|买买买|我的我的我的|麦麦麦|mr.c|洗衣机|ccc
928,DX,CHAOS,DX,MASTER,13+,13.9,150,でらっくす+ (華),2020-06-11,否,
926,DX,Lunar Mare,DX,MASTER,13+,13.8,165,でらっくす+ (華),2020-06-11,否,
925,DX,Entrance,DX,MASTER,13+,13.7,180,でらっくす+ (華),2020-06-11,否,
912,DX,アトロポスと最果の探究者,DX,MASTER,13+,13.7,230,でらっくす+ (華),2020-02-07,否,アトロポスと最果の探究者|大奶伊蕾娜|最果|探究者|大奶子依蕾娜|大柰柰伊蕾娜|阿特洛波斯与尽头的探究者|大奈子伊蕾娜|大柰子伊蕾娜|大奶子伊蕾娜|翠果|最果探究者|大雷伊蕾娜|伊雷娜
911,DX,NULCTRL,DX,MASTER,13+,13.9,100,でらっくす+ (華),2020-02-07,否,nulctrl|nul|牛唱跳rap|牛啃草|牛ctrl|一根星星|wota艺|nc|无控|牛啃臭|cxk|牛唱跳rap篮球|唱跳rap篮球|🐮🌿|红蓝|ntr|无控制|无效控制
910,DX,energy trixxx,DX,MASTER,13+,13.8,160,でらっくす+ (華),2020-02-07,否,energy trixxx|能量叉|能量三角形|美有姬|马娘|美友姬|能量xxx|能量xx|能量三角|能量叉叉|xxx
909,DX,Black Lair,DX,MASTER,13+,13.8,150,でらっくす+ (華),2020-01-23,否,black lair|黑巢|bl|公主斗恶龙
900,DX,モ°ルモ°ル,DX,MASTER,13+,13.9,176,でらっくす+ (華),2020-01-23,否,モ°ルモ°ル|morumoru|毛儿|么么|蹦蹦炸弹|毛儿毛儿|毛肚儿毛肚儿|摸了摸了|モルモル
895,DX,プナイプナイせんそう,DX,MASTER,13+,13.8,271,でらっくす (熊),2020-01-10,否,プナイプナイせんそう|噗奶|布乃布乃万岁|扑领姨|噗奶噗奶|punai|pnpn|punaipunai
894,DX,立川浄穢捕物帳,DX,MASTER,13+,13.8,210,でらっくす (熊),2020-01-10,否,立川浄穢捕物帳|青岛侦探事务所|青岛市公安局|立川净秽捕物帐|立川|捕物帐
884,DX,管弦楽組曲 第3番 ニ長調「第2曲（G線上のアリア）」BWV.1068-2,DX,MASTER,13+,13.8,180,でらっくす (熊),2019-11-15,否,管弦楽組曲 第3番 ニ長調「第2曲（g線上のアリア）」bwv.1068-2|g弦上的咏叹调|二长调|妹妹拉小提琴|小女孩齐打交|管弦乐|管弦乐组曲|g弦
881,DX,Yakumo >>JOINT STRUGGLE (2019 Update),DX,MASTER,13+,13.9,187,でらっくす (熊),2019-11-01,否,yakumo >>joint struggle (2019 update)|2019|八云一家|八云紫|压裤摸|八云|yakumo
880,DX,"Little ""Sister"" Bitch",DX,MASTER,13+,13.8,185,でらっくす (熊),2019-11-01,否,"little ""sister"" bitch|小妹妹臭婊子|bitch|lsb|婊子|小婊子|小婊妹|小sb|碧池"
878,DX,玩具狂奏曲 -終焉-,DX,MASTER,13+,13.9,130,でらっくす (熊),2019-10-24,否,玩具狂奏曲 -終焉-|玩具|玩具狂奏曲|别急23|第五人格|玩具狂奏曲-终焉-
863,DX,Blows Up Everything,DX,MASTER,13+,13.8,215,でらっくす (熊),2019-08-09,否,blows up everything|爆|6级白谱|吹|吹爆|bue|吹爆一切|拆爆|嘿嘿歌|吹吹爆|全都可以炸完！
862,DX,TwisteD! XD,DX,MASTER,13+,13.7,200,でらっくす (熊),2019-08-09,否,twisted! xd|退订|TwisteD！XD|twisted|xd|td
861,DX,魔ジョ狩リ,DX,MASTER,13+,13.7,190,でらっくす (熊),2019-08-09,否,魔ジョ狩リ|魔女的夜宴|骑士之夜remix版|魔狩|魔女狩猎|魔法少女的魔女审判
845,DX,バーチャルダム　ネーション,DX,MASTER,13+,13.6,210,でらっくす (熊),2019-07-11,否,バーチャルダム ネーション|虚拟赛车|小汽车|赛车|印度人3|爸日儿子|virtualdam nation|印度赛车|越南|月儿子2|vn|七块钱
844,DX,MAXRAGE,DX,MASTER,13+,13.8,222,でらっくす (熊),2019-07-11,否,maxrage|暴怒|红按钮|极怒|😡|超雄|绝赞交互|迪卢克按按钮|樱雨|红温|迪卢克|满怒|超级生气|好生气|良怒2|红色重启|迪卢克按地雷|核按钮|巨他妈生气|小七|很生气|极限红温|气炸了|迪卢克按炸弹|气炸|狂怒|急怒|续标识|麻油按按钮
830,STD,終点,STD,MASTER,13+,13.7,222,FiNALE (輝),2019-06-07,否,終点|打怪兽|怪兽|b50里有终点|终点|小心地滑|污点|b50的起点|🏁
829,STD,Imperishable Night 2006 (2016 Refine),STD,MASTER,13+,13.8,161,FiNALE (輝),2019-05-24,否,imperishable night 2006 (2016 refine)|灵梦玩火|永夜抄2006|2006|2016|永夜抄
828,STD,ネクロファンタジア～Arr.Demetori,STD,MASTER,13+,13.8,180,FiNALE (輝),2019-05-24,否,ネクロファンタジア～arr.demetori|紫妈弹吉他|亡灵幻想曲|arr|老太婆弹吉他|demetori|ネクロファンタジア|少女幻葬曲|八云紫弹吉他|少女幻葬
826,STD,Altale,STD,MASTER,13+,13.7,90,FiNALE (輝),2019-05-10,否,altale|tga年度最佳|开心的小曲儿|别急2|阿泰尔|机器人|削除的电线|你先别急|机器人钓鱼|电线|漏电电线|天线
825,STD,"Good Bye, Mr. Jack",STD,MASTER,13+,13.9,180,FiNALE (輝),2019-05-10,否,"good bye, mr. jack|再见|杰哥|杰哥不要|再见杰哥|再见杰克|再见我的杰|再见叠先生"
816,STD,奏者はただ背中と提琴で語るのみ,STD,MASTER,13+,13.8,230,FiNALE (輝),2019-03-08,否,奏者はただ背中と提琴で語るのみ|月玲那知|月玲妹妹躺沙发|美少女躺沙发|奏者|奏者背后的提琴在说话|提琴
814,STD,-OutsideR:RequieM-,STD,MASTER,13+,13.6,181,FiNALE (輝),2019-03-08,否,-outsider:requiem-|拉面|🍜|妹子嗦面|outsider|嗦拉面|吃面|我和我的泡面|杯面|泡面|阿梓喵吃面|吃拉面|吃泡面|猫吃面
808,STD,Kattobi KEIKYU Rider,STD,MASTER,13+,13.7,220,FiNALE (輝),2019-02-07,否,kattobi keikyu rider|收到|电车妹|京急线|叮叮叮|丁丁电车|京急|电车骑士|五块钱|电车娘|电车|京急电车|松江有轨|列车|叮叮叮叮叮|爱上火车|叮叮电车|丁丁车|叮叮车|呦西哟西|京急电铁|电车难题|新干线
793,STD,セイクリッド　ルイン,STD,MASTER,13+,13.9,186,FiNALE (輝),2018-12-13,否,セイクリッド ルイン|肾虚|太鼓达人|圣灭|圣墟
784,STD,My First Phone,STD,MASTER,13+,13.8,114,MiLK+ (雪),2018-12-04,否,my first phone|爷の手机|别急20|中二的雨|手机|电话|☎️|小灵通|我的第一部手机|别急3|座机|👴的第一部手机
776,STD,にじよめちゃん体操第一億,STD,MASTER,13+,13.8,120,MiLK+ (雪),2018-11-06,否,にじよめちゃん体操第一億|体操第一亿|体操|体操第一億|牵线木偶|体操一亿|🤤
773,STD,We Gonna Journey,STD,MASTER,13+,13.9,160,MiLK+ (雪),2018-10-25,否,we gonna journey|wgj|我们要旅行|王国军|我们去旅行|红色长角|我们去旅游
771,STD,なるとなぎのパーフェクトロックンロール教室,STD,MASTER,13+,13.7,216,MiLK+ (雪),2018-10-16,否,なるとなぎのパーフェクトロックンロール教室|冒牌⑨|摇滚教室|箱部鸣与小佛凪的完美摇滚教室|琪露诺的完美算数教室|⑨|中二教室|数学教室|彩绿琪露诺
769,STD,進捗どうですか？,STD,MASTER,13+,13.6,199,MiLK+ (雪),2018-10-02,否,進捗どうですか？|进步|进度如何|进展如何|进度|八云橙|进度怎么样了
768,STD,アマノジャクリバース feat. ｙｔｒ,STD,MASTER,13+,13.9,160,MiLK+ (雪),2018-10-02,否,アマノジャクリバース feat. ｙｔｒ|🚸|天邪鬼反转|0梦过马路|天邪鬼|灵梦过街|ytr|过马路|灵梦过马路
763,STD,ULTRA B+K,STD,MASTER,13+,13.9,175,MiLK+ (雪),2018-09-18,否,ultra b+k|b+k|超级bk|ubk|河天|超级汉堡王|bk2
753,STD,keep hopping,STD,MASTER,13+,13.9,155,MiLK+ (雪),2018-07-24,否,keep hopping|kh|一直跳|一起摇摆|kamome sano|保持火拼
751,STD,Rodeo Machine,STD,MASTER,13+,13.8,115,MiLK+ (雪),2018-07-11,否,rodeo machine|欧内的手|广播|绿手手|碳酸的大手|蠢鹿|绿手指|马|绿手|绿皮星星歌|见手青|社交的手腕
749,STD,進め！イッスン軍団 -Rebellion of the Dwarfs-,STD,MASTER,13+,13.7,172,MiLK+ (雪),2018-07-03,否,進め！イッスン軍団 -rebellion of the dwarfs-|小碗|小小兵团|前进军团|针妙丸军团|针妙丸|针|小人国|绣花针|进军团|一尺军团|军团
743,DX/STD,ENERGY SYNERGY MATRIX,STD,MASTER,13+,13.9,160,MiLK+ (雪),2018-06-21,否,energy synergy matrix|标esm|esm|沙雕猫|esm跑|神经猫|恶俗猫|饿死猫|跑路猫|dxesm|傻吊猫|dxesm跑|邮政|一只猫拖着另一只猫跑
735,STD,Mare Maris,STD,MASTER,13+,13.9,150,MiLK (白),2018-05-22,否,mare maris|开船|⛵|大航海|鸭屁股|贼船|小白船|船|🚤|船歌|stasis|小破船|海面谭|帆船|白船来航|郑和下西洋|明日方舟
732,STD,Doll Judgment,STD,MASTER,13+,13.8,230,MiLK (白),2018-05-08,否,doll judgment|玩偶审判|人形裁判|人偶审判|人形审判|人偶|dj|玩偶|人偶裁判|人偶裁决
731,STD,疾走あんさんぶる,STD,MASTER,13+,13.7,195,MiLK (白),2018-05-08,否,疾走あんさんぶる|疾走乐队|疾走|骚灵三姐妹
730,DX/STD,天狗の落とし文 feat. ｙｔｒ,DX,MASTER,13+,13.7,160,PRiSM (鏡),2018-05-08,否,天狗の落とし文 feat. ｙｔｒ|天狗|犹太人|天狗落|天狗的匿名信|天狗的无名文书|ytr|天狗落文|天狗之落|天狗の落とし文
718,STD,Candy Tall Woman,STD,MASTER,13+,13.8,190,MiLK (白),2018-03-20,否,candy tall woman|狗日的wjr|糖女士|糖果高女人|糖高女|糖果高女士|太宗偷女人|高血糖|砍弟搞女人|高血糖女人
717,STD,ナンセンス文学,STD,MASTER,13+,13.6,154,MiLK (白),2018-03-06,否,ナンセンス文学|o.o|拍手文学|无意义文学|废话文学|海底谭文学|latata|文学
711,STD,ギリギリ最強あいまいみー！,STD,MASTER,13+,13.7,185,MiLK (白),2018-02-20,否,
707,STD,人生リセットボタン,STD,MASTER,13+,13.8,200,MiLK (白),2018-02-06,否,人生リセットボタン|人生重置按钮|人生重开|人生重置键|人生重启键|人生重置|dame|remake|人生重启|人生复位按钮|人生重来键|重开按钮|人生|人生reset button|人生重启按钮
706,STD,ドーナツホール,STD,MASTER,13+,13.6,252,MiLK (白),2018-02-06,否,ドーナツホール|甜圈洞|甜甜圈|🍩|甜甜圈洞
696,STD,拝啓ドッペルゲンガー,STD,MASTER,13+,13.8,181,MiLK (白),2017-12-14,否,拝啓ドッペルゲンガー|我裂开来|分身|拜启|敬启我的分身|敬启分身|影分身十字斩|敬启|yhc|二重身
695,STD,REVIVER オルタンシア・サーガ -蒼の騎士団- オリジナルVer.,STD,MASTER,13+,13.7,200,MiLK (白),2017-12-14,否,reviver オルタンシア・サーガ -蒼の騎士団- オリジナルver.|reviver|伝説のオルタンシアの蒼の騎士団！|歌名很长的那首|苍之骑士团|苍骑|骑士团|灼眼白毛
692,STD,MilK,STD,MASTER,13+,13.8,150,MiLK (白),2017-12-14,否,milk|白色液体|牛奶|奶|😋
688,DX/STD,Calamity Fortune,DX,MASTER,13+,13.6,200,でらっくす (熊),2017-12-05,否,calamity fortune|常发|卡拉米提佛纯|穿越火线|标cf|早苗教你画星星|leaf教你画星星|标准cf|灾厄命运|sdcf|小鸟游没几几|cf|dxcf|东风谷早苗|风神录五面道中
681,STD,猛進ソリストライフ！,STD,MASTER,13+,13.7,189,MURASAKi+ (菫),2017-10-31,否,猛進ソリストライフ！|猛进|月玲那知|小提琴|庞德
678,STD,オーディエンスを沸かす程度の能力 feat.タイツォン,STD,MASTER,13+,13.7,216,MURASAKi+ (菫),2017-10-17,否,オーディエンスを沸かす程度の能力 feat.タイツォン|沸|东方月灯笼|沸腾|沸程度|沸程度能力|沸腾程度|沸能力
675,STD,デスパレイト,STD,MASTER,13+,13.9,145,MURASAKi+ (菫),2017-10-03,否,デスパレイト|666|desperate|绝望
670,STD,KING is BACK!!,STD,MASTER,13+,13.9,176,MURASAKi+ (菫),2017-09-07,否,king is back!!|王负剑|王是背|king is back|你回来了|王回家|kobe is back|王是后背|kib|王归|王回来了|王者归来|kobe is back!!|王的回归|王回
667,STD,光線チューニング,STD,MASTER,13+,13.7,190,MURASAKi+ (菫),2017-08-24,否,光線チューニング|光线|🖐🏻️😐🖐🏻️|中二节奏|光线turning|光线调谐
663,DX/STD,Maxi,DX,MASTER,13+,13.8,180,FESTiVAL (祭),2017-08-03,否,maxi|🐴😁|马克西|嘻嘻马|max!|标maxi|马西|标准maxi|马戏|dxmaxi|dx马戏|马克思
660,DX/STD,バッド・ダンス・ホール,DX,MASTER,13+,13.7,152,CiRCLE+,2017-07-25,否,バッド・ダンス・ホール|团长|小孩哥|bdh|糟糕透顶的舞厅|希望之花|坏舞厅|奥尔加|bad dance hall
653,STD,夢花火,STD,MASTER,13+,13.7,186,MURASAKi+ (菫),2017-06-22,否,夢花火|马栏山|u咩哈那比|麻辣蒜|乙姬角色歌|梦花火
651,STD,GO BACK 2 YOUR RAVE,STD,MASTER,13+,13.9,170,MURASAKi+ (菫),2017-06-22,否,go back 2 your rave|业界骚然|回去你的2rave|2|gb2|gb2yr|g2r
649,STD,リンカーネイション,STD,MASTER,13+,13.8,185,MURASAKi+ (菫),2017-06-22,否,リンカーネイション|灵魂转生|烈火战神|lexburner|reincarnation|轮回转生|铃魂转生|转生
645,STD,ネトゲ廃人シュプレヒコール,STD,MASTER,13+,13.7,175,MURASAKi (紫),2017-06-06,否,ネトゲ廃人シュプレヒコール|😉|网游废人的呐喊|网络废人的呐喊|网游废人|废人|网络废人|网游废人齐颂曲
637,DX/STD,Scream out! -maimai SONIC WASHER Edit-,STD,MASTER,13+,13.9,174,MURASAKi (紫),2017-05-11,否,scream out! -maimai sonic washer edit-|哈基咩|诹访子|赞不绝口|喊出来|美国紫妈|谷爱凌|青蛙子|哦哦，哦哦哦|嬉皮笑脸|微笑女人|dx赞不绝口|dx青蛙子|洩矢诹访子|微笑青蛙子
636,STD,四月の雨,STD,MASTER,13+,13.9,79,MURASAKi (紫),2017-04-27,否,四月の雨|四月的粑粑|114514月的臭雨|键盘歌|四月的星星|konmai|四月雨|雨姐|别急1|伞|你先别急|我为你撑一把伞|四月的史|四月的雨|四月的屎|四月答辩|四月的💩|四月的别急|☂️|别急|下北泽的雨|四月的粪|不要急挑战|四月的急|四月的shi|april showers|bpm79
633,STD,吉原ラメント,STD,MASTER,13+,13.8,191,MURASAKi (紫),2017-04-18,否,吉原ラメント|留尾哀歌|吉原|吉原哀歌|吉原拉面|吉原泼妇|吉原怨妇|清远鸡|teto|千织
629,DX/STD,Imitation:Loud Lounge,DX,MASTER,13+,13.9,145,PRiSM (鏡),2017-03-28,否,imitation:loud lounge|面具|丘丘人|呀哈哈|奇面族|面具娃娃
623,DX/STD,Selector,DX,MASTER,13+,13.9,148,FESTiVAL+ (祝),2017-02-21,否,selector|马挖路plus|绿女人|标准绿女人|绿色女人|标选择器|エロ世界|specter|选择者|我和你的工口异世界|绿妹|选择器|🧚‍♂️|马哇路加强版|dxselector|dx选择器|dx绿女人|小脸妹
623,DX/STD,Selector,STD,MASTER,13+,13.8,148,MURASAKi (紫),2017-02-21,否,selector|马挖路plus|绿女人|标准绿女人|绿色女人|标选择器|エロ世界|specter|选择者|我和你的工口异世界|绿妹|选择器|🧚‍♂️|马哇路加强版|dxselector|dx选择器|dx绿女人|小脸妹
619,STD,Sakura Fubuki,STD,MASTER,13+,13.9,175,MURASAKi (紫),2017-02-14,否,sakura fubuki|sakura|吹雪|🌸💨❄️|樱吹屎|fbk|神里绫华|白上吹雪|樱吹雪
618,STD,DETARAME ROCK&ROLL THEORY,STD,MASTER,13+,13.8,140,MURASAKi (紫),2017-02-14,否,detarame rock&roll theory|箱部弹吉他|drt|星星歌|detarame|萝莉～萝莉～|摇滚理论|drrt|8787|箱部的摇滚理论|箱部鸣
611,STD,ゆっくりしていってね！！！,STD,MASTER,13+,13.6,221,MURASAKi (紫),2017-01-24,否,
610,STD,いっしそう電☆舞舞神拳！,STD,MASTER,13+,13.7,185,MURASAKi (紫),2016-12-15,否,いっしそう電☆舞舞神拳！|舞舞神拳|武萌神拳|呜呜神拳|maimai神拳|一子相传|紫代主题曲|114514|一脉相传舞舞神拳|偷袭
609,STD,すーぱーぬこになりたい,STD,MASTER,13+,13.7,194,MURASAKi (紫),2016-12-15,否,すーぱーぬこになりたい|nuko|开水壶成精|变猫|想要变成超级猫|变成猫|粉猫|超级猫猫|我想变成猫咪|想变猫|变超猫|想要成为super nuko|想要成为超级猫猫|猫猫|想变成猫|超猫
604,STD,空威張りビヘイビア,STD,MASTER,13+,13.7,186,MURASAKi (紫),2016-12-15,否,空威張りビヘイビア|空威张|虚张声势的行为|欧尼酱|虚张声势behavior|欧欧欧欧欧欧尼酱
603,STD,STAIRWAY TO GENERATION,STD,MASTER,13+,13.7,150,MURASAKi (紫),2016-12-15,否,stairway to generation|一片绿|八块钱|stairway
602,STD,Last Brave ～ Go to zero,STD,MASTER,13+,13.8,132,MURASAKi (紫),2016-12-15,否,last brave ～ go to zero|勇敢变成0|我们去做0|去做0|变成0|机甲|bt|走向0|最后勇敢变成0|去找0|last brave|go to zero
597,STD,木彫り鯰と右肩ゾンビ,STD,MASTER,13+,13.6,150,PiNK+ (櫻),2016-11-17,否,木彫り鯰と右肩ゾンビ|右肩|僵尸|木雕鲇鱼|木雕|鲷鱼烧|右肩僵尸|肩周炎|木雕鲶鱼与右肩僵尸|木彫|大连海事大学校歌|木鲶鱼|木雕鲶鱼|拔小蒜|绸鱼烧
591,STD,エテルニタス・ルドロジー,STD,MASTER,13+,13.7,178,PiNK+ (櫻),2016-10-06,否,エテルニタス・ルドロジー|aeternitas ludology|东方鼓动|永恒游戏学|八云紫
588,STD,Hyper Active,STD,MASTER,13+,13.9,160,PiNK+ (櫻),2016-09-22,否,hyper active|我们仨|黄卡车|泥头车|小黄车|撞大运|卡车|擎天柱|大卡车|大运重卡|百吨王
577,STD,Infantoon Fantasy,STD,MASTER,13+,13.8,185,PiNK+ (櫻),2016-07-28,否,infantoon fantasy|中指|两茄子|中指机器人|竖中指|🖕|🖕🏻|竖中指机器人|if
575,STD,高気圧ねこロック,STD,MASTER,13+,13.8,260,PiNK+ (櫻),2016-06-30,否,高気圧ねこロック|高血压流汗黄豆|高气压猫猫头|高气压猫|高气压猫摇滚|高气压|马香远|高血压
567,STD,儚きもの人間,STD,MASTER,13+,13.8,180,PiNK+ (櫻),2016-06-30,否,儚きもの人間|少女炼狱|人间|梦人间
566,STD,無敵We are one!!,STD,MASTER,13+,13.7,190,PiNK+ (櫻),2016-06-30,否,無敵we are one!!|无敌|我们是一|奢香夫人|我们是无敌1|我们是1|无敌！我们是1|无敌我们是1|无敌we are one|无敌我们是一
563,STD,少女幻葬戦慄曲 ～ Necro Fantasia,STD,MASTER,13+,13.9,182,PiNK (桃),2016-05-12,否,少女幻葬戦慄曲 ～ necro fantasia|幻葬|少女幻葬|死灵幻想曲
559,STD,スリップフリップ,STD,MASTER,13+,13.8,143,PiNK (桃),2016-04-21,否,スリップフリップ|010|大脸妹|耳机娘|大头妹|不二家|耳机女|slip flip|slipflip
558,STD,FEEL the BEATS,STD,MASTER,13+,13.6,166,PiNK (桃),2016-04-21,否,feel the beats|ftb|感受节拍|fb
556,STD,頓珍漢の宴,STD,MASTER,13+,13.8,145,PiNK (桃),2016-04-07,否,頓珍漢の宴|珍顿汉|🥓|顿珍汉|🙏|顿珍汉宴|初音上菜|吃饭|顿珍汉之宴|顿震撼|汉尼拔之宴|顿珍汉吃席|顿珍宴
555,STD,ありふれたせかいせいふく,STD,MASTER,13+,13.6,150,PiNK (桃),2016-04-07,否,ありふれたせかいせいふく|世界征服|初音围巾|围巾初音白背景|司空见惯的世界征服|司空见惯|红围巾
554,STD,GEMINI -M-,STD,MASTER,13+,13.9,180,PiNK (桃),2016-03-17,否,gemini -m-|gemini|双子座|双子星|戈米尼|genshin|googlegemini
550,STD,After Burner,STD,MASTER,13+,13.7,155,PiNK (桃),2016-02-18,否,after burner|ab|东京热|燃尽|后烧|冲破火网|微星小飞机
545,STD,Revive The Rave,STD,MASTER,13+,13.8,165,PiNK (桃),2016-01-21,否,revive the rave|rtr|硫酸盐|润体乳|乳头人|一个绝赞叫一声
544,STD,厨病激発ボーイ,STD,MASTER,13+,13.8,190,PiNK (桃),2019-03-08,否,
540,STD,閃鋼のブリューナク,STD,MASTER,13+,13.9,140,PiNK (桃),2015-12-09,否,閃鋼のブリューナク|闪钢
537,STD,Party 4U ”holy nite mix”,STD,MASTER,13+,13.7,159,PiNK (桃),2015-12-09,否,party 4u ”holy nite mix”|4u|派对4你|p4u
530,DX/STD,初音ミクの消失,STD,MASTER,13+,13.9,240,PiNK (桃),2015-12-09,否,初音ミクの消失|标准消失|初音没有来|初音没来|消失|初音未来的消失|誓死守护公主殿下|标消失|dx消失|绿南十字|暴走p的消失
528,STD,最終鬼畜妹・一部声,STD,MASTER,13+,13.9,200,ORANGE+ (暁),2015-11-12,否,最終鬼畜妹・一部声|鬼叫|鬼畜妹一部声|蓝蓝路|一部声|易卜生|鬼畜妹|月女儿|月儿子青春版|最终鬼畜妹
524,DX/STD,LANCE,DX,MASTER,13+,13.9,156,PRiSM (鏡),2015-09-17,否,lance|懒死|兰瑟|烂死|蓝瑟|枪|兰斯|缆车|开元|蓝枪
524,DX/STD,LANCE,STD,MASTER,13+,13.8,156,ORANGE+ (暁),2015-09-17,否,lance|懒死|兰瑟|烂死|蓝瑟|枪|兰斯|缆车|开元|蓝枪
522,STD,デッドレッドガールズ,STD,MASTER,13+,13.8,230,ORANGE+ (暁),2015-09-17,否,デッドレッドガールズ|dead red girls|荒野大镖妹|死红女
520,DX/STD,六兆年と一夜物語,DX,MASTER,13+,13.8,186,でらっくす (熊),2015-07-16,否,六兆年と一夜物語|希腊奶|标六兆年|6m|六兆年|6000000000000年|六兆年零一夜物语|dx希腊奶|dx六兆年|安慕希
520,DX/STD,六兆年と一夜物語,STD,MASTER,13+,13.8,186,ORANGE+ (暁),2015-07-16,否,六兆年と一夜物語|希腊奶|标六兆年|6m|六兆年|6000000000000年|六兆年零一夜物语|dx希腊奶|dx六兆年|安慕希
517,STD,どうしてこうなった,STD,MASTER,13+,13.7,180,ORANGE+ (暁),2015-07-16,否,どうしてこうなった|怎么这样|为什么会这样呢|怎会如此|为什么会变成这样呢|跳舞狗|白板|跳舞洗狗|为什么会变成这样|怎么回事呢
513,STD,D✪N’T  ST✪P  R✪CKIN’,STD,MASTER,13+,13.8,140,ORANGE+ (暁),2015-06-25,否,d✪n’t st✪p r✪ckin’|摇滚别停|dsr|小机器人|年度最佳游戏|秧bot|⭐⭐⭐|机器人|dont stop rockin|q群管家|年度最佳|宇宙机器人|tga年度最佳|🤖|astrobot|玩机器
512,DX/STD,Oshama Scramble!,DX,MASTER,13+,13.6,190,でらっくす (熊),2015-06-25,否,oshama scramble!|标奶|😄😄|女同15|猫娘贴贴|牛乳|牛奶猫|丰胸奶|每日一瓶奶，强健音游人|🥛|奶猫|标牛奶|牛奶|😸😸|巧克力与香子兰|os!|牛奶猫标准|两只猫和谐共处|dx奶|凯尔希打嵯峨|凯尔希嵯峨贴贴|dx牛奶|喝奶|dx奶猫|dx黑白哈基米|黑白哈基米|牛奶猫dx|猫抓板|一天一杯奶强壮音游人|奶牛猫|我从小喝到大|从小喝到大|正宗椰汁椰树牌
504,STD,赤心性：カマトト荒療治,STD,MASTER,13+,13.7,205,ORANGE+ (暁),2015-03-19,否,赤心性：カマトト荒療治|赤心性
503,STD,L9,STD,MASTER,13+,13.7,256,ORANGE+ (暁),2015-03-19,否,l9|轴交互|绿9
500,STD,ロストワンの号哭,STD,MASTER,13+,13.6,162,ORANGE+ (暁),2015-03-19,否,ロストワンの号哭|号哭|哭哭|kappa|没有1我要哭了|失去1的号哭|lost one的号哭|lost one 的号哭|鹅哭
494,DX/STD,Dragoon,DX,MASTER,13+,13.7,175,PRiSM+ (彩),2015-02-05,否,dragoon|龙|麻辣兔头|🐲|龙先生|绝味鸭头|奶龙|多拉贡|鸭头|龙骑士|麻辣鸭头|绝味鸭脖|白龙|🐉|龙骨
493,DX/STD,oboro,DX,MASTER,13+,13.7,175,BUDDiES (双),2015-02-05,否,oboro|火球|我的吉吉在燃烧|小火焰|小火苗|哦菠萝|标准火球|超新星燃烧|🌠|小火球|dx小火球|dx火球
493,DX/STD,oboro,STD,MASTER,13+,13.7,175,ORANGE (橙),2015-02-05,否,oboro|火球|我的吉吉在燃烧|小火焰|小火苗|哦菠萝|标准火球|超新星燃烧|🌠|小火球|dx小火球|dx火球
490,STD,ピーマンたべたら,STD,MASTER,13+,13.7,178,ORANGE (橙),2015-01-08,否,ピーマンたべたら|吃了青椒的话|🫑|青椒|柿子椒|青椒歌|cyber
489,STD,Cosmic Magic Shooter,STD,MASTER,13+,13.9,163,ORANGE (橙),2015-01-08,否,cosmic magic shooter|魔术射手|魔弹射手|魔法射手|感情的摩天楼|宇宙魔术射手|cms|摩天轮|宇宙魔法射手
485,STD,Scars of FAUNA,STD,MASTER,13+,13.8,165,ORANGE (橙),2014-11-26,否,scars of fauna|土神|钟离
479,STD,FLOWER,STD,MASTER,13+,13.9,173,ORANGE (橙),2014-10-29,否,flower|全機種制霸|🌹|花|花神|扶寿二|扶老二
463,STD,Back 2 Back,STD,MASTER,13+,13.7,150,GreeN+ (檄),2014-08-22,否,back 2 back|b歌|回2回|b2b|一笔画|2B|回二回|背2背|back to back
445,DX/STD,患部で止まってすぐ溶ける～狂気の優曇華院,STD,MASTER,13+,13.7,200,GreeN+ (檄),2014-05-15,否,患部で止まってすぐ溶ける～狂気の優曇華院|患部溶解|患部|优云华院|兔子药|肛塞|优昙华院|座药|overdrive|狂气的优昙华院|标准患部|标患部|绫地宁宁|一把米诺|dx患部|兔子跳|狂气优昙华院|铃仙
443,STD,電車で電車でOPA!OPA!OPA! -GMT mashup-,STD,MASTER,13+,13.8,134,GreeN+ (檄),2014-05-08,否,電車で電車でopa!opa!opa! -gmt mashup-|电车|电车go×幻想空间|电车opa|星星电车|南梦宫mashup|⭐🚎|0000
442,STD,オパ! オパ! RACER -GMT mashup-,STD,MASTER,13+,13.7,172,GreeN+ (檄),2014-05-08,否,オパ! オパ! racer -gmt mashup-|赛车|才八|幻想空间×山脊赛车|太东mashup|坟头对撞|才八才八|扫键电车
441,STD,リッジでリッジでGO!GO!GO! -GMT mashup-,STD,MASTER,13+,13.6,146,GreeN+ (檄),2014-05-08,否,リッジでリッジでgo!go!go! -gmt mashup-|电车|绝赞电车|go学长|世嘉mashup|电车gogogo|电车go|山脊赛车×电车go|键盘电车|标准电车
435,STD,Life Feels Good,STD,MASTER,13+,13.7,180,GreeN+ (檄),2014-04-10,否,life feels good|感觉很好|生活真美好|生活感觉好|生活好|好日子|真快活|倍儿爽|lfg
428,STD,magician's operation,STD,MASTER,13+,13.7,125,GreeN+ (檄),2014-03-20,否,magician's operation|黑屏|魔法手指|黑手|魔术手|魔法师手术|那刻夏
426,STD,DRAGONLADY,STD,MASTER,13+,13.9,150,GreeN+ (檄),2014-02-26,否,dragonlady|喇叭|ub|舍得|纵连女士|龙女士|母奶龙|龙玉涛|尼美舒利|龙之梦|龙女
423,STD,コトバ・カラフル,STD,MASTER,13+,13.7,169,GreeN+ (檄),2014-02-26,否,コトバ・カラフル|双押妹|女同|多彩言语|575|女同歌|歌组575|双押姐妹花|女同贴贴
411,STD,Nyan Cat EX,STD,MASTER,13+,13.8,150,GreeN (超),2014-01-09,否,nyan cat ex|彩虹猫|nya|🌈🐱|哈基米|湖南省歌
408,STD,DADDY MULK -Groove remix-,STD,MASTER,13+,13.8,154,GreeN (超),2013-12-05,否,daddy mulk -groove remix-|爹奶|大爹马克|大爹奶|爸爸奶|忍者战士|爹地奶|爹爹奶|爸爸的雷达
407,STD,裏表ラバーズ,STD,MASTER,13+,13.9,159,GreeN (超),2013-11-14,否,裏表ラバーズ|里表恋人|里表情人|里表|◐
397,STD,L'épilogue,STD,MASTER,13+,13.7,145,GreeN (超),2013-09-19,否,l'épilogue|法文歌|后记
395,STD,BREAK YOU!!,STD,MASTER,13+,13.7,167,GreeN (超),2013-09-19,否,break you!!|破坏你|爆你|炸你|breakyou|碎了你|绝赞你|跟你爆了
394,STD,Death Scythe,STD,MASTER,13+,13.8,182,GreeN (超),2013-09-19,否,death scythe|ds|死镰|死亡镰刀|死镰1
391,STD,夜咄ディセイブ,STD,MASTER,13+,13.8,260,GreeN (超),2013-09-05,否,夜咄ディセイブ|夜咄deceive|kano角色歌|夜出|夜谈欺骗|夜咄
389,DX/STD,魔理沙は大変なものを盗んでいきました,DX,MASTER,13+,13.6,170,CiRCLE+,2013-09-05,否,魔理沙は大変なものを盗んでいきました|魔理沙|123123|魔理沙大变|魔理沙大变态|魔理沙痴|魔理沙偷走了重要的东西|大盗魔理沙|魔理沙偷走重要的东西|魔理沙大变盗|123|魔理沙大盗|魔理沙盗大变
383,STD,ココロスキャンのうた,STD,MASTER,13+,13.8,203,GreeN (超),2013-08-07,否,ココロスキャンのうた|心灵扫描歌|音声感情测定器|migo|捂裆男|白色小人|三千|长梦不醒|少林捂裆功|飞行家|捂裆歌|武当派|捂裆派
382,STD,トルコ行進曲 - オワタ＼(^o^)／,STD,MASTER,13+,13.8,120,GreeN (超),2013-07-11,否,トルコ行進曲 - オワタ＼(^o^)／|\（^o^)／|土耳其进行曲|🇹🇷|土耳其
377,STD,みんなのマイマイマー,STD,MASTER,13+,13.7,175,GreeN (超),2013-07-11,否,みんなのマイマイマー|大家的maimai|大家的maimai人|大家的妈妈|🍥​|🍥|maimai|大家的maimai吗|大家的舞舞舞
373,STD,Beat of getting entangled,STD,MASTER,13+,13.8,140,GreeN (超),2013-07-11,否,beat of getting entangled|boge|一坨蓝|别急13|❓|胡辣汤
372,STD,Get Happy,STD,MASTER,13+,13.8,150,GreeN (超),2013-07-11,否,get happy|系统g|小系统z|给他哈皮|得到开心|得乐|水果沙拉|变得开心
369,STD,記憶、記録,STD,MASTER,13+,13.6,185,GreeN (超),2013-07-11,否,記憶、記録|lopit|恐怖谷|爆裂鼓手|记忆记录|菜头|命脉|记忆纪录|敲锣打鼓
353,STD,Turn around,STD,MASTER,13+,13.7,156,maimai+ (真),2013-05-09,否,turn around|ta|中国好声音|转弯|量子采音|橘之夏|转身|转向|转过来|转圈
346,DX/STD,炎歌 -ほむらうた-,STD,MASTER,13+,13.7,108,maimai+ (真),2013-04-23,否,炎歌 -ほむらうた-|广场舞|凤凰传奇|阉割|炎歌|dx炎歌
339,STD,FEEL ALIVE,STD,MASTER,13+,13.7,162,maimai+ (真),2013-03-14,否,feel alive|感觉死|小蜜蜂|感觉活|女人赛跑|感觉活着
337,STD,Space Harrier Main Theme [Reborn],STD,MASTER,13+,13.6,125,maimai+ (真),2013-02-20,否,space harrier main theme [reborn]|太空|太空哈姆|太空蛤蜊|太空哈利
330,STD,DO RORO DERODERO ON DO RORO,STD,MASTER,13+,13.7,190,maimai+ (真),2013-01-17,否,do roro derodero on do roro|dororo|多罗罗|百鬼|原批大战罕见2|百鬼大战罕见|百鬼大战绘卷|迪罗迪罗|源平2|doro
321,STD,Streak,STD,MASTER,13+,13.7,150,maimai+ (真),2012-12-13,否,streak|米奇妙妙屋|裸奔|青楼|拆房子|绿庙|绿房|牛排
320,STD,We Gonna Party,STD,MASTER,13+,13.7,159,maimai+ (真),2012-12-13,否,we gonna party|我们即将排队|咱想开派对|我们要派对|银趴|埃菲尔铁塔着火|我们去派对|埃菲尔铁塔圣诞树|埃菲尔铁塔|wgp|我们去银趴|铅神|铁塔
316,STD,腐れ外道とチョコレゐト,STD,MASTER,13+,13.7,260,maimai+ (真),2012-12-13,否,腐れ外道とチョコレゐト|外道|异端|该死的异端及巧克力|巧克力|腐外道|红雷小曲|🍫|该死的异端和巧克力
311,STD,おちゃめ機能,STD,MASTER,13+,13.6,150,maimai+ (真),2012-12-13,否,おちゃめ機能|机能|五月病|天真浪漫机能|天真烂漫机能
308,STD,Reach For The Stars,STD,MASTER,13+,13.9,203,maimai (真),2012-11-07,否,reach for the stars|一拳超人|索尼克缤纷色彩|立直为了星|索3|摘星|追星1|追星|索尼克
304,STD,JACKY [Remix],STD,MASTER,13+,13.7,135,maimai (真),2012-09-13,否,jacky [remix]|jacky|vr战士|舞萌往事
277,DX/STD,ネコ日和。,DX,MASTER,13+,13.7,171,PRiSM+ (彩),2012-07-11,否,ネコ日和。|猫咪日和|大臣日和|猫日和|猫天气
174,STD,ワンダーラスト,STD,MASTER,13+,13.6,230,FiNALE (輝),2019-06-07,否,
50,DX,テリトリーバトル,DX,MASTER,13+,13.6,140,UNiVERSE+ (星),2022-03-24,否,
45,DX,泥の分際で私だけの大切を奪おうだなんて,DX,MASTER,13+,13.7,225,UNiVERSE (宙),2021-11-26,否,
1808,DX,Intergalactic Bound,DX,MASTER,13,13.1,140,CiRCLE+,2026-05-29,否,
1806,DX,うたかたよいかないで,DX,MASTER,13,13.2,166,CiRCLE+,2026-05-14,否,
1805,DX,WWW,DX,MASTER,13,13.4,146,CiRCLE+,2026-05-14,否,
1802,DX,STRAY,DX,MASTER,13,13.3,130,CiRCLE+,2026-05-08,是,
1801,DX,オールマスター,DX,MASTER,13,13.3,150,CiRCLE+,2026-05-08,是,
1800,DX,Usagi Flap,DX,MASTER,13,13.2,170,CiRCLE+,2026-05-01,否,
1798,DX,Operation☆DOTABATA!,DX,MASTER,13,13.4,140,CiRCLE+,2026-05-01,否,
1795,DX,Nine Point Eight,DX,MASTER,13,13.4,164,CiRCLE+,2026-04-17,否,
1792,DX,雑魚,DX,MASTER,13,13.1,135,CiRCLE+,2026-04-03,否,
1790,DX,奇々解体,DX,MASTER,13,13.2,148,CiRCLE+,2026-04-01,是,
1784,DX,キミは“見ていたね”？,DX,MASTER,13,13.1,168,CiRCLE+,2026-04-01,否,
1775,DX,T氏の話を信じるな,DX,MASTER,13,13.2,143,CiRCLE+,2026-03-19,否,
1774,DX,オペラ！スペースオペラ！,DX,MASTER,13,13.3,198,CiRCLE+,2026-03-19,否,
1772,DX,テレパシ,DX,MASTER,13,13.3,205,CiRCLE+,2026-03-19,否,
1770,DX,Colorful Starting Line,DX,MASTER,13,13,162,CiRCLE+,2026-03-19,否,
1768,DX,無敵的ハピネス！(SOS団5人Ver.),DX,MASTER,13,13.2,185,CiRCLE+,2026-03-19,否,
1758,DX,give it up to you,DX,MASTER,13,13.2,174,CiRCLE (丸),2026-03-05,否,
1757,DX,WakeUP MakeUP FEVER!,DX,MASTER,13,13.3,126,CiRCLE (丸),2026-03-05,否,
1753,DX,恋の氷結おてんば湯けむりチルノ温泉,DX,MASTER,13,13.3,188,CiRCLE (丸),2026-02-20,否,
1748,DX,スローグロー,DX,MASTER,13,13.3,180,CiRCLE (丸),2026-02-06,是,
1744,DX/STD,Paranoia,DX,MASTER,13,13,150,Splash (爽),2020-09-17,否,paranoia|镶金灵梦|妄想症|金色灵梦
1741,DX,INTJINTPENTJENTPINFJENFJINFPENFPISTJISFJESTJESFJESTPISTPISFPESFP,DX,MASTER,13,13.3,150,CiRCLE (丸),2026-01-16,否,
1739,DX,勝手に生きましょ,DX,MASTER,13,13,176,CiRCLE (丸),2026-01-09,否,
1738,DX,うい麦畑でつかまえて,DX,MASTER,13,13.2,168,CiRCLE (丸),2026-01-09,否,
1737,DX,化けの花,DX,MASTER,13,13.4,180,CiRCLE (丸),2026-01-09,否,
1731,DX,スノーマン (Rerec),DX,MASTER,13,13.1,127,CiRCLE (丸),2025-12-24,否,
1727,DX,ミクマリ,DX,MASTER,13,13.5,174,CiRCLE (丸),2025-12-12,是,
1723,DX/STD,僕は空気が嫁ない,DX,MASTER,13,13.2,192,UNiVERSE (宙),2021-09-16,否,僕は空気が嫁ない|我不会察言观色|我要嫁给空气|空气嫁|空气|我不嫁给空气|嫁给空气|ky
1723,DX/STD,僕は空気が嫁ない,STD,MASTER,13,13.5,192,CiRCLE (丸),2021-09-16,否,僕は空気が嫁ない|我不会察言观色|我要嫁给空气|空气嫁|空气|我不嫁给空气|嫁给空气|ky
1720,DX,ジェットブラック,DX,MASTER,13,13.2,170,CiRCLE (丸),2025-11-20,否,
1714,DX,真空都市,DX,MASTER,13,13.4,185,CiRCLE (丸),2025-11-07,是,
1708,DX,はじまりの未来,DX,MASTER,13,13,156,CiRCLE (丸),2025-10-16,否,
1703,DX,拝啓、最高の思い出たち,DX,MASTER,13,13,124,CiRCLE (丸),2025-10-03,否,
1693,DX,サイエンス,DX,MASTER,13,13,188,CiRCLE (丸),,否,
1690,DX,有頂天ドリーマーズ,DX,MASTER,13,13.1,188,CiRCLE (丸),,否,
1687,DX,Bring it on,DX,MASTER,13,13.4,143,CiRCLE (丸),,否,
1686,DX,Overdose,DX,MASTER,13,13,118,CiRCLE (丸),2025-09-18,否,
1683,DX,死ぬな！,DX,MASTER,13,13.3,220,CiRCLE (丸),2025-09-18,否,
1682,DX,彩りキャンバス,DX,MASTER,13,13,180,CiRCLE (丸),2025-09-18,否,
1671,DX,帝国少女,DX,MASTER,13,13.3,118,PRiSM+ (彩),2025-08-22,否,
1670,DX,少女A,DX,MASTER,13,13.3,130,PRiSM+ (彩),2025-08-22,否,
1664,DX,お呪い,DX,MASTER,13,13,115,PRiSM+ (彩),2025-08-08,否,
1661,DX,Pixel Galaxy,DX,MASTER,13,13.1,150,PRiSM+ (彩),2025-08-01,否,
1653,DX/STD,プリズム△▽リズム,DX,MASTER,13,13,155,PRiSM (鏡),2024-09-12,否,プリズム△▽リズム|棱镜节奏|prism主题歌|相信彩虹2|prism rhythm|棱镜版本曲
1653,DX/STD,プリズム△▽リズム,STD,MASTER,13,13.2,155,PRiSM+ (彩),2024-09-12,否,プリズム△▽リズム|棱镜节奏|prism主题歌|相信彩虹2|prism rhythm|棱镜版本曲
1646,DX,三日月ステップ 2023,DX,MASTER,13,13,167,PRiSM+ (彩),2025-06-27,否,
1645,DX,㋰責任集合体,DX,MASTER,13,13.4,135,PRiSM+ (彩),2025-06-27,否,
1641,DX,RED,DX,MASTER,13,13.3,168,PRiSM+ (彩),2025-06-20,否,
1640,DX,うぇいびー,DX,MASTER,13,13,200,PRiSM+ (彩),2025-06-20,否,
1636,DX,抜錨,DX,MASTER,13,13,140,PRiSM+ (彩),2025-06-06,否,
1635,DX,ゼロトーキング,DX,MASTER,13,13.2,133,PRiSM+ (彩),2025-06-06,否,
1629,DX,"Help me, ERINNNNNN!!",DX,MASTER,13,13.3,185,PRiSM+ (彩),2025-05-21,否,"help me, erinnnnnn!!|erin|救我|帮我|帮帮我永琳姐|救救我"
1617,DX,ハオ,DX,MASTER,13,13.2,176,PRiSM+ (彩),2025-04-24,否,
1616,DX,あいたい星人,DX,MASTER,13,13.2,150,PRiSM+ (彩),2025-04-24,否,
1609,DX,マヌルネコのうた,DX,MASTER,13,13,137,PRiSM+ (彩),2025-04-01,否,
1607,DX,もういいよ,DX,MASTER,13,13.1,147,PRiSM+ (彩),2025-03-28,否,もういいよ
1599,DX,Idoratrize World,DX,MASTER,13,13.3,170,PRiSM+ (彩),2025-03-13,否,idoratrize world
1598,DX,のだ,DX,MASTER,13,13.3,142,PRiSM+ (彩),2025-03-13,否,のだ
1591,DX,ゆりかご,DX,MASTER,13,13,120,PRiSM+ (彩),2025-03-13,否,ゆりかご
1578,DX,いっぱい食べる君が好きだよ,DX,MASTER,13,13.2,224,PRiSM (鏡),2025-02-14,否,いっぱい食べる君が好きだよ
1577,DX,お願い！コンコンお稲荷さま,DX,MASTER,13,13.2,175,PRiSM (鏡),2025-02-14,否,お願い！コンコンお稲荷さま|拜托了！狐仙大人|拜托啦！狐仙大人|拜托了狐仙大人|拜托了！康康稻荷大人|稻荷|愿稻荷|九尾狐
1572,DX,いちげき！のテーマ,DX,MASTER,13,13.4,175,PRiSM (鏡),2025-02-07,否,いちげき！のテーマ|音击愚人节|吃我一击吧|一击|一击！
1568,DX,ワールドワイドワンダー,DX,MASTER,13,13,142,PRiSM (鏡),2025-01-24,否,ワールドワイドワンダー|checkmate|世界漫游|worldwide wander|全世界的漫游
1567,DX,モンスターカミング,DX,MASTER,13,13.2,210,PRiSM (鏡),2025-01-24,否,モンスターカミング
1559,DX,シスターシスター,DX,MASTER,13,13.2,150,PRiSM (鏡),2024-12-20,否,シスターシスター|sister sister|姐妹姐妹
1551,DX,オーバーライド,DX,MASTER,13,13.4,204,PRiSM (鏡),2024-12-06,否,オーバーライド|覆写|override|重写|重新改写
1550,DX,エイプリルスター,DX,MASTER,13,13.2,185,PRiSM (鏡),2024-12-06,否,エイプリルスター|april star
1546,DX,てらてら,DX,MASTER,13,13.1,190,PRiSM (鏡),2024-11-22,否,てらてら|忒啦忒啦|熠熠闪光|天马咲希
1544,DX,夢現妄想世界,DX,MASTER,13,13.4,195,PRiSM (鏡),2024-11-22,否,夢現妄想世界|梦限大|梦现妄想世界|悲报：啥是梦限大|啥是梦限大
1543,DX,転生林檎,DX,MASTER,13,13.2,145,PRiSM (鏡),2024-11-22,否,転生林檎|转生苹果|转生林檎|苹果|吃苹果
1542,DX,無間嫉妬劇場『666』,DX,MASTER,13,13,108,PRiSM (鏡),2024-11-08,否,無間嫉妬劇場『666』
1534,DX,Ourania,DX,MASTER,13,13.4,204,PRiSM (鏡),2024-10-25,否,ourania
1533,DX,人間が大好きなこわれた妖怪の唄,DX,MASTER,13,13.2,55,PRiSM (鏡),2024-10-11,否,人間が大好きなこわれた妖怪の唄|人间大好
1531,DX,"メイトなやつら（FEAT. 天開司, 佐藤ホームズ, あっくん大魔王 & 歌衣メイカ）",DX,MASTER,13,13,160,PRiSM (鏡),2024-10-11,否,"メイトなやつら（feat. 天開司, 佐藤ホームズ, あっくん大魔王 & 歌衣メイカ）|天开司"
1521,DX,リアライズ,DX,MASTER,13,13.2,150,PRiSM (鏡),2024-09-12,否,リアライズ|realize
1517,DX,デビルじゃないもん,DX,MASTER,13,13,154,PRiSM (鏡),2024-09-12,否,デビルじゃないもん|才不是恶魔呢|才不是恶魔
1515,DX,愛包ダンスホール,DX,MASTER,13,13.1,141,PRiSM (鏡),2024-09-12,否,愛包ダンスホール|爱派dancehall|爱包|爱包舞厅
1506,DX,パラドクスイヴ,DX,MASTER,13,13.5,180,PRiSM (鏡),2024-09-12,否,パラドクスイヴ
1502,DX,まっすぐ→→→ストリーム！,DX,MASTER,13,13.5,184,BUDDiES+ (宴),2024-08-30,否,まっすぐ→→→ストリーム！|右右右|千夏冲击！|→→→
1501,DX,シュガーホリック,DX,MASTER,13,13.1,170,BUDDiES+ (宴),2024-08-16,否,シュガーホリック|sugarholic|重度甜食控|周防|周防パトラ
1495,DX,The Cursed Doll,DX,MASTER,13,13.5,131,BUDDiES+ (宴),2024-08-02,否,the cursed doll|诅咒人偶|诅咒玩偶|诅咒娃娃
1492,DX,スティールユー,DX,MASTER,13,13.1,190,BUDDiES+ (宴),2024-07-19,否,スティールユー|steelyou|钢铁般的你|steal you
1491,DX,ラヴィ,DX,MASTER,13,13.2,183,BUDDiES+ (宴),2024-07-19,否,ラヴィ|lavie|拉薇|拉比|纳里纳里|lavi
1484,DX,Make Up Your World feat. キョンシーのCiちゃん & らっぷびと,DX,MASTER,13,13.4,180,BUDDiES+ (宴),2024-07-05,否,make up your world feat. キョンシーのciちゃん & らっぷびと
1482,DX,Shining Ray ～僕らの絆～,DX,MASTER,13,13.3,180,BUDDiES+ (宴),2024-06-21,否,shining ray ～僕らの絆～|shining ray
1475,DX,Bad Apple!! feat.nomico (Tetsuya Komuro Remix),DX,MASTER,13,13.3,135,BUDDiES+ (宴),2024-06-07,否,bad apple!! feat.nomico (tetsuya komuro remix)|黑苹果|坏苹果4|25黑苹果|坏苹果|马挖路坏苹果|星星坏苹果
1469,DX,ライアーダンサー,DX,MASTER,13,13.1,170,BUDDiES+ (宴),2024-05-24,否,ライアーダンサー|谎言舞者|蓝牙舞者|liardancer|ld|蓝牙|哦多累|蓝牙单色|liar dancer|铁托摇|欧都累
1463,DX,Cider P@rty,DX,MASTER,13,13.5,180,BUDDiES+ (宴),2024-05-10,否,cider p@rty|苹果酒派对|汽水派对|cider party|cp|黑楼十夜子
1460,DX,つづみぐさ,DX,MASTER,13,13.3,170,BUDDiES+ (宴),2024-04-26,否,
1459,DX,カーニバルハッピー,DX,MASTER,13,13.4,208,BUDDiES+ (宴),2024-04-26,否,
1456,DX,VOLT,DX,MASTER,13,13.4,174,BUDDiES+ (宴),2024-04-12,否,volt|伏特
1440,DX,さよならヒストリー,DX,MASTER,13,13,180,BUDDiES+ (宴),2024-03-21,否,さよならヒストリー|再见历史|慧音热舞|慧音老师
1439,DX,Freak Out Hr.,DX,MASTER,13,13.3,180,BUDDiES+ (宴),2024-03-21,否,freak out hr.|ykn和ksm|东云绘名vs宵崎奏|雄氏老方|女同17|ksm和ykn背靠背|黑白双煞|性感ksm和ykn|邦多利集结|邦高祖|ksm和ykn
1433,DX,過去を喰らう,DX,MASTER,13,13,187,BUDDiES+ (宴),2024-03-21,否,過去を喰らう|吞噬过去|花谱|吃过去
1427,DX,のじゃロリック,DX,MASTER,13,13.1,160,BUDDiES+ (宴),2024-03-21,否,のじゃロリック|结婚|结婚婚|你好结婚|女同18|コンコン結婚コン|婚婚结婚婚|bud+两小只|konkon结婚kon
1413,DX,ジェヘナ,DX,MASTER,13,13.3,128,BUDDiES (双),2024-02-16,否,ジェヘナ|地狱|gehenna
1407,DX,ULTRA POWER,DX,MASTER,13,13.5,142,BUDDiES (双),2024-01-26,否,ultra power|超强力量|超强能量|超能力|额外能量|bbox
1404,DX,ずんだもんの朝食　〜目覚ましずんラップ〜,DX,MASTER,13,13.1,260,BUDDiES (双),2024-01-26,否,ずんだもんの朝食 〜目覚ましずんラップ〜|毛豆叫床|毛豆精|起床歌|俊达萌的早餐|毛豆|起来啦|📣|📢|俊达萌|😆|朝食目觉|俊达萌叫床|起床|起きて|起床了|俊达萌叫起床|毛豆喊起床|起床战争|俊达萌起床|track skip|起床铃|大早上的你叫啥呀|朝食|吃早餐
1401,DX,RAD DOGS,DX,MASTER,13,13,140,BUDDiES (双),2024-01-11,否,rad dogs|红狗|迷人的新口型
1391,DX,フタタビ,DX,MASTER,13,13.4,136,BUDDiES (双),2023-12-22,否,フタタビ|凤笑梦|再度|再次|二度
1390,DX,シックスプラン,DX,MASTER,13,13.2,120,BUDDiES (双),2023-12-22,否,シックスプラン|跳楼2|六计划|6p|sixplan|6plan|第六计划|six plan
1379,DX,I’m Here (feat. Merry Kirk-Holmes),DX,MASTER,13,13.2,187,BUDDiES (双),2023-11-24,否,i’m here (feat. merry kirk-holmes)|im here|我在这|imhere|索尼克未知边境|我在这里|我在这儿
1376,DX,Love Kills U,DX,MASTER,13,13.4,160,BUDDiES (双),2023-11-10,否,love kills u|爱杀人|爱情害你|爱杀了你|爱死你了|爱音吃西瓜|爱杀你|lku
1375,DX,with U,DX,MASTER,13,13.4,155,BUDDiES (双),2023-11-10,否,with u|withu|和你|莉莉|千年虫
1370,DX,ぽわわん劇場,DX,MASTER,13,13.5,190,BUDDiES (双),2023-10-20,否,ぽわわん劇場|剧场|powawan theater|波弯弯剧场|泡泡剧场
1365,DX,ノンブレス・オブリージュ,DX,MASTER,13,13.1,148,BUDDiES (双),2023-10-06,否,ノンブレス・オブリージュ|喘不上来气|喘不上气|non-breath oblige|不要呼吸|我喘不上气儿|无呼吸|无呼吸义务|我喘不上气|看见光|萃萃薯条|我喘不上气我喘不上气|呼吸困难
1363,DX,Mystic Parade,DX,MASTER,13,13.5,133,BUDDiES (双),2023-09-22,否,mystic parade|神秘游行|男同5
1347,DX,1000年生きてる,DX,MASTER,13,13.4,100,BUDDiES (双),2023-09-14,否,1000年生きてる|超越光2|别急24|超越窗|1000年生|千年|一千年生|千年生|壁尻|存活千年
1341,DX,サンバディ！,DX,MASTER,13,13.2,136,BUDDiES (双),2023-09-14,否,サンバディ！|光吉猛修开车|somebody|本命盘|桑巴迪|光吉猛修开跑车|日本壮熊|两老头跳舞
1340,DX,NOIZY BOUNCE,DX,MASTER,13,13.4,150,BUDDiES (双),2023-09-14,否,noizy bounce|嘈杂弹跳|bud主题曲|双代主题曲|女同16|乙姬|拉兹|音浪激荡|噪音弹跳
1335,DX,Y.Y.Y.計画!!!!,DX,MASTER,13,13.3,186,FESTiVAL+ (祝),2023-09-01,否,y.y.y.計画!!!!|计画|yyy|yyy计画|yyy计划|世界计划
1332,DX,ド屑,DX,MASTER,13,13.2,115,FESTiVAL+ (祝),2023-08-18,否,ド屑|头屑|追追|卜屑|屑|人渣|渣滓|兰立忠|大人渣
1331,DX,感情ディシーブ,DX,MASTER,13,13.1,175,FESTiVAL+ (祝),2023-08-18,否,感情ディシーブ|感情|欺骗感情|感情欺诈
1326,DX,隠密あんみつDX,DX,MASTER,13,13.5,155,FESTiVAL+ (祝),2023-08-04,否,隠密あんみつdx|隐密馅密dx|王小桃|隐秘dx|隐密dx|隐密|隐秘馅密dx
1324,DX,テオ,DX,MASTER,13,13.2,185,FESTiVAL+ (祝),2023-07-21,否,テオ|teo|天才|提欧|将手|亍才
1315,DX,Kairos,DX,MASTER,13,13.5,200,FESTiVAL+ (祝),2023-06-22,否,kairos|时间之神|开罗|开肉丝|开罗斯
1313,DX,アンバークロニクル,DX,MASTER,13,13.3,192,FESTiVAL+ (祝),2023-06-22,否,アンバークロニクル|琥珀编年史
1311,DX,Bad Apple!! feat.nomico ～五十嵐 撫子 Ver.～,DX,MASTER,13,13.3,141,FESTiVAL+ (祝),2023-06-08,否,bad apple!! feat.nomico ～五十嵐 撫子 ver.～|彩绿烂苹果|彩绿坏苹果|纵连坏苹果|中二坏苹果|彩绿苹果|坏苹果|烂苹果
1308,DX,私のドッペルゲンガー,DX,MASTER,13,13.2,190,FESTiVAL+ (祝),2023-05-26,否,私のドッペルゲンガー|分身|我的分身|my doppelganger|可不拔大蒜|私
1306,DX,インターネットサバイバー,DX,MASTER,13,13.4,172,FESTiVAL+ (祝),2023-05-26,否,インターネットサバイバー|网瘾二小姐|兰|东方超天酱|互联网幸存者|网络幸存者|互联网生存者|东方互联网|芙兰朵露重度依赖|东方女孩重度依赖|internet survivor|芙兰朵露|生存者
1305,DX,DROPS feat. Such,DX,MASTER,13,13.2,120,FESTiVAL+ (祝),2023-05-12,否,drops feat. such|drops|落
1302,DX,PERSONA feat. PANXI,DX,MASTER,13,13.3,175,FESTiVAL+ (祝),2023-05-12,否,persona feat. panxi|偏铝酸钠|p5|persona|女神异闻录5|女神异闻录
1301,DX,Sunday Night feat Kanata.N,DX,MASTER,13,13.5,143,FESTiVAL+ (祝),2023-05-12,否,sunday night feat kanata.n|周日夜晚|星期日夜晚|像素儿子|带孩子|周日夜|周日晚|小登
1294,DX,The 90's Decision,DX,MASTER,13,13,128,FESTiVAL+ (祝),2023-04-14,否,the 90's decision|90秒|90s
1291,DX,Lights of Muse,DX,MASTER,13,13.2,180,FESTiVAL+ (祝),2023-04-14,否,lights of muse|暮色的光|lom|布若|卡姿兰大眼睛|喵斯之光|喵斯光
1290,DX,Shooting Shower～DANCE TIME(シンディ)～,DX,MASTER,13,13,149,FESTiVAL+ (祝),2023-04-01,否,shooting shower～dance time(シンディ)～|disc up|好闻|爆炸头
1287,DX,INTERNET OVERDOSE,DX,MASTER,13,13.5,163,FESTiVAL+ (祝),2023-03-23,否,internet overdose|overdose|超天酱|小天使请安|玉玉症|管人|kotoko|地雷女|io|我有玉玉症|daisuke|主播女孩重度依赖|网络过量|我有抑郁症|升天|主播女孩|土豆地雷|74块钱|朝天椒
1280,DX,阿修羅ちゃん,DX,MASTER,13,13.2,156,FESTiVAL+ (祝),2023-03-23,否,阿修羅ちゃん|阿修罗酱|阿修罗
1279,DX,魔法少女とチョコレゐト,DX,MASTER,13,13.5,150,FESTiVAL+ (祝),2023-03-23,否,魔法少女とチョコレゐト|巧克力2|魔法少女与巧克力|腐外道2|魔法少女巧克力|巧克力|马猴烧酒和巧克力|魔法少女和巧克力|魔法少女
1277,DX,不機嫌なスリーカード,DX,MASTER,13,13,195,FESTiVAL+ (祝),2023-03-23,否,不機嫌なスリーカード|心烦意乱three card|不机嫌|欢乐斗地主|三卡
1275,DX,ヒバリ,DX,MASTER,13,13.4,140,FESTiVAL+ (祝),2023-03-23,否,ヒバリ|俩个羽毛球|两个羽毛球|羽毛球|姬雏鸟|hibari|云雀|七八刀|羽毛球跳舞|匕八刀
1268,DX,ロータスイーター,DX,MASTER,13,13.3,142,FESTiVAL (祭),2023-03-10,否,ロータスイーター|浑噩度日之人|lotus eater|莲花食者|食莲者|石楠花
1265,DX,ボッカデラベリタ,DX,MASTER,13,13.2,170,FESTiVAL (祭),2023-03-10,否,ボッカデラベリタ|真理之口
1257,DX,へべれけジャンキー,DX,MASTER,13,13.2,104,FESTiVAL (祭),2023-02-17,否,へべれけジャンキー|喝醉的五条悟|酩酊大醉的瘾君子|daisuke
1248,DX,Ghost Dance,DX,MASTER,13,13.3,154,FESTiVAL (祭),2023-01-20,否,ghost dance|鬼舞|gd|魂5|幽灵跳舞
1246,DX,アイム・マイヒーロー,DX,MASTER,13,13.2,138,FESTiVAL (祭),2023-01-06,否,アイム・マイヒーロー|马云|英雄|i am my hero|我是自己的英雄
1245,DX,In my world (Prod. KOTONOHOUSE),DX,MASTER,13,13.3,160,FESTiVAL (祭),2023-01-06,否,in my world (prod. kotonohouse)|in my world|在我的世界|imw
1242,DX,ばかみたい【Taxi Driver Edition】,DX,MASTER,13,13.4,74,FESTiVAL (祭),2022-12-23,否,ばかみたい【taxi driver edition】|像笨蛋一样|八嘎米袋|别急20|打咩打捏|如龙的雨|笨蛋|八嘎|oceancat|羽染|玛恩纳|哭包羽染|像个傻瓜|🐶|如龙5|bakamitai|海猫络合物|海猫|damedane|🥃|铃木太一|哒咩哒咩
1239,DX,ピリオドサイン,DX,MASTER,13,13.5,195,FESTiVAL (祭),2022-12-16,否,ピリオドサイン|终点2|ps|枫原万叶|休止符|周期符号|period sign
1238,DX,Falling,DX,MASTER,13,13.4,122,FESTiVAL (祭),2022-12-16,否,falling|跳楼|佛泠|下落
1237,DX,RIFFRAIN,DX,MASTER,13,13.2,122,FESTiVAL (祭),2022-12-16,否,riffrain|达令达令|轮符雨
1235,DX,Dive into the ZONe,DX,MASTER,13,13.3,160,FESTiVAL (祭),2022-12-02,否,
1228,DX,秋の未確認生物,DX,MASTER,13,13,185,FESTiVAL (祭),2022-11-04,否,秋の未確認生物|未确认生物|秋的未确认生物|生物|秋之未确认生物
1227,DX,マーシャル・マキシマイザー,DX,MASTER,13,13.2,190,FESTiVAL (祭),2022-11-04,否,マーシャル・マキシマイザー|可不戴耳机|马修麦泽|最大化|mm|最大化者|马歇尔最大化器|马歇尔|marshall maximizer|可不听歌|maximizer|马歇尔最大化
1224,DX,銀のめぐり,DX,MASTER,13,13,170,FESTiVAL (祭),2022-10-21,否,銀のめぐり|银的轮回|银|银的循环|古明地觉
1221,DX,Catch Me If You Can,DX,MASTER,13,13.2,130,FESTiVAL (祭),2022-10-21,否,catch me if you can|你抓不住我|抓我|兔女郎|有种抓住我|早乙女彩华|兔女郎彩华|猫鼠游戏|露娜|樱岛麻衣|来抓我呀|抓我如果你可以|山里灵活的狗|如果你能抓到我|山吹沙绫
1220,DX,ワーワーワールド,DX,MASTER,13,13,160,FESTiVAL (祭),2022-10-07,否,ワーワーワールド|哇哇世界|wawaworld|世世世界
1213,DX,スカーレット警察のゲットーパトロール24時,DX,MASTER,13,13.5,160,FESTiVAL (祭),2022-09-15,否,スカーレット警察のゲットーパトロール24時|👮|东方警察24时|24时|蟑螂跳舞|东方警察|警察出警24小时|funky|警察24时|斯卡雷特警察|斯卡蕾特警察|24时警察|斯卡雷特|斯卡蕾特|蕾米出警|琪露诺跳舞|警察|蕾米琪露诺斗舞|尾杀大b圈
1212,DX,EYE,DX,MASTER,13,13,137,FESTiVAL (祭),2022-09-15,否,eye|眼睛|👀|羊哥|林狗
1207,DX,アニマル,DX,MASTER,13,13.1,188,FESTiVAL (祭),2022-09-15,否,アニマル|animal|猫猫初音|猫抓板|deco喵喵叫|动物|猫葱
1200,DX,ホシシズク,DX,MASTER,13,13.1,182,FESTiVAL (祭),2022-09-15,否,ホシシズク|星雨|fes主题曲|繁星点点|三小只过节|三小只2
1199,DX,Transcend Lights,DX,MASTER,13,13.5,70,UNiVERSE+ (星),2022-09-02,否,transcend lights|超越光|九月的雨|超超光光|美瞳广告|小女孩们的茶话会|超越之光|bright主题曲|别急19|音击的武士|tl|萝莉的雨|音击妹妹|114514|音击的雨
1196,DX,撩乱乙女†無双劇,DX,MASTER,13,13.4,165,UNiVERSE+ (星),2022-09-02,否,撩乱乙女†無双劇|中间有个十字架|女同14|撩乱乙女无双剧|撩乱乙女|撩乱|缭乱乙女|女同3p|triedge|无双剧|咚咚咚咚|乙女无双
1195,DX,パズルリボン,DX,MASTER,13,13.3,215,UNiVERSE+ (星),2022-08-19,否,パズルリボン|蝴蝶结|拼图丝带|puzzle ribbon|红发男|游乐王子|未知无心|东云彰人
1185,DX,ツクヨミステップ,DX,MASTER,13,13.5,172,UNiVERSE+ (星),2022-07-22,否,ツクヨミステップ|月读|水枪|斯普拉遁|月读舞步|女人拿水枪|戴帽女人滋水枪|水枪姐|嗒嗒啦嗒啦嗒嗒
1184,DX,コスモポップファンクラブ,DX,MASTER,13,13.2,189,UNiVERSE+ (星),2022-07-22,否,コスモポップファンクラブ|芭芭拉拉粑粑|吧啦吧吧吧|cosmo pop funclub|宇宙流行乐俱乐部|小魔仙|cpfc|巴啦啦小魔仙|巴啦啦|巴拉巴巴巴
1180,DX,三妖精SAY YA!!!,DX,MASTER,13,13.3,150,UNiVERSE+ (星),2022-07-01,否,三妖精say ya!!!|三铸币开大|saya|say ya|三笨蛋|三小只|我们三|三月精|三妖精塞牙|tfgirls|萨莉亚|三妖精|三亚|月下三妖精
1178,DX,"大輪の魂 (feat. AO, 司芭扶)",DX,MASTER,13,13.3,137,UNiVERSE+ (星),2022-07-01,否,"大輪の魂 (feat. ao, 司芭扶)|大轮之魂|元梦之星|大轮的魂|大轮|大轮魂|东方海底谭|大海底谭"
1172,DX,ヒトガタ,DX,MASTER,13,13.4,150,UNiVERSE+ (星),2022-06-10,否,ヒトガタ|人型|人形|管人跳舞|东雪莲跳舞|一棵树两个人|himehina|hitogata|匕卜力夕|人偶
1162,DX,Define,DX,MASTER,13,13.5,175,UNiVERSE+ (星),2022-05-13,否,define|定义|吓哭小孩|小孩被吓哭|这得有13
1161,DX,BANG!,DX,MASTER,13,13.1,128,UNiVERSE+ (星),2022-05-13,否,bang!|钢管|棒|邦|bang
1159,DX/STD,サンバランド,STD,MASTER,13,13.2,132,UNiVERSE+ (星),2020-01-10,否,サンバランド|仰卧起坐|标准仰卧起坐|佐藤|标准桑巴|桑巴|面具男
1158,DX,パーフェクション,DX,MASTER,13,13.4,190,UNiVERSE+ (星),2022-04-28,否,パーフェクション|perfection|完美|完美物质
1157,DX,デーモンベット,DX,MASTER,13,13.2,107,UNiVERSE+ (星),2022-04-28,否,デーモンベット|deamon bet|恶魔赌局|恶魔赌约|男同|恶魔赌博|daemon bet|男同3|demon bet
1150,DX,若い力,DX,MASTER,13,13.3,114,UNiVERSE+ (星),2022-04-01,否,若い力|本社|世嘉|社歌|sega大楼|若之力|sbga社歌|年轻的力量|若以力|sbga|本社爆破|sega社歌|sega|世嘉社歌|若力
1145,DX,エンヴィーベイビー,DX,MASTER,13,13,171,UNiVERSE+ (星),2022-03-24,否,エンヴィーベイビー|剔牙|envy baby|林尼|雀魂|拼多多|嫉妒宝贝|打牌|envybaby|envy
1139,DX,ｉｓｏｐｈｏｔｅ,DX,MASTER,13,13,160,UNiVERSE+ (星),2022-03-24,否,ｉｓｏｐｈｏｔｅ|全角英文|isophote|女同10|vrchat|等照度线|恋爱裁判2|琪芽|姛|iso|打字带空格|女同
1137,DX/STD,Halcyon,DX,MASTER,13,13.5,191,でらっくす (熊),2019-07-19,否,halcyon|翡翠鸡|sd🐔|翡翠鸟|标准翡翠鸡|标翡翠鸡|静谧之鸟|翡鸡杯|脆皮鸡|dx翡翠鸡|浅鸽处刑曲|🐔
1134,DX,Limits,DX,MASTER,13,13.5,140,UNiVERSE (宙),2022-03-11,否,limits|限制|极限
1133,DX,We Are Us,DX,MASTER,13,13.5,145,UNiVERSE (宙),2022-03-11,否,we are us|我们是美国|wau|我们是我们
1130,DX,リモコン,DX,MASTER,13,13.2,165,UNiVERSE (宙),2022-02-25,否,リモコン|双子转转转|switch|遥控器|思维驰学习机
1129,DX,アカツキアライヴァル,DX,MASTER,13,13,125,UNiVERSE (宙),2022-02-25,否,アカツキアライヴァル|拂晓|初音未来和波奇|鱼葱|女同8|拂晓已至|拂晓抵达|akatsuki arrival
1128,DX,ラグトレイン,DX,MASTER,13,13.2,147,UNiVERSE (宙),2022-02-25,否,ラグトレイン|延误列车|打地鼠|延迟列车|烟雾列车|少女终末旅行|列车|15列车|lag train|电车迟到|lagtrain
1127,DX,春嵐,DX,MASTER,13,13.4,140,UNiVERSE (宙),2022-02-25,否,春嵐|春风|蓝色妖姬|哈姆风暴|蓝色妖姬切尔西|哈利路大旋风|春天的风暴|春岚
1122,DX,ヒステリックナイトガール,DX,MASTER,13,13,126,UNiVERSE (宙),2022-01-28,否,ヒステリックナイトガール|啊啊啊啊！|歇斯底里|竭斯底里|歇斯底里夜女郎|歇斯底里女孩|歇斯底里夜晚女孩|夜晚歇斯底里女孩|歇斯底里的深夜女孩|眼保健操|歇斯底里的夜间女郎
1121,DX,インドア系ならトラックメイカー,DX,MASTER,13,13.4,128,UNiVERSE (宙),2022-01-28,否,インドア系ならトラックメイカー|室内系|nichan|小姐姐|一笔画|室内轨道制造商|indoor系|室内系的track maker|内向都是作曲家|室内系的trackmaker|track maker|法修散打
1116,DX,ぱくぱく☆がーる,DX,MASTER,13,13.2,121,UNiVERSE (宙),2022-01-14,否,ぱくぱく☆がーる|江江炫饭|报菜名|江江|江江下锅|江江报菜名|江江今天吃什么|pac pac girl|大胃袋江子
1114,DX,神々が恋した幻想郷,DX,MASTER,13,13.5,155,UNiVERSE (宙),2022-01-06,否,神々が恋した幻想郷|东方南十字|众神眷恋的十字星|幻想乡|神恋|东十字|众神眷恋的幻想乡|testify|神都得意俺们屯|东十字星|青春版白南十字星|神仙稀罕俺们屯|终神眷恋的南十字|神眷|小南十字
1112,DX,ノイローゼ,DX,MASTER,13,13,200,UNiVERSE (宙),2021-12-24,否,ノイローゼ|神经病|神经质|米津玄师|兔子魔术师|神经症|neurose|神经官能症
1111,DX,悪魔の踊り方,DX,MASTER,13,13.2,106,UNiVERSE (宙),2021-12-24,否,悪魔の踊り方|恶魔|恶魔的舞蹈方式|恶魔踊|恶魔跳舞|👿👯|👁|👁️|恶魔跳舞的方式|踊方
1110,DX,失敗作少女,DX,MASTER,13,13.1,235,UNiVERSE (宙),2021-12-24,否,失敗作少女|失败作少女|我肯定|失败作|成功当男娘
1105,DX,Round Round Spinning Around,DX,MASTER,13,13.3,175,UNiVERSE (宙),2021-12-10,否,round round spinning around|转转|魔爪吊带袜美少女|大鸟转转转|绕着旋转|rrsa|滨州转转转|跑跑卡丁车|转转转转|转圈圈|赤墨
1101,DX,幻想に咲いた花,DX,MASTER,13,13.1,186,UNiVERSE (宙),2021-11-12,否,幻想に咲いた花|幻想花|幻想之花|弹幕神乐|幻想咲花
1100,DX,紅星ミゼラブル～廃憶編,DX,MASTER,13,13.2,160,UNiVERSE (宙),2021-11-12,否,紅星ミゼラブル～廃憶編|蕾米莉亚吹滴答|红星|蕾米吹小号|蕾米吹喇叭|蕾米吹zun号|蕾米莉亚吹喇叭|蕾米莉亚吹小号
1099,DX,Sweets Time,DX,MASTER,13,13.1,150,UNiVERSE (宙),2021-11-12,否,sweets time|强强虫|芙兰数星星|小幸隐|迪士尼乐园|甜时间|甜蜜时光
1098,DX/STD,Technicians High,DX,MASTER,13,13.4,165,でらっくす (熊),2019-08-09,否,technicians high|蓝的盆|高科技|标准科技高|科技很高|科技高|dx科技高|科技
1091,DX,MOBILYS,DX,MASTER,13,13.1,144,UNiVERSE (宙),2021-10-01,否,mobilys|困锁的灯|橘子怪兽二|摸比利|灯笼|灯泡|灯球|💡|光球|灯灯灯灯|电灯泡
1089,DX,アンビバレンス,DX,MASTER,13,13,187,UNiVERSE (宙),2021-09-22,否,アンビバレンス|言叶5|ambivalence|我喜欢阿瓦鲁|二律背反|矛盾心理|穿心
1088,DX,Southern Cross,DX,MASTER,13,13.2,171,UNiVERSE (宙),2021-09-22,否,southern cross|南方十字|特大|南十字星|全是交互|麦当劳1+1|南十字|南十字深深封印|噩梦之城|打交神曲|403|♂十字|守护南十字星|舞萌特大|🌟|1+1|一加一|打交|商场跑圈|舞立方体验票|星星保卫战|绕着商场跑一圈|鼓手模拟器|和ysk猜拳
1082,DX,イヤホンロマンス,DX,MASTER,13,13.1,132,UNiVERSE (宙),2021-09-16,否,
1078,DX,トリアージ,DX,MASTER,13,13.3,180,UNiVERSE (宙),2021-09-16,否,トリアージ|碑谷|纪念碑谷|triage|分诊|多米诺骨牌
1077,DX,噛み係,DX,MASTER,13,13.5,148,UNiVERSE (宙),2021-09-16,否,噛み係|神灵附体|噛係|啮系|咬系|齿系|啮|大教堂|96猫
1073,DX,Splash Dance!!,DX,MASTER,13,13.4,155,Splash+ (煌),2021-09-03,否,splash dance!!|五个音击小女孩|爽舞|水花之舞|泳装2|splash dance|飞溅之舞
1069,DX,アルティメットセンパイ,DX,MASTER,13,13.1,145,Splash+ (煌),2021-08-20,否,アルティメットセンパイ|究极先辈|小黄毛|先辈|究极前辈
1062,DX,ディカディズム,DX,MASTER,13,13.2,124,Splash+ (煌),2021-08-05,否,ディカディズム|皇帝小兵|皇帝排队|年代主义|decadism
1058,DX,キラメキ居残り大戦争,DX,MASTER,13,13.2,212,Splash+ (煌),2021-07-09,否,キラメキ居残り大戦争|女同大战争|居残|女同2|女同歌|大战争|居残大战争|女同大作战
1052,DX,トランスダンスアナーキー,DX,MASTER,13,13.5,195,Splash+ (煌),2021-06-11,否,トランスダンスアナーキー|trance|尬舞姐妹|女同9|trance dance anarchy
1051,DX,ハウリング,DX,MASTER,13,13.1,184,Splash+ (煌),2021-06-11,否,ハウリング|黄灵梦|黄|yellow|howling|嚎叫
1050,DX,下克上々,DX,MASTER,13,13,164,Splash+ (煌),2021-06-11,否,下克上々|少女炼狱2|0克1|田忌赛马|正邪|下克上
1041,DX,ALiVE,DX,MASTER,13,13.2,170,Splash+ (煌),2021-05-14,否,alive|余华|嗷呜|活着|活
1040,DX,ベースラインやってる？笑,DX,MASTER,13,13.4,128,Splash+ (煌),2021-05-14,否,ベースラインやってる？笑|lol|变态萝莉|bassline|什么什么笑|颜文字|女流氓|妹妹v50|痴女nanahira|学妹恰个v|女痴汉|笑|nanahira|舞时|妹妹恰个v|ななひら|要来段bassline吗？笑
1036,DX,届かない花束,DX,MASTER,13,13.1,180,Splash+ (煌),2021-04-28,否,届かない花束|传达不到的花束|花束|送不到的花束|届不到的花束|届花束
1034,DX,Rush-More,DX,MASTER,13,13.5,160,Splash+ (煌),2021-04-16,否,rush-more|rush|冲多|冲多了|冲多点|冲很多|冲更多|rushmore|多冲点|交友不慎|rush more|削除冲多了|多冲
1031,DX,みなえをチェック！,DX,MASTER,13,13,178,Splash+ (煌),2021-04-09,否,みなえをチェック！|美苗|口水歌|指挥棒|注目
1030,DX,単一指向性オーバーブルーム,DX,MASTER,13,13.2,158,Splash+ (煌),2021-04-09,否,単一指向性オーバーブルーム|开花|单一指向性|单向性|单一|单一手癖性|大额头
1021,DX,ロストワードクロニカル,DX,MASTER,13,13.4,184,Splash+ (煌),2021-03-18,否,ロストワードクロニカル|东方归言录|lostword|归言录|lost word chronicle|东方号哭|lw|东方lostword|归言录编年史
1020,DX,KING,DX,MASTER,13,13,166,Splash+ (煌),2021-03-18,否,king|汉堡王|👑|姐就是女王|无名指抠牙|剔牙|浮游生物|小夫|无名指扣牙|burger king|霸者|王|哈哈你是王
1014,DX,時計の国のジェミニ,DX,MASTER,13,13,180,Splash+ (煌),2021-03-18,否,時計の国のジェミニ|时针之国|时针|钟表之国|时计|时针国|时计之国|时钟|时钟之国|时之国|时计国|时钟国
1012,DX,Paradisoda,DX,MASTER,13,13.1,135,Splash+ (煌),2021-03-18,否,paradisoda|侧漏|苏打|天堂汽水|sp+主题曲|soda|天堂苏打|splashplus主题曲|splash+主题曲|苏打天堂|泳装乙姬|快乐水
1008,DX,トリドリ⇒モリモリ！Lovely fruits☆,DX,MASTER,13,13.2,185,Splash (爽),2021-03-04,否,トリドリ⇒モリモリ！lovely fruits☆|美亚|水果摊子|可爱的水果|水果歌|喵呼|合成大西瓜|可爱水果|水果
1007,DX,ポケットからぬりつぶせ！,DX,MASTER,13,13.2,126,Splash (爽),2021-03-04,否,ポケットからぬりつぶせ！|三小只|口袋涂鸦
1002,DX,Dive into The Sky ～initialized～,DX,MASTER,13,13,165,Splash (爽),2021-02-05,否,dive into the sky ～initialized～|dive|潜入天空|风神少女|dive into the sky
1000,DX,物凄いヴァイブスで魔理沙が物凄いラップ,DX,MASTER,13,13.4,173,Splash (爽),2021-02-05,否,物凄いヴァイブスで魔理沙が物凄いラップ|妹红吸烟|藤原妹红抽大烟|物凄|魔理沙抽烟|妹红打永夜抄|vibes|消声器|夜店魔理沙|妹红抽烟|物凄魔理沙
996,DX,劣等上等,DX,MASTER,13,13.2,160,Splash (爽),2021-01-21,否,劣等上等
986,DX,ユメヒバナ,DX,MASTER,13,13.4,151,Splash (爽),2020-12-11,否,ユメヒバナ|梦之火花|掉毛小哥哥|梦火花
982,DX,レーイレーイ,DX,MASTER,13,13.2,188,Splash (爽),2020-11-27,否,レーイレーイ|星野爱|荷珀|抓鬼|捉鬼|抓鬼星野爱|三色幽灵|幽灵|胡桃
977,DX,デリヘル呼んだら君が来た,DX,MASTER,13,13.1,190,Splash (爽),2020-10-30,否,デリヘル呼んだら君が来た|粉毛|卡姿兰大眼睛|叫了应召女郎结果来的是你|呼君来|应召女郎
971,DX,Aetheric Energy,DX,MASTER,13,13.4,205,Splash (爽),2020-10-16,否,aetheric energy|ae|❤|以太能量|应用工程|亚当重锤|壱王
967,DX,ガランド,DX,MASTER,13,13,93,Splash (爽),2020-10-01,否,ガランド|别急3.5|触手|噬菌体|garando|airhead|空气头|罐头章鱼|黑色树枝|易拉罐
966,DX,絶え間なく藍色,DX,MASTER,13,13.4,125,Splash (爽),2020-10-01,否,絶え間なく藍色|绝蓝|绝间蓝色|无尽的蓝色|绝间蓝|蓝色|无尽之蓝|无尽蓝色|超羽天狼星|绝绝子蓝色|小海底潭
959,DX,アンクローズ・ヒューマン,DX,MASTER,13,13.2,178,Splash (爽),2020-09-17,否,アンクローズ・ヒューマン|敬爱|玻璃心|unclosehuman|unclosed human|unclose human|里表情人2|永不落幕的人
953,DX,Boys O’Clock,DX,MASTER,13,13.1,262,Splash (爽),2020-09-17,否,boys o’clock|男同时间到|男同时刻|tfboys|男同时间|男孩时间
952,DX,ぼくたちいつでも　しゅわっしゅわ！,DX,MASTER,13,13,132,Splash (爽),2020-09-17,否,ぼくたちいつでも しゅわっしゅわ！|休哇休哇|咻哇咻哇|彩黑|修车|柠檬熊|雨刮器2|修哇修哇|阿驿|修哇|splash主题曲|丸山彩|happyhappy|咻哇|雪碧
950,DX,popcorn,DX,MASTER,13,13.2,130,でらっくす+ (華),2020-09-04,否,popcorn|高松灯|企鹅警长|帝企哥|出警|企鹅物流|爆米花
937,DX,アスヘノBRAVE,DX,MASTER,13,13,150,でらっくす+ (華),2020-07-17,否,アスヘノbrave|brave
936,DX,すーぱーぬこになれんかった,DX,MASTER,13,13.2,190,でらっくす+ (華),2020-07-17,否,すーぱーぬこになれんかった|投降猫|超级猫|没能成为超级猫猫|无法成为超级猫猫|超猫2|没变成猫猫|蓝蓝路|超级猫咪|猫咪|变不成猫|超级猫猫
934,DX,共鳴,DX,MASTER,13,13.2,174,でらっくす+ (華),2020-07-03,否,共鳴|共鸣
932,DX,Stardust Memories,DX,MASTER,13,13,180,でらっくす+ (華),2020-07-03,否,stardust memories|星尘记忆|sm|星尘回忆|🌍|🌏
930,DX,ワードワードワード,DX,MASTER,13,13.4,137,でらっくす+ (華),2020-06-26,否,ワードワードワード|hudelou|豪华海底潭|touch海底谭|word word word|二位一体|旋转胡德路|哇多哇多哇多|touch海底潭|dx海底谭|dx海底潭|www|wordwordword
923,DX,ブレインジャックシンドローム,DX,MASTER,13,13.3,204,でらっくす+ (華),2020-03-19,否,ブレインジャックシンドローム|墨镜女歌手|利香|吉他|夜空梅露|话筒姐|头脑风暴|杰克逊综合症|头脑风暴综合症|内内内|brainjack syndrome|拽女唱歌|墨镜女
922,DX,Flashkick,DX,MASTER,13,13.2,175,でらっくす+ (華),2020-03-19,否,flashkick|黄色闪光|滑铲|闪电旋风踢|闪电旋风劈|flash|闪击|闪踢
918,DX,バイオレンストリガー,DX,MASTER,13,13.2,196,でらっくす+ (華),2020-03-06,否,バイオレンストリガー|jerry|危险扳机|暴力扳机|陶大冲|扳机|暴力板机|暴力拆机|杰瑞|megumegu
908,DX,ソリッド,DX,MASTER,13,13.4,222,でらっくす+ (華),2020-01-23,否,ソリッド|大穷鬼|大贫民|大穷比|solid|大穷逼
898,DX,ここからはじまるプロローグ。,DX,MASTER,13,13.4,182,でらっくす+ (華),2020-01-23,否,ここからはじまるプロローグ。|从此开始的序章|从现在开始的序曲|小狐狸|福瑞举剑|prologue|小生煎|口口一夕|兽太|福瑞小英雄|猫圣剑|电子福瑞|由此开始的序章|序章|福瑞控|小圣剑|小福瑞|像素福瑞|像素圣剑|圣剑0|prologue starting|福瑞勇者|狐狸剑|松鼠|序言|福瑞救老婆|小福瑞找对象|从这里开始的序章
893,DX,BOKUTO,DX,MASTER,13,13.4,188,でらっくす (熊),2020-01-10,否,bokuto|→↓→↓→↓→↓|破裤头|剥裤头|波裤头
877,DX,Now or Never,DX,MASTER,13,13.5,202,でらっくす (熊),2019-10-18,否,now or never|机不可失时不再来|non|现在或从不|时不我待
876,DX,福宿音屋魂音泉,DX,MASTER,13,13,162,でらっくす (熊),2019-10-18,否,福宿音屋魂音泉|魂音泉|福州温泉|福州男同|敬业福
875,DX,キリキリ舞Mine,DX,MASTER,13,13.4,168,でらっくす (熊),2019-10-18,否,キリキリ舞mine|キリキリ|舞mine|girigiri舞|kirikiri
870,DX,骸骨楽団とリリア,DX,MASTER,13,13.4,260,でらっくす (熊),2019-09-20,否,骸骨楽団とリリア|👉🏻😕👈🏻|骸骨|莉莉亚|骸骨乐团|骸骨乐团与莉莉亚|腿子
869,DX,デンパラダイム,DX,MASTER,13,13.3,220,でらっくす (熊),2019-09-20,否,デンパラダイム|denparadigm|木棍入侵正方形他家|电波|传送带|电波范式
854,DX,ナイト・オブ・ナイツ (Cranky Remix),DX,MASTER,13,13.2,180,でらっくす (熊),2019-07-11,否,ナイト・オブ・ナイツ (cranky remix)|nok2|夜骑|咲夜|夜骑remix|盗版夜骑|夜骑2|cranky夜骑|night of knights|dx夜骑|cranky也要当夜骑|十六夜咲夜|nok|remix夜骑
846,DX,P-qoq,DX,MASTER,13,13.2,175,でらっくす (熊),2019-07-11,否,p-qoq|灯射来红|qoq|激光火箭|oppo|星际拉面快递|拉面火箭|孔雀
842,DX,Secret Sleuth,DX,MASTER,13,13.3,288,でらっくす (熊),2019-07-11,否,secret sleuth|ss|兔爷快乐歌|言叶2|秘密侦探|咪咪蒸蛋
840,DX/STD,Believe the Rainbow,DX,MASTER,13,13,133,PRiSM+ (彩),2019-05-10,否,believe the rainbow|🌈|北面|别信彩虹|辉代主题曲|相信彩虹|彩虹|彩虹六号|相信LGBT|btr|彩虹桥|相信彩虹1|track 4/3|星星博物馆
840,DX/STD,Believe the Rainbow,STD,MASTER,13,13.4,133,FiNALE (輝),2019-05-10,否,believe the rainbow|🌈|北面|别信彩虹|辉代主题曲|相信彩虹|彩虹|彩虹六号|相信LGBT|btr|彩虹桥|相信彩虹1|track 4/3|星星博物馆
822,STD,敗北の少年,STD,MASTER,13,13.4,185,FiNALE (輝),2019-04-26,否,敗北の少年|败北|败北的少年|黑丝破洞|败北少年|ysk
818,STD,ガチャガチャきゅ～と・ふぃぎゅ@メイト,STD,MASTER,13,13.2,178,FiNALE (輝),2019-03-22,否,
817,STD,ラブって♡ジュエリー♪えんじぇる☆ブレイク！！,STD,MASTER,13,13.2,238,FiNALE (輝),2019-03-22,否,ラブって♡ジュエリー♪えんじぇる☆ブレイク！！|快盗天使break|刺猬
813,STD,White Traveling Girl,STD,MASTER,13,13.4,154,FiNALE (輝),2019-02-22,否,white traveling girl|wtg|白旅女|白色旅行女孩|白色旅行少女|萃香|西瓜fumo|白色旅人
811,STD,【東方ニコカラ】秘神マターラ feat.魂音泉【IOSYS】,STD,MASTER,13,13.4,168,FiNALE (輝),2019-02-22,否,【東方ニコカラ】秘神マターラ feat.魂音泉【iosys】|秘神摩多罗|东方〇起|东方勃起|见前|秘神
806,STD,L4TS:2018 (feat. あひる & KTA),STD,MASTER,13,13.3,190,FiNALE (輝),2019-02-07,否,l4ts:2018 (feat. あひる & kta)|小奶子伊蕾娜|宵崎奏|银发女孩|小七走|绫地宁宁|白毛萝莉|l4ts|小奈子伊蕾娜|伊蕾娜|knd|2018|小气走|宵崎奏鬼叫
804,STD,右肩の蝶,STD,MASTER,13,13.1,140,FiNALE (輝),2019-01-25,否,
801,STD,フキゲンワルツ,STD,MASTER,13,13.2,210,FiNALE (輝),2019-01-11,否,
799,STD,片想いサンバ,STD,MASTER,13,13.2,150,FiNALE (輝),2019-01-11,否,
798,STD,Magical Sound Shower,STD,MASTER,13,13.4,120,FiNALE (輝),2019-01-11,否,
797,STD,不思議の国のクリスマス,STD,MASTER,13,13.3,128,FiNALE (輝),2018-12-25,否,不思議の国のクリスマス|圣诞节|不可思议|不思议国|秘封俱乐部|不思议|反海底谭|不思议之国|不思议之国的圣诞节
796,STD,金の聖夜霜雪に朽ちて,STD,MASTER,13,13.4,185,FiNALE (輝),2018-12-25,否,
795,STD,EVERGREEN,STD,MASTER,13,13.5,145,FiNALE (輝),2018-12-25,否,evergreen|长春|eg|一直绿|绿一色|长荣|绿色圆圈|青春永驻|永绿|常绿树|常青|常绿|常青树|长绿
790,STD,Money Money,STD,MASTER,13,13.2,145,FiNALE (輝),2018-12-13,否,money money|紫苑镇|来财|💰|马内马内|钱钱|moneymoney|钱钱钱钱钱|骂你骂你|金金金金金
781,STD,フィクサー,STD,MASTER,13,13.3,135,MiLK+ (雪),2018-11-20,否,フィクサー|黑山羊吃席|fixer|修人|黑暗海底谭|牛头人喝酒|黑山羊
779,STD,このピアノでお前を8759632145回ぶん殴る,STD,MASTER,13,13.4,200,MiLK+ (雪),2018-11-20,否,このピアノでお前を8759632145回ぶん殴る|1919810|钢琴打人|一串数字|我会用这架钢琴殴打你8759632145次|钢琴|钢琴殴打|一堆数字|用钢琴揍你8759632145回|钢琴砸人|8759632145|踢钢琴|砸钢琴
775,STD,ジンギスカン,STD,MASTER,13,13.3,150,MiLK+ (雪),2018-11-06,否,ジンギスカン|成吉思汗|watame|wtm|角卷绵芽|金金金金金
772,STD,あねぺったん,STD,MASTER,13,13.3,180,MiLK+ (雪),2018-10-16,否,あねぺったん|便当|假酒|月铃姐妹|姐姐好平|醋溜便当|彩绿便当歌
760,STD,ミラクルペイント,STD,MASTER,13,13.2,215,MiLK+ (雪),2018-08-21,否,
748,STD,Brain Power,STD,MASTER,13,13.4,170,MiLK+ (雪),2018-07-03,否,brain power|观星|脑力|bp|佐助|圣诞老头|地精老头|bass kick|o-oooooooooo|脑力量|地精小老头|o-ooooooo aaaa-e-a-a
747,STD,Seyana. ～何でも言うことを聞いてくれるアカネチャン～,STD,MASTER,13,13.3,144,MiLK+ (雪),2018-06-21,否,seyana. ～何でも言うことを聞いてくれるアカネチャン～|seyana|不管说什么都在听着的琴叶茜酱|小茜|说的事呢|sodayo|akane|琴叶茜
746,STD,FestivaLight,STD,MASTER,13,13.4,125,MiLK+ (雪),2018-06-21,否,festivalight|节日光|milked|festival light|雪代主题曲|三小只|魔法灯光夜|日服之光|三相之力|节日灯
743,DX/STD,ENERGY SYNERGY MATRIX,DX,MASTER,13,13.5,160,でらっくす (熊),2018-06-21,否,energy synergy matrix|标esm|esm|沙雕猫|esm跑|神经猫|恶俗猫|饿死猫|跑路猫|dxesm|傻吊猫|dxesm跑|邮政|一只猫拖着另一只猫跑
739,STD,アウターサイエンス,STD,MASTER,13,13.3,195,MiLK (白),2018-06-05,否,アウターサイエンス|次の|界外科学|outer science
727,STD,SPILL OVER COLORS,STD,MASTER,13,13.3,142,MiLK (白),2018-04-17,否,spill over colors|🎨|小脸妹|画板|soc|缠流子|sunnyduck|东云绘名|小画家|格蕾修|调色板|水手服小女孩画画
725,STD,Still,STD,MASTER,13,13.4,176,MiLK (白),2018-04-03,否,still|仍然|七对奈子
724,STD,TRUST,STD,MASTER,13,13.1,190,MiLK (白),2018-04-03,否,trust|足控|大脚丫子|脚歌|玉足|玉足冰棍|老冰棍|小仏凪吃雪糕|🦶|信任|狱卒|湿身少女翘脚吃冰糕|糯香柠檬茶|yokidou|合乎粥礼|光吉猛修唱歌
723,STD,猫祭り,STD,MASTER,13,13.4,160,MiLK (白),2018-04-03,否,猫祭り|哈祭咪|喵卷|学猫叫|猫抓板|😺|绝赞101|猫|洗面奶|喵喵喵喵|哈基米钻奈子|猫寄|猫祭|哈寄米
722,STD,キレキャリオン,STD,MASTER,13,13.1,170,MiLK (白),2018-03-20,否,キレキャリオン|乃保|切下|carry on|电锯娘|奶包|继续切|电锯女|电锯2|切下吧carryon|小电锯|kire carry on|电锯人|电锯
721,STD,ドクハク,STD,MASTER,13,13.4,208,MiLK (白),2018-03-20,否,ドクハク|独白|卜夕八夕|黑人抬棺|照相馆|⚰️|极恶|枪叔|棺材
719,DX/STD,ダンスロボットダンス,STD,MASTER,13,13.3,190,MiLK (白),2018-03-20,否,ダンスロボットダンス|👆🏻😑👇🏻|dance robot dance|dancerobotdance|跳舞机器人跳舞|机器人跳舞|☝😑👇|drd|小v|跳舞机器人|voidoll|↑↓|机器人舞|👆👇|舞蹈机器人舞蹈|舞蹈机器人|up side up side down
714,STD,共感覚おばけ,STD,MASTER,13,13.2,184,MiLK (白),2018-03-06,否,共感覚おばけ|共感觉|共感怪兽|共感觉怪物|共感怪物
708,STD,しねばいいのに,STD,MASTER,13,13,138,MiLK (白),2018-02-06,否,しねばいいのに|死了就好|明明死了就好了|鲤鱼王|死了算了|不如死了算了|死了一了百了|西内吧一诺尼|红鲤鱼与绿鲤鱼|要是死了就好了|西内|去死死算了|剁椒鱼头|死掉就好了|精神状态良好
705,STD,Signature,STD,MASTER,13,13.5,128,MiLK (白),2018-01-23,否,signature|签名卡|签名
701,STD,SPICY SWINGY STYLE,STD,MASTER,13,13.4,242,MiLK (白),2017-12-26,否,spicy swingy style|巨乳|大奶子|好大|果皇壮如牛|sss|高坂穗乃果
699,STD,Bang Babang Bang!!!,STD,MASTER,13,13.2,200,MiLK (白),2017-12-26,否,bang babang bang!!!|bbb|大奶子|太大了|邦邦邦邦|邦邦|bbbb|大胸|邦邦邦|大柰子
698,STD,アンノウン・マザーグース,STD,MASTER,13,13.3,222,MiLK (白),2017-12-14,否,アンノウン・マザーグース|不为人知的鹅妈妈童谣|鹅妈妈童谣|鹅妈妈|仁王盾|妈妈鹅|未知的母鹅|unknown mother goose|大鹅妈妈
697,STD,砂の惑星 feat. HATSUNE MIKU,STD,MASTER,13,13.3,95,MiLK (白),2017-12-04,否,砂の惑星 feat. hatsune miku|砂之惑星|划龙舟|沙之惑星|沙星|砂惑|砂之行星|砂星|砂の惑星|别急18|沙之行星|最速殿堂
694,DX/STD,Magical Flavor,DX,MASTER,13,13.2,98,CiRCLE (丸),2017-12-14,否,magical flavor|魔法味道|milk+op|白代主题曲|魔法风味|mf|别急27|galgame
694,DX/STD,Magical Flavor,STD,MASTER,13,13.3,98,MiLK (白),2017-12-14,否,magical flavor|魔法味道|milk+op|白代主题曲|魔法风味|mf|别急27|galgame
693,STD,咲キ誇レ常世ノ華,STD,MASTER,13,13.5,170,MiLK (白),2017-12-14,否,咲キ誇レ常世ノ華|常世|永远盛开在世上的灿烂花|咲華|常世华|常世之华
689,STD,ユビキリ,STD,MASTER,13,13.3,174,MURASAKi+ (菫),2017-08-10,否,ユビキリ|拉勾勾|勾指起誓|xql|舞萌爱情故事|勾手指|拉勾
686,STD,日本の米は世界一,STD,MASTER,13,13.3,138,MURASAKi+ (菫),2017-12-05,否,日本の米は世界一|水稻|日本米世界一|日本绝赞世界第一|东北大米世界第一|米米世界|kib青春版|日本大米世界第一|日本米|🌾|日本大米我狂炫|日本缺米世界一|必须要有金柯拉|金坷垃好处都有啥|金坷垃|日本农协宣传曲|日本米价世界一|日本农协
683,STD,白ゆき,STD,MASTER,13,13.4,210,MURASAKi+ (菫),2017-11-21,否,白ゆき|白雪|白夜行|美少女亲嘴|白雪歌送武判官归京|白yuki|女同亲嘴|月代雪
680,STD,My Dearest Song,STD,MASTER,13,13.3,145,MURASAKi+ (菫),2017-10-31,否,my dearest song|白奈|我最亲爱的乐曲|teravolt|母人拉大提琴|我爱歌|生日歌|大提琴|女人拉提琴
679,DX/STD,チルノのパーフェクトさんすう教室　⑨周年バージョン,STD,MASTER,13,13.4,175,MURASAKi+ (菫),2017-10-17,否,チルノのパーフェクトさんすう教室 ⑨周年バージョン|99|笨蛋教室|9周年教室|9周年|九周年|⑨|算数教室|baka|机厅几卡|9|9周年算数教室|dxbaka|dx琪露诺|琪露诺|新琪露诺教室
677,STD,妖精村の月誕祭 ～Lunate Elf,STD,MASTER,13,13.3,132,MURASAKi+ (菫),2017-10-17,否,妖精村の月誕祭 ～lunate elf|妖精村|月诞祭|大妖精|恋恋
673,STD,真・ハンサム体操でズンドコホイ,STD,MASTER,13,13.4,140,MURASAKi+ (菫),2017-09-19,否,真・ハンサム体操でズンドコホイ|四个人站着一个人躺着|憋笑挑战2|学园handsome|火鸡帅哥|体操|帅哥体操|深海男同|四个站着一个躺着|学园帅哥|哇酷哇酷|真体操|handsome体操
669,STD,曖昧mind,STD,MASTER,13,13.4,135,MURASAKi+ (菫),2017-09-07,否,曖昧mind|爱maimai|暧昧mind|暧昧|哮喘
668,STD,Limit Break,STD,MASTER,13,13.4,153,MURASAKi+ (菫),2017-09-07,否,limit break|界限打击|限制绝赞|lb|三角洲|三角洲行动|三角初华|限界突破|黄金大三角|三角符文|破限
666,STD,心象蜃気楼,STD,MASTER,13,13.4,190,MURASAKi+ (菫),2017-08-24,否,心象蜃気楼|心绮楼|心象|青岛地铁|心象晦气楼|心象楼|心象晨气楼|心象蜃气楼|心像楼|蜃气楼
665,STD,相思創愛,STD,MASTER,13,13.5,195,MURASAKi+ (菫),2017-08-24,否,相思創愛|相思創爱|相爱创思|相思|相思创爱|创创子|小米星
662,STD,KISS CANDY FLAVOR,STD,MASTER,13,13.4,146,MURASAKi+ (菫),2017-08-03,否,kiss candy flavor|小女孩福瑞|kcf|糖糖|亲甜滴|糖的味道|小红帽|亲糖口味|亲嘴糖
661,STD,ちがう!!!,STD,MASTER,13,13.4,181,MURASAKi+ (菫),2017-07-25,否,
660,DX/STD,バッド・ダンス・ホール,STD,MASTER,13,13.4,152,MURASAKi+ (菫),2017-07-25,否,バッド・ダンス・ホール|团长|小孩哥|bdh|糟糕透顶的舞厅|希望之花|坏舞厅|奥尔加|bad dance hall
659,STD,ARROW,STD,MASTER,13,13.3,131,MURASAKi+ (菫),2017-07-25,否,arrow|箭头|OW|箭|🏹|矢
654,STD,前前前世,STD,MASTER,13,13,190,MURASAKi+ (菫),2017-06-22,否,前前前世|推荐乐曲排行榜|你的名字|上上上辈子|韦一敏
652,STD,天国と地獄 -言ノ葉リンネ-,STD,MASTER,13,13.3,138,MURASAKi+ (菫),2017-06-22,否,天国と地獄 -言ノ葉リンネ-|天国地狱|言之叶轮回|天国与地狱
644,STD,炉心融解,STD,MASTER,13,13.2,165,MURASAKi (紫),2017-06-06,否,
641,STD,Phantasm Brigade,STD,MASTER,13,13.4,168,MURASAKi (紫),2017-05-11,否,phantasm brigade|pb|灵梦
640,STD,Club Ibuki in Break All,STD,MASTER,13,13.3,175,MURASAKi (紫),2017-05-11,否,club ibuki in break all|萃香跳舞|西瓜跳舞|ymn|东方年柄年中|小bbb|绝赞俱乐部
638,STD,幽闇に目醒めしは,STD,MASTER,13,13.3,120,MURASAKi (紫),2017-05-11,否,幽闇に目醒めしは|东方四个女人躺草地|幽暗目醒|幽暗|躺草坪|东方四女躺草地|幽目|在黑暗中醒来|目醒
637,DX/STD,Scream out! -maimai SONIC WASHER Edit-,DX,MASTER,13,13.5,174,でらっくす (熊),2017-05-11,否,scream out! -maimai sonic washer edit-|哈基咩|诹访子|赞不绝口|喊出来|美国紫妈|谷爱凌|青蛙子|哦哦，哦哦哦|嬉皮笑脸|微笑女人|dx赞不绝口|dx青蛙子|洩矢诹访子|微笑青蛙子
629,DX/STD,Imitation:Loud Lounge,STD,MASTER,13,13.4,145,MURASAKi (紫),2017-03-28,否,imitation:loud lounge|面具|丘丘人|呀哈哈|奇面族|面具娃娃
622,STD,ドキドキDREAM!!!,STD,MASTER,13,13.2,210,MURASAKi (紫),2017-02-21,否,ドキドキdream!!!|dokidoki|五对柰子
621,STD,GOODMEN,STD,MASTER,13,13.4,175,MURASAKi (紫),2017-02-21,否,goodmen|好汉歌|👍|👍🏻|好人|良麵|良面|良民|好男人
620,STD,私の中の幻想的世界観及びその顕現を想起させたある現実での出来事に関する一考察,STD,MASTER,13,13.4,175,MURASAKi (紫),2017-02-21,否,私の中の幻想的世界観及びその顕現を想起させたある現実での出来事に関する一考察|名字鬼长|名字很长|内心幻想世界观及相关事件考察|对现实的考察映照心中幻想世界
617,DX/STD,conflict,DX,MASTER,13,13.5,160,でらっくす (熊),2017-02-07,否,conflict|冲突|对立|公交车|🚌|bus|标准公交车|宫村|标公交车|dx公交车
613,STD,生きてるおばけは生きている,STD,MASTER,13,13.3,140,MURASAKi (紫),2017-01-24,否,生きてるおばけは生きている|活着的怪物会一直活着|生生|坟头蹦迪|欧巴给
612,STD,チュルリラ・チュルリラ・ダッダッダ！,STD,MASTER,13,13.3,220,MURASAKi (紫),2017-01-24,否,チュルリラ・チュルリラ・ダッダッダ！|啾噜哩啦啾噜哩啦哒哒哒|哒哒哒|告老师|jk结月缘|告状|告密教室|告密老师|ddd|结月缘杀人|暗杀教室|啾噜哩啦|ダッダッダ|秋露里拉|打小报告|啾噜哩啦·啾噜哩啦·哒哒哒|撒撒米糕大|宁宁二箱
606,DX/STD,taboo tears you up,STD,MASTER,13,13.4,180,MURASAKi (紫),2016-12-15,否,taboo tears you up|竹竹的板子|禁忌将你撕裂|三倍icecream|淘宝|滔搏|dx禁忌将你撕裂|dxtaboo|dx淘宝|淘宝泪|他不哭你上
605,DX/STD,回レ！雪月花,STD,MASTER,13,13.3,160,MURASAKi (紫),2016-12-15,否,
601,DX/STD,ゴーストルール,DX,MASTER,13,13.2,210,UNiVERSE (宙),2016-12-15,否,ゴーストルール|👻|标准幽灵法则|幽灵法则|ghost rule|露露|小吹爆|幽灵|露露小姐|法则|dx幽灵法则|口一又卜儿一儿|幽灵规则
601,DX/STD,ゴーストルール,STD,MASTER,13,13.2,210,MURASAKi (紫),2016-12-15,否,ゴーストルール|👻|标准幽灵法则|幽灵法则|ghost rule|露露|小吹爆|幽灵|露露小姐|法则|dx幽灵法则|口一又卜儿一儿|幽灵规则
598,STD,ECHO,STD,MASTER,13,13.5,140,PiNK+ (櫻),2016-11-17,否,echo|A口|回声|人形师单手鸟|诶口|一口|电视头
596,STD,やめろ！聴くな！,STD,MASTER,13,13.3,160,PiNK+ (櫻),2016-11-17,否,やめろ！聴くな！|不要听|听|やめろ|停下！不要听！|别听
594,STD,ハート・ビート,STD,MASTER,13,13.4,212,PiNK+ (櫻),2016-11-04,否,ハート・ビート|心跳2|心跳节拍|心跳|serina|heart beat|架子鼓|heartbeat
590,STD,ひれ伏せ愚民どもっ！,STD,MASTER,13,13.3,180,PiNK+ (櫻),2016-10-06,否,ひれ伏せ愚民どもっ！|佩恩|愚民|辉夜
589,STD,No Routine,STD,MASTER,13,13.4,163,PiNK+ (櫻),2016-10-06,否,no routine|画苍浅学姐|绿色女人|东方龙|没有日常|三梦奇缘|杨墓|没门|龙女|蒙娜丽莎
587,STD,brilliant better,STD,MASTER,13,13.3,172,PiNK+ (櫻),2016-09-22,否,brilliant better|bb|黄色吉他|更精彩|金毛弹吉他
586,STD,セハガガガンバッちゃう！！,STD,MASTER,13,13.3,202,PiNK+ (櫻),2016-09-22,否,セハガガガンバッちゃう！！|世嘉硬件娘|SBGA|sega hard girls|好几个娘们|世嘉硬件女孩
585,STD,Barbed Eye,STD,MASTER,13,13,135,PiNK+ (櫻),2016-09-08,否,barbed eye|狗谷爱|坏眼|爸爸的爱
584,STD,クノイチでも恋がしたい,STD,MASTER,13,13.4,185,PiNK+ (櫻),2016-09-08,否,
576,STD,パーフェクト生命,STD,MASTER,13,13.4,200,PiNK+ (櫻),2016-07-14,否,パーフェクト生命|完美生命|✌🏻😎✌🏻|生命
574,STD,connecting with you,STD,MASTER,13,13.2,155,PiNK+ (櫻),2016-06-30,否,connecting with you|pink挑战|与你连接|连接你|樱代主题曲|和你连接
573,DX/STD,月に叢雲華に風,STD,MASTER,13,13.2,160,PiNK+ (櫻),2016-06-30,否,月に叢雲華に風|月遇丛云花遇风|月映丛云|摇摆阳|月风|月丛云华风|丛云伴月|小五|月云华风|月华|月丛云|闲云遮月清风袭花|月映从云花语风|丛云华|月从云华风|月隐於丛云花散於风
572,STD,Invitation,STD,MASTER,13,13,147,PiNK+ (櫻),2016-06-30,否,invitation|！？|邀请
568,STD,キミノヨゾラ哨戒班,STD,MASTER,13,13,185,PiNK+ (櫻),2016-06-30,否,キミノヨゾラ哨戒班|标准哨戒班|你的夜空哨戒班|哨戒班|橙哨戒班|烧鸡班|大哨戒班
564,STD,Jimang Shot,STD,MASTER,13,13.3,164,PiNK (桃),2016-05-12,否,jimang shot|囧仙|报纸歌|大叔唱歌|2015
562,STD,蒼空に舞え、墨染の桜,STD,MASTER,13,13.4,150,PiNK (桃),2016-05-12,否,蒼空に舞え、墨染の桜|妖梦|苍空舞|苍空飞舞墨染之樱|苍空|糯香柠檬茶|墨染|墨染樱
561,STD,東方妖々夢 ～the maximum moving about～,STD,MASTER,13,13.3,196,PiNK (桃),2016-05-12,否,東方妖々夢 ～the maximum moving about～|妖妖梦|东方不可拘束|东方妖梦|东方妖妖梦|车万不可拘束
560,STD,橙の幻想郷音頭,STD,MASTER,13,13.3,136,PiNK (桃),2016-05-12,否,橙の幻想郷音頭|橙|幻想乡音头|音头|🐱|橙舞|欢乐斗地主|橙音头|橙之幻想乡|橙的幻想乡音头
557,STD,Garden Of The Dragon,STD,MASTER,13,13.5,120,PiNK (桃),2016-04-07,否,garden of the dragon|花园龙|中国龙|wonderland|龙花园|喔喔喔|龙之花园
553,STD,オモイヨシノ,STD,MASTER,13,13.3,168,PiNK (桃),2016-03-03,否,オモイヨシノ|恋咏樱
546,STD,YU-MU,STD,MASTER,13,13.2,160,PiNK (桃),2016-02-04,否,yu-mu|文早苗|yumu|榆木
541,STD,アージェントシンメトリー,STD,MASTER,13,13.5,172,PiNK (桃),2015-12-09,否,アージェントシンメトリー|pink op|草莓章鱼|银对称性|银色对称|银对称|银色对称性|桃代主题曲|科目二|pink主题曲|方向盘|argent symmetry|白银对称|白银|sta|白银对称性
538,STD,物凄い勢いでけーねが物凄いうた,STD,MASTER,13,13.4,180,PiNK (桃),2015-12-09,否,物凄い勢いでけーねが物凄いうた|以惊人的气势发出了惊人的声音|物凄势|物凄|罪|白泽球|慧音|三倍ice☆cream|东方之血
536,STD,HIMITSUスパーク,STD,MASTER,13,13.2,156,PiNK (桃),2015-12-09,否,himitsuスパーク|秘密火花|秘密
535,STD,幾四音-Ixion-,STD,MASTER,13,13.3,210,PiNK (桃),2015-12-09,否,幾四音-ixion-|几四音|急死银|幾四音|第四爱
531,STD,+♂,STD,MASTER,13,13.4,180,PiNK (桃),2015-12-09,否,+♂|+男|加男|plus男子|正男|下头男|男的来了
527,STD,四次元跳躍機関,STD,MASTER,13,13.4,135,ORANGE+ (暁),2015-11-12,否,四次元跳躍機関|四次元跳跃机关|大小姐|跳楼机|机关|跳跃机关|四次元|冰风
523,STD,ストリーミングハート,STD,MASTER,13,13.3,210,ORANGE+ (暁),2015-09-17,否,ストリーミングハート|嘉然|流心|嘉然比心
519,DX/STD,Change Our MIRAI！,STD,MASTER,13,13.4,256,ORANGE+ (暁),2015-07-16,否,change our mirai！|改变未来|四对奶子|com|五个女人|五对奶子|中年男人|四大一小|五对柰子|小心彩绿|不含月铃姐妹|dx五对奶子|改变我们的未来
518,STD,どういうことなの！？,STD,MASTER,13,13.4,175,ORANGE+ (暁),2015-07-16,否,
516,STD,キャプテン・ムラサのケツアンカー,STD,MASTER,13,13.4,190,ORANGE+ (暁),2015-07-16,否,キャプテン・ムラサのケツアンカー|村纱水蜜|船长
515,STD,東方スイーツ！～鬼畜姉妹と受難メイド～,STD,MASTER,13,13.2,179,ORANGE+ (暁),2015-07-16,否,東方スイーツ！～鬼畜姉妹と受難メイド～|咲夜哭哭|东方受难|鬼畜姐妹
510,STD,ウミユリ海底譚,STD,MASTER,13,13.4,120,ORANGE+ (暁),2015-05-14,否,ウミユリ海底譚|海百合|海百合海底谭|水神3|在海下面|初音跳海|海底潭|谭|海魔王|初音未来跳海|海底谭|海底捞|舞萌科目二|umiyuri
508,STD,クローバー♣クラブ,STD,MASTER,13,13.3,150,ORANGE+ (暁),2015-05-14,否,
505,DX/STD,響縁,DX,MASTER,13,13.4,180,FESTiVAL (祭),2015-03-19,否,響縁|梦花火2|响缘|響绿|響緣|猫耳灵梦|dx响缘
505,DX/STD,響縁,STD,MASTER,13,13,180,ORANGE+ (暁),2015-03-19,否,響縁|梦花火2|响缘|響绿|響緣|猫耳灵梦|dx响缘
501,DX/STD,ケロ⑨destiny,DX,MASTER,13,13.4,172,FESTiVAL (祭),2015-03-19,否,ケロ⑨destiny|9|acc|kero|⑨|kero9destiny
501,DX/STD,ケロ⑨destiny,STD,MASTER,13,13,172,ORANGE+ (暁),2015-03-19,否,ケロ⑨destiny|9|acc|kero|⑨|kero9destiny
498,DX/STD,ナミダと流星,DX,MASTER,13,13.3,190,BUDDiES (双),2015-03-19,否,ナミダと流星|晓代主题曲|眼泪流星|标准流星|泪与流星|流星|眼泪与流星|dx流星|泪水和流星
496,STD,おても☆Yan,STD,MASTER,13,13,90,ORANGE (橙),2015-02-19,否,おても☆yan|双押跳拍|刀锋女王|陕北民歌|山歌|阿铁摸鸭|日本民歌|yan|阿铁摸呀|😃|😃👍|烟|おても
494,DX/STD,Dragoon,STD,MASTER,13,13.4,175,ORANGE (橙),2015-02-05,否,dragoon|龙|麻辣兔头|🐲|龙先生|绝味鸭头|奶龙|多拉贡|鸭头|龙骑士|麻辣鸭头|绝味鸭脖|白龙|🐉|龙骨
488,STD,planet dancer,STD,MASTER,13,13.2,127,ORANGE (橙),2014-12-18,否,planet dancer|男人坐椅子|蹲马桶|pd|行星舞者|残月跳舞|星球舞者|碇真嗣
487,STD,アンハッピーリフレイン,STD,MASTER,13,13.4,205,ORANGE (橙),2014-12-18,否,アンハッピーリフレイン|副歌|ur|unhappy refrain|不高兴的副歌|unhappy|💗|不开心
474,STD,おこちゃま戦争,STD,MASTER,13,13.3,175,ORANGE (橙),2014-09-18,否,おこちゃま戦争|孩子气|孩子气的战争|孩子气战争|战争
472,DX/STD,One Step Ahead,DX,MASTER,13,13.2,186,PRiSM (鏡),2014-09-18,否,one step ahead|向前一步|一步向前|一步个头
471,STD,MIRROR of MAGIC,STD,MASTER,13,13.2,135,ORANGE (橙),2014-09-18,否,mirror of magic|mom|魔镜|魔法镜子|镜魔|镜子魔法|橙代主题曲
469,STD,緋色のDance,STD,MASTER,13,13.3,155,ORANGE (橙),2014-09-18,否,緋色のdance|绯色dance|绯色|绯色之舞
468,STD,ダブルラリアット,STD,MASTER,13,13.2,138,ORANGE (橙),2014-09-18,否,ダブルラリアット|转圈歌|巡音转圈
467,DX/STD,深海少女,DX,MASTER,13,13,137,FESTiVAL+ (祝),2014-09-04,否,深海少女|深海和少女相比|深海魔男|深海邵壮|溺水双马尾|胖猫2|水神4|初音未来跳海2|dx深海少女|水神5
467,DX/STD,深海少女,STD,MASTER,13,13.2,137,GreeN+ (檄),2014-09-04,否,深海少女|深海和少女相比|深海魔男|深海邵壮|溺水双马尾|胖猫2|水神4|初音未来跳海2|dx深海少女|水神5
462,DX/STD,"Endless, Sleepless Night",DX,MASTER,13,13.3,165,PRiSM+ (彩),2014-08-22,否,"endless, sleepless night|漫漫长眠夜|灵梦1|俄罗斯娜娜|欧美博丽灵梦|不眠之夜|无尽不眠夜|不眠夜|esn|博丽灵梦|东方不眠夜|美国灵梦"
462,DX/STD,"Endless, Sleepless Night",STD,MASTER,13,13.3,165,GreeN+ (檄),2014-08-22,否,"endless, sleepless night|漫漫长眠夜|灵梦1|俄罗斯娜娜|欧美博丽灵梦|不眠之夜|无尽不眠夜|不眠夜|esn|博丽灵梦|东方不眠夜|美国灵梦"
461,STD,Live & Learn,STD,MASTER,13,13.3,172,GreeN+ (檄),2014-08-22,否,live & learn|sa2|索尼克大冒险2|活和学|开心超人
460,STD,Danza zandA,STD,MASTER,13,13.4,129,GreeN+ (檄),2014-08-22,否,danza zanda|万达|小号歌|蛋砸|danza|蛋砸砸蛋|砸蛋
457,DX/STD,幻想のサテライト,DX,MASTER,13,13.5,230,でらっくす (熊),2014-07-17,否,幻想のサテライト|卫星|标幻想卫星|幻想卫星|homo|幻想的卫星|标准幻想卫星|dx幻想卫星
456,STD,待チ人ハ来ズ。,STD,MASTER,13,13.2,160,GreeN+ (檄),2014-07-17,否,待チ人ハ来ズ。|待人来|等人|小伞|小伞歌|等的人没有来|待人未至|东方旋转木马
452,STD,レッツゴー!陰陽師,STD,MASTER,13,13.3,150,GreeN+ (檄),2014-07-17,否,レッツゴー!陰陽師|let'go!阴阳师|恶灵退散！恶灵退散！恶灵退散！|超级蓝绿|阴阳师|林正英|挑眉|仪式魔法|sm9|不要笑挑战
449,STD,タカハせ！名人マン,STD,MASTER,13,13.5,150,GreeN+ (檄),2014-05-23,否,タカハせ！名人マン|😉|たかはし|光头|光头16连|高桥名人|高桥|名人|小hera
448,STD,言ノ葉カルマ,STD,MASTER,13,13.4,150,GreeN+ (檄),2014-05-15,否,言ノ葉カルマ|言叶业|soraru|言叶|因果|言叶之业|言叶1
445,DX/STD,患部で止まってすぐ溶ける～狂気の優曇華院,DX,MASTER,13,13.5,200,でらっくす (熊),2014-05-15,否,患部で止まってすぐ溶ける～狂気の優曇華院|患部溶解|患部|优云华院|兔子药|肛塞|优昙华院|座药|overdrive|狂气的优昙华院|标准患部|标患部|绫地宁宁|一把米诺|dx患部|兔子跳|狂气优昙华院|铃仙
440,STD,RIDGE RACER STEPS -GMT remix-,STD,MASTER,13,13.4,240,GreeN+ (檄),2014-04-17,否,ridge racer steps -gmt remix-|汽车总动员|山脊赛车|赛车
438,STD,ファンタジーゾーン OPA-OPA! -GMT remix-,STD,MASTER,13,13.4,142,GreeN+ (檄),2014-04-17,否,ファンタジーゾーン opa-opa! -gmt remix-|opa|🈸🌞🌝|幻想空间|申日月|三道理sayya|土著怪脸
437,STD,End of Twilight,STD,MASTER,13,13.2,180,GreeN+ (檄),2014-04-10,否,end of twilight|摩天楼|夜之城|暮色|暮光终结|🌃|暮色终结
434,STD,Heartbeats,STD,MASTER,13,13.2,170,GreeN+ (檄),2014-04-10,否,heartbeats|心跳|小红金曲
433,STD,CYCLES,STD,MASTER,13,13.3,135,GreeN+ (檄),2014-04-10,否,cycles|轮回|🐎🐸🦌|马瓦鲁|cyc|马哇路|马洼路|马瓦路|马挖路|饼饼快乐曲|吗哇路|cycle|🐴🐸🦌|挖马路
432,STD,キズナの物語,STD,MASTER,13,13.2,128,GreeN+ (檄),2014-04-07,否,キズナの物語|羁绊的故事|羁绊物语|锁链战记|羁绊的物语|物语|刀剑神域
430,STD,二息歩行,STD,MASTER,13,13.3,180,GreeN+ (檄),2014-03-20,否,二息歩行|儿媳不行|半块钱|二息电摇|citywalk|二息步行
425,STD,鼓動,STD,MASTER,13,13.3,121,GreeN+ (檄),2014-02-26,否,鼓動|鼓动|如龙3|如龙维新|咕咚|别急22|星召大惊讶|鼓励|如龙
422,STD,Windy Hill -Zone 1,STD,MASTER,13,13.4,194,GreeN+ (檄),2014-02-26,否,windy hill -zone 1|索尼克失落的世界|小追星|索4|追星上位
417,DX/STD,Monochrome Rainbow,DX,MASTER,13,13.3,182,FESTiVAL+ (祝),2014-02-26,否,monochrome rainbow|黑白彩虹|单色彩虹|😎|黑白格|dx单色彩虹|dx黑白彩虹
417,DX/STD,Monochrome Rainbow,STD,MASTER,13,13,182,GreeN+ (檄),2014-02-26,否,monochrome rainbow|黑白彩虹|单色彩虹|😎|黑白格|dx单色彩虹|dx黑白彩虹
415,DX/STD,sweet little sister,DX,MASTER,13,13.4,168,BUDDiES+ (宴),2014-02-26,否,sweet little sister|甜小姐姐|小甜妹|sls|甜二妹|甜小妹|甜蜜小姐姐
415,DX/STD,sweet little sister,STD,MASTER,13,13.4,168,GreeN+ (檄),2014-02-26,否,sweet little sister|甜小姐姐|小甜妹|sls|甜二妹|甜小妹|甜蜜小姐姐
414,DX/STD,モザイクロール,DX,MASTER,13,13.1,130,FESTiVAL (祭),2014-01-23,否,モザイクロール|标准马赛克卷|绿毛永雏塔菲|mosaic roll|马赛克卷|mozaik role|dx马赛克卷
413,DX/STD,天ノ弱,STD,MASTER,13,13.3,200,GreeN (超),2014-01-23,否,天ノ弱|天之弱|天弱|若叶睦|标准天之弱|dx天弱|dx天之弱
410,DX/STD,セツナトリップ,DX,MASTER,13,13.4,145,UNiVERSE+ (星),2014-01-09,否,セツナトリップ|标准刹那旅程|刹那旅程|标刹那旅途|刹那旅行|刹那|dx刹那旅程|dx刹那旅行|dx刹那
410,DX/STD,セツナトリップ,STD,MASTER,13,13.3,145,GreeN (超),2014-01-09,否,セツナトリップ|标准刹那旅程|刹那旅程|标刹那旅途|刹那旅行|刹那|dx刹那旅程|dx刹那旅行|dx刹那
406,STD,ぽっぴっぽー,STD,MASTER,13,13.3,150,GreeN (超),2013-11-14,否,ぽっぴっぽー|菜蔬汁|popipo|波比波比|蔬菜歌|advent|波比波|蔬菜汁|哈基米
405,STD,セガサターン起動音[H.][Remix],STD,MASTER,13,13,148,GreeN (超),2013-11-14,否,セガサターン起動音[h.][remix]|世嘉土星启动音|大b圈|ss|转圈接四押|sbga|土星|启动音|起动音|世嘉土星|夸脱|mon3tr|sega saturn
400,STD,全人類ノ非想天則,STD,MASTER,13,13.2,168,GreeN (超),2013-10-03,否,全人類ノ非想天則|全人类|非想天则|高达|全人类的非想天则|则|绯想天|全人类的飞上天|超级机器人|非想天則
399,STD,放課後ストライド,STD,MASTER,13,13.3,225,GreeN (超),2013-10-03,否,放課後ストライド|放课后冲|放课后
398,DX/STD,ローリンガール,DX,MASTER,13,13.3,195,PRiSM+ (彩),2013-10-03,否,ローリンガール|roiling giri|rolling girl|翻滚少女|头皮屑|滚女
398,DX/STD,ローリンガール,STD,MASTER,13,13.2,195,GreeN (超),2013-10-03,否,ローリンガール|roiling giri|rolling girl|翻滚少女|头皮屑|滚女
396,STD,JUMPIN' JUMPIN',STD,MASTER,13,13.3,163,GreeN (超),2013-09-19,否,jumpin' jumpin'|跳跳|sh金曲|jj
393,STD,LUCIA,STD,MASTER,13,13.2,154,GreeN (超),2013-09-19,否,lucia|圣枪游侠|露西亚|卢锡安|露西娅
389,DX/STD,魔理沙は大変なものを盗んでいきました,STD,MASTER,13,13.3,170,GreeN (超),2013-09-05,否,魔理沙は大変なものを盗んでいきました|魔理沙|123123|魔理沙大变|魔理沙大变态|魔理沙痴|魔理沙偷走了重要的东西|大盗魔理沙|魔理沙偷走重要的东西|魔理沙大变盗|123|魔理沙大盗|魔理沙盗大变
386,STD,Save This World νMIX,STD,MASTER,13,13.3,143,GreeN (超),2013-08-07,否,save this world νmix|救世|psp|梦幻之星携带版|救世啊|拯救世界
384,STD,Mysterious Destiny,STD,MASTER,13,13.3,140,GreeN (超),2013-08-07,否,mysterious destiny|神秘命运|贝姐|猎天使魔女|md
378,STD,円舞曲、君に,STD,MASTER,13,13.3,128,GreeN (超),2013-07-11,否,円舞曲、君に|舞曲|圆舞曲|円舞曲
375,STD,maiム・maiム feat.週刊少年マガジン,STD,MASTER,13,13.2,140,GreeN (超),2013-07-11,否,maiム・maiム feat.週刊少年マガジン|啦啦啦啦啦|周刊少年|两男一女|功夫
370,STD,Blew Moon,STD,MASTER,13,13.4,180,GreeN (超),2013-07-11,否,blew moon|吹月亮|哇哇哇哇哇哇耶耶耶|🌙|蓝月亮|吹月|blew shit
368,STD,Terminal Storm,STD,MASTER,13,13.4,160,GreeN (超),2013-07-11,否,terminal storm|终端风暴|麻花
367,STD,awake,STD,MASTER,13,13.2,170,GreeN (超),2013-07-11,否,awake|醒了|起了
366,STD,KONNANじゃないっ！,STD,MASTER,13,13.4,155,GreeN (超),2013-07-11,否,konnanじゃないっ！|美腿|如龙5|不该是这样|才不是这样！|泽村遥|柯南|konnan
362,DX/STD,ナイト・オブ・ナイツ,DX,MASTER,13,13.5,180,FESTiVAL+ (祝),2013-07-11,否,ナイト・オブ・ナイツ|夜骑士|标夜骑|原版夜骑|st夜骑|std夜骑|nok|夜骑|标准夜骑|骑士之夜|night of knights|dx标夜骑|dx夜骑|幻梦
362,DX/STD,ナイト・オブ・ナイツ,STD,MASTER,13,13.3,180,GreeN (超),2013-07-11,否,ナイト・オブ・ナイツ|夜骑士|标夜骑|原版夜骑|st夜骑|std夜骑|nok|夜骑|标准夜骑|骑士之夜|night of knights|dx标夜骑|dx夜骑|幻梦
361,DX/STD,Grip & Break down !!,DX,MASTER,13,13.4,160,UNiVERSE+ (星),2013-07-11,否,grip & break down !!|grip|gbd|红魔馆内战|grip &amp; break down !!|东方铁拳乡|红魔馆爆炸|说的道理
361,DX/STD,Grip & Break down !!,STD,MASTER,13,13.4,160,GreeN (超),2013-07-11,否,grip & break down !!|grip|gbd|红魔馆内战|grip &amp; break down !!|东方铁拳乡|红魔馆爆炸|说的道理
359,DX/STD,チルノのパーフェクトさんすう教室,DX,MASTER,13,13,175,CiRCLE (丸),2013-07-11,否,チルノのパーフェクトさんすう教室|琪露诺的完美算术教室|琪露诺的完美算数教室|数学课堂|⑨|算数教室|琪露诺|⑨章算数|baka|算术教室|琪露诺教室|9教室|1+1=9|幻想乡没有巴士|这是啥子角色
359,DX/STD,チルノのパーフェクトさんすう教室,STD,MASTER,13,13.3,175,GreeN (超),2013-07-11,否,チルノのパーフェクトさんすう教室|琪露诺的完美算术教室|琪露诺的完美算数教室|数学课堂|⑨|算数教室|琪露诺|⑨章算数|baka|算术教室|琪露诺教室|9教室|1+1=9|幻想乡没有巴士|这是啥子角色
358,STD,カゲロウデイズ,STD,MASTER,13,13.2,200,GreeN (超),2013-07-11,否,カゲロウデイズ|车祸歌|阳炎眩乱|车祸曲|阳炎|车祸
356,STD,泣き虫O'clock,STD,MASTER,13,13.2,152,maimai+ (真),2013-05-09,否,泣き虫o'clock|爱哭鬼|泣虫
355,STD,Black Out,STD,MASTER,13,13.3,142,maimai+ (真),2013-05-09,否,black out|黜|曼巴out|晕倒|黑出
351,STD,Endless World,STD,MASTER,13,13,142,maimai+ (真),2013-05-09,否,endless world|💄|口红|ew|无尽世界
350,STD,采配の刻 Power of order,STD,MASTER,13,13.2,185,maimai+ (真),2013-04-23,否,采配の刻 power of order|采配|采配之刻
349,STD,超絶！Superlative,STD,MASTER,13,13.2,200,maimai+ (真),2013-04-23,否,超絶！superlative|超绝
347,STD,ソーラン☆節,STD,MASTER,13,13.4,145,maimai+ (真),2013-04-23,否,ソーラン☆節|索兰节|嗦拉面|拉面
346,DX/STD,炎歌 -ほむらうた-,DX,MASTER,13,13.2,108,BUDDiES+ (宴),2013-04-23,否,炎歌 -ほむらうた-|广场舞|凤凰传奇|阉割|炎歌|dx炎歌
345,DX/STD,39,STD,MASTER,13,13,175,maimai+ (真),2013-03-18,否,39|标39|初音未来|标准39|dx39|谢谢|三九|thank you|阿里嘎多
343,STD,Spin me harder,STD,MASTER,13,13.4,130,maimai+ (真),2013-03-14,否,spin me harder|蝴蝶|🦋|更努力转我|电蝴蝶|用力转我|更大力转我|更难的旋转|转我更猛些|蓝蝴蝶
342,STD,Feel My Fire,STD,MASTER,13,13.2,123,maimai+ (真),2013-03-14,否,feel my fire|感受我的火|海绵|感受我的烧|爱如火|fmf|感觉我烧
341,STD,Night Fly,STD,MASTER,13,13.2,127,maimai+ (真),2013-03-14,否,night fly|夜飞|蓝鲸|🐳|晚上飞|晚上苍蝇
336,STD,YA･DA･YO [Reborn],STD,MASTER,13,13.4,105,maimai+ (真),2013-02-20,否,ya･da･yo [reborn]|亚达哟|ydy|六个喇叭|yadayo|幻想地带|中专说唱|不要嘛|哈哈哈哈哈哈哈
333,STD,Quartet Theme [Reborn],STD,MASTER,13,13,137,maimai+ (真),2013-02-20,否,quartet theme [reborn]|手枪小人|生死四人组|手枪人|四重奏|quartet|十面埋伏
326,DX/STD,Starlight Disco,DX,MASTER,13,13.4,128,UNiVERSE+ (星),2012-12-13,否,starlight disco|标星光|星光|星光迪斯科|绿色圆圈|starlightdisco|dx星光
325,STD,air's gravity,STD,MASTER,13,13.3,137,maimai+ (真),2012-12-13,否,air's gravity|空气重力|空气炸锅
324,STD,Sprintrances,STD,MASTER,13,13.3,178,maimai+ (真),2012-12-13,否,sprintrances|冰山|一块五|戈仑冰人
323,STD,Acceleration,STD,MASTER,13,13.4,180,maimai+ (真),2012-12-13,否,acceleration|acc|加速器|五毛|加速|加速度
322,STD,Lionheart,STD,MASTER,13,13.4,132,maimai+ (真),2012-12-13,否,lionheart|狮子心|狮心|莱因哈特
319,DX/STD,千本桜,STD,MASTER,13,13.4,154,maimai+ (真),2012-12-13,否,
318,DX/STD,ゴーゴー幽霊船,DX,MASTER,13,13,180,PRiSM+ (彩),2012-12-13,否,ゴーゴー幽霊船|幽灵船|gogo幽灵船|憋憋憋
313,DX/STD,BAD∞END∞NIGHT,DX,MASTER,13,13.5,204,CiRCLE (丸),2012-12-13,否,bad∞end∞night|badendnight|bad end night|坏结夜|鬼畜公馆|♾️|∞
313,DX/STD,BAD∞END∞NIGHT,STD,MASTER,13,13.5,204,maimai+ (真),2012-12-13,否,bad∞end∞night|badendnight|bad end night|坏结夜|鬼畜公馆|♾️|∞
309,STD,Urban Crusher [Remix],STD,MASTER,13,13.4,155,maimai (真),2012-11-07,否,urban crusher [remix]|泰坦陨落|高达|urbancrusher|汽车人|波尔布特|城市毁灭者|uc
305,STD,天国と地獄,STD,MASTER,13,13.4,175,maimai (真),2012-11-07,否,天国と地獄|康康舞曲|天国与地狱|菠菜进行曲|天国地狱|绝赞128|为你而生|两个美女|天天天国地狱国
301,DX/STD,怪盗Rのテーマ,DX,MASTER,13,13.2,147,CiRCLE (丸),2012-09-13,否,怪盗rのテーマ|节奏怪盗|怪盗|怪盗r的影之诗|怪盗r
293,STD,ワールズエンド・ダンスホール,STD,MASTER,13,13,171,maimai (真),2012-07-11,否,ワールズエンド・ダンスホール|世终舞厅|舞厅|末世舞厅|双关门|世末舞厅|漠河舞厅|world's end dancehall|世界结束舞厅
287,STD,ウッーウッーウマウマ(ﾟ∀ﾟ),STD,MASTER,13,13.4,164,maimai (真),2012-07-11,否,ウッーウッーウマウマ(ﾟ∀ﾟ)|焦糖舞|跳舞歌|扭腰歌|扭秧歌|跳的很骚|扭腰舞|扭腰|(ﾟ∀ﾟ)​|呜哇呜哇
279,STD,炭★坑★節,STD,MASTER,13,13.3,112,maimai (真),2012-07-11,否,炭★坑★節|粪坑节|最新热歌慢摇|炭坑节
260,DX,アンダーキッズ,DX,MASTER,13,13.4,225,BUDDiES (双),2023-09-14,否,
258,DX,残響散歌,DX,MASTER,13,13.4,171,FESTiVAL (祭),2022-09-15,否,残響散歌|散歌|残响|残响散歌
177,STD,アリサのテーマ,STD,MASTER,13,13,130,FiNALE (輝),2019-04-11,否,
175,STD,Mr. Wonderland,STD,MASTER,13,13,140,PiNK+ (櫻),2016-07-14,否,
164,DX,The Gong of Knockout,DX,MASTER,13,13,180,でらっくす (熊),2019-09-06,否,
156,STD,Ievan Polkka,STD,MASTER,13,13,119,MiLK+ (雪),2018-08-21,否,
150,STD,SAVIOR OF SONG,STD,MASTER,13,13,192,ORANGE+ (暁),2015-10-08,否,
141,STD,Time To Make History (AKIRA YAMAOKA Remix),STD,MASTER,13,13,190,ORANGE+ (暁),2015-08-13,否,
56,DX,Photon Melodies,DX,MASTER,13,13.2,128,UNiVERSE+ (星),2022-04-15,否,
53,DX,あの世行きのバスに乗ってさらば。,DX,MASTER,13,13.2,240,UNiVERSE+ (星),2022-03-24,否,
46,DX,VOLTAGE,DX,MASTER,13,13.2,194,UNiVERSE (宙),2021-12-24,否,
13,STD,This game,STD,MASTER,13,13.3,147,MiLK (白),2018-01-23,否,
10,DX/STD,Paradisus-Paradoxum,STD,MASTER,13,13.2,201,MURASAKi+ (菫),2017-06-22,否,
9,STD,ファッとして桃源郷,STD,MASTER,13,13.3,160,MURASAKi (紫),2016-12-15,否,
7,STD,ヒビカセ,STD,MASTER,13,13.1,140,MiLK+ (雪),2018-08-09,否,
6,STD,はじめまして地球人さん,STD,MASTER,13,13,175,ORANGE+ (暁),2015-07-16,否,
4,STD,毒占欲,STD,MASTER,13,13.6,117,ORANGE (橙),2014-11-13,否,
1754,DX,イタ電はやめて！ ぼくらのスカーレット・コール,DX,MASTER,12+,12.8,112,CiRCLE (丸),2026-02-20,否,
1752,DX,ラプラスショコラ,DX,MASTER,12+,12.9,130,CiRCLE (丸),2026-02-13,否,
1740,DX,アイアイ傘,DX,MASTER,12+,12.9,116,CiRCLE (丸),2026-01-09,否,
1709,DX,Worlders,DX,MASTER,12+,12.8,137,CiRCLE (丸),2025-10-16,否,
1685,DX,君だったから,DX,MASTER,12+,12.8,125,CiRCLE (丸),2025-09-18,否,
1669,DX,少女レイ,DX,MASTER,12+,12.9,150,PRiSM+ (彩),2025-08-22,否,
1663,DX,空回りライブラリ,DX,MASTER,12+,12.8,130,PRiSM+ (彩),2025-08-08,否,
1662,DX,MIRA,DX,MASTER,12+,12.9,148,PRiSM+ (彩),2025-08-08,否,
1634,DX,クーネル・エンゲイザー,DX,MASTER,12+,12.8,170,PRiSM+ (彩),2025-06-06,否,
1597,DX,ももいろの鍵,DX,MASTER,12+,12.7,165,PRiSM+ (彩),2025-03-13,否,ももいろの鍵|桃键|桃色钥匙
1595,DX,シカ色デイズ,DX,MASTER,12+,12.8,183,PRiSM+ (彩),2025-03-13,否,シカ色デイズ
1589,DX,きゅびずむ,DX,MASTER,12+,12.9,185,PRiSM+ (彩),2025-03-13,否,きゅびずむ|cubism|立体主义
1557,DX,On your mark (104期 Ver.),DX,MASTER,12+,12.9,154,PRiSM (鏡),2024-12-12,否,on your mark (104期 ver.)|莲之空
1552,DX,右に曲ガール,DX,MASTER,12+,12.8,175,PRiSM (鏡),2024-12-06,否,右に曲ガール
1516,DX,マツケンサンバⅡ,DX,MASTER,12+,12.7,133,PRiSM (鏡),2024-09-12,否,マツケンサンバⅱ
1493,DX,オシオキGIMMICK!!,DX,MASTER,12+,12.9,176,BUDDiES+ (宴),2024-07-19,否,オシオキgimmick!!
1474,DX,LOSTPHANTASIA,DX,MASTER,12+,12.6,133,BUDDiES+ (宴),2024-06-07,否,lostphantasia|严肃灵梦|电眼逼人|灵梦戴眼镜|灵梦眼睛套长条|失落幻想
1471,DX,ザムザ,DX,MASTER,12+,12.7,121,BUDDiES+ (宴),2024-05-24,否,ザムザ|萨姆沙|阿萨姆|samsa|砸木砸
1468,DX,バラバラ〜仮初レインボーローズ〜,DX,MASTER,12+,12.7,135,BUDDiES+ (宴),2024-05-24,否,バラバラ〜仮初レインボーローズ〜|榴莲姐|巴拉巴拉巴拉|椎名唯华|二次元田一名|一起扒拉|巴拉巴拉
1462,DX,おくすり飲んで寝よう,DX,MASTER,12+,12.8,130,BUDDiES+ (宴),2024-04-26,否,おくすり飲んで寝よう|吃药|吃完药就睡觉|吃完药就睡觉吧|吃完药睡觉|吃药睡觉|吃完药药睡觉觉|吃了药就去睡吧|吃完药躺板板|药娘
1442,DX,匿名M,DX,MASTER,12+,12.8,140,BUDDiES+ (宴),2024-03-21,否,匿名m|请不要人肉我哦|初音采访
1435,DX,寝起きヤシの木,DX,MASTER,12+,12.8,160,BUDDiES+ (宴),2024-03-21,否,寝起きヤシの木|早起椰树头|歌爱冲刺|早起冲天炮|寝起
1434,DX,強風オールバック,DX,MASTER,12+,12.6,135,BUDDiES+ (宴),2024-03-21,否,強風オールバック|强风大背头|强风才一儿|歌爱雪切菜
1425,DX,さよならプリンセス,DX,MASTER,12+,12.9,195,BUDDiES (双),2024-03-08,否,さよならプリンセス|再见公主
1424,DX,天使の翼。,DX,MASTER,12+,12.9,125,BUDDiES (双),2024-03-08,否,天使の翼。|天使之翼|天使的翅膀
1423,DX,QUEEN,DX,MASTER,12+,12.8,170,BUDDiES (双),2024-03-08,否,queen|女王|浮游生物|女皇|圈儿|皇后
1417,DX,Ring,DX,MASTER,12+,12.8,132,BUDDiES (双),2024-02-29,否,ring
1414,DX,ツギハギスタッカート,DX,MASTER,12+,12.7,139,BUDDiES (双),2024-02-16,否,ツギハギスタッカート|断音|拼凑的断音|弓虫
1405,DX,あなたは世界の終わりにずんだを食べるのだ,DX,MASTER,12+,12.9,140,BUDDiES (双),2024-01-26,否,あなたは世界の終わりにずんだを食べるのだ|海鲜味毛豆|你在这世界的终焉，吃下了俊达|世界终食|俊达萌被吃|俊达萌打电报|俊达萌发电报|世终俊达|食终孤独|摩斯密码|在世界末日吃掉了俊达|摩斯电码|俊达萌|电报|俊达萌流口水|世界终
1403,DX,にっこり^^調査隊のテーマ,DX,MASTER,12+,12.7,180,BUDDiES (双),2024-01-11,否,にっこり^^調査隊のテーマ|微笑调查队|调查队|微笑^^调查队|汪大吼|大调查|wonderhoy|千客万来
1402,DX,アイディスマイル,DX,MASTER,12+,12.8,171,BUDDiES (双),2024-01-11,否,アイディスマイル|idsmile|ids|晓山瑞希|mzk
1368,DX,Burn My Soul,DX,MASTER,12+,12.8,180,BUDDiES (双),2023-10-12,否,burn my soul|红烧天堂|烧我的魂|燃烧吧我的中二魂
1364,DX,Cry Cry Cry,DX,MASTER,12+,12.8,123,BUDDiES (双),2023-09-22,否,cry cry cry|哭哭哭|crycrycry|😭😭😭|ccc|嗷嗷哭
1354,DX,アルカンシエル,DX,MASTER,12+,12.9,176,BUDDiES (双),2023-09-14,否,アルカンシエル|骑自行车|🚴|自行车|小女孩骑单车|赤月代|yamajet|彩虹|arc en ciel
1352,DX,さくゆいたいそう,DX,MASTER,12+,12.6,160,BUDDiES (双),2023-09-14,否,さくゆいたいそう|我等心友|sakuyui taisou|sakuyui exercise|咲唯体操|女同17|管人体操
1349,DX,Play merrily NEO,DX,MASTER,12+,12.9,180,BUDDiES (双),2023-09-14,否,play merrily neo|玩的开心neo|neo|耳机|pmn
1339,DX,解けないように,DX,MASTER,12+,12.8,112,BUDDiES (双),2023-09-14,否,解けないように|解|为不被解开|为了不被解开|愿这绳结不被解开|黑化灵梦|黑灵梦
1333,DX,絶対敵対メチャキライヤー,DX,MASTER,12+,12.9,190,FESTiVAL+ (祝),2023-08-18,否,絶対敵対メチャキライヤー|绝对敌对|绝对敌对大讨厌|绝对敌对超级讨厌|宿敌就是宿敌啊
1330,DX,まにまに,DX,MASTER,12+,12.7,174,FESTiVAL+ (祝),2023-08-18,否,まにまに|manimani|马尼马尼|射箭|女人射箭|随之任之|🏹
1322,DX,はんぶんこ,DX,MASTER,12+,12.9,124,FESTiVAL+ (祝),2023-07-21,否,はんぶんこ|另一半|三枝明那|半分子|各分一半
1312,DX,Snow Colored Score,DX,MASTER,12+,12.9,164,FESTiVAL+ (祝),2023-06-08,否,snow colored score|雪颜色分数|雪色分|scs|雪色记录
1297,DX,ヱデン,DX,MASTER,12+,12.8,137,FESTiVAL+ (祝),2023-04-28,否,ヱデン|eden|阿罗娜|エデン|伊甸
1292,DX,tape/stop/night,DX,MASTER,12+,12.8,115,FESTiVAL+ (祝),2023-04-14,否,tape/stop/night|胶停夜|国产弱虫|tsn|强虫|磁带暂停夜晚|tape stop night|中国强🐛|中国虫|磁带机黑胶|磁带机|带停夜|中国强虫|弱虫2|暮色电台|中国弱虫|中文歌|强虫蒙布朗|fate/stay/night|磁带|tape
1289,DX,魂のルフラン,DX,MASTER,12+,12.9,130,FESTiVAL+ (祝),2023-04-01,否,魂のルフラン|魂之轮回
1285,DX,Let you DIVE!,DX,MASTER,12+,12.8,185,FESTiVAL+ (祝),2023-03-23,否,let you dive!|让你潜|let you dive|伊丽莎白|让你潜水|wacca|lyd|让你落
1283,DX,キャットラビング,DX,MASTER,12+,12.8,163,FESTiVAL+ (祝),2023-03-23,否,キャットラビング|白毛红瞳猫娘|香椎|爱猫tv|cat loving|爱猫|搓猫|坠入爱河的猫
1270,DX,トノサマビーム,DX,MASTER,12+,12.8,170,FESTiVAL+ (祝),2023-03-23,否,トノサマビーム|乙姬2|匕一么|殿下大人光线|大人光束
1267,DX,独りんぼエンヴィー,DX,MASTER,12+,12.7,132,FESTiVAL (祭),2023-03-10,否,独りんぼエンヴィー|孜然炉火|蛙|虾|孑然妒火|🦐|孜然驴肉|孜然驴火|房间已解散
1266,DX,『んっあっあっ。』,DX,MASTER,12+,12.8,123,FESTiVAL (祭),2023-03-10,否,『んっあっあっ。』|嗯啊啊|举手|「んっあっあっ。」|初音鬼叫|顶级烟嗓|烟嗓
1256,DX,キュートなカノジョ,DX,MASTER,12+,12.8,160,FESTiVAL (祭),2023-02-17,否,キュートなカノジョ|可爱的女朋友|女朋友|可爱女友|米塔
1244,DX,Blank Paper (Prod. TEMPLIME),DX,MASTER,12+,12.9,133,FESTiVAL (祭),2023-01-06,否,blank paper (prod. templime)|blank paper|空白纸
1219,DX,セカイ,DX,MASTER,12+,12.8,133,FESTiVAL (祭),2022-10-07,否,セカイ|sekai|世界
1208,DX,ジレンマ,DX,MASTER,12+,12.9,188,FESTiVAL (祭),2022-09-15,否,ジレンマ|白葱|进退两难|异色瞳|赤瞳|异瞳|dilemma|邦邦邦|两难问题
1194,DX,ただ選択があった,DX,MASTER,12+,12.7,140,UNiVERSE+ (星),2022-08-19,否,ただ選択があった|只是在不断选择|答题卡|选择|仅仅做出选择而已|打地鼠|jubeat|海鲜市场
1192,DX,終焉逃避行,DX,MASTER,12+,12.9,147,UNiVERSE+ (星),2022-08-19,否,終焉逃避行|提桶跑路|终焉逃避行|终焉|嵯峨
1191,DX,ジャンキーナイトタウンオーケストラ,DX,MASTER,12+,12.9,145,UNiVERSE+ (星),2022-08-19,否,ジャンキーナイトタウンオーケストラ|瘾者之夜|玛奇玛|🤫|瘾者之夜城镇乐队|junky night town orchestra|隐者之夜
1177,DX,Spring of Dreams,DX,MASTER,12+,12.8,153,UNiVERSE+ (星),2022-07-01,否,spring of dreams|春梦|春之港湾|娜兹玲|莉莉白|小老鼠
1170,DX,春を告げる,DX,MASTER,12+,12.9,120,UNiVERSE+ (星),2022-06-10,否,春を告げる|春日宣告|🛌|春天的宣告|春告|宣告春天|睡了|cogito睡觉
1159,DX/STD,サンバランド,DX,MASTER,12+,12.8,132,でらっくす (熊),2020-01-10,否,サンバランド|仰卧起坐|标准仰卧起坐|佐藤|标准桑巴|桑巴|面具男
1155,DX,　,DX,MASTER,12+,12.8,130,UNiVERSE+ (星),2022-04-15,否,空白|如月车站|如月|无题|没有名字|月光列车|口口|双押弱虫|没名字|无名歌|如月站台|没名字的歌|空格|棍母|滚木|请输入文本|无名|慈祥的老奶奶
1138,DX,ミルキースター・シューティングスター,DX,MASTER,12+,12.9,184,UNiVERSE+ (星),2022-03-24,否,ミルキースター・シューティングスター|牛奶流星|女同12|milky star|uni+主题曲|银河星|星代主题曲|牛奶4|流星牛奶
1131,DX,on the rocks,DX,MASTER,12+,12.8,150,UNiVERSE (宙),2022-02-25,否,on the rocks|otr|冰酒|在石头上
1117,DX,No Limit RED Force,DX,MASTER,12+,12.7,146,UNiVERSE (宙),2022-01-14,否,no limit red force|无限红|无限红力|无尽的赤红之力|红色电音极地大冲击
1115,DX/STD,Destr0yer,DX,MASTER,12+,12.9,90,でらっくす (熊),2019-07-11,否,destr0yer|——口|destr🦌yer|标准d0|别急10|消除男|----------☀️◻|标d0|驱逐舰|神父|毁灭者|d0|终极闪光|方块头|destroyer|削除射线|削除光线|削除|界限突破|毁灭方块人|null|dx削除射线|一一一一一口|破坏者
1113,DX,響け！CHIREI MY WAY!,DX,MASTER,12+,12.7,181,UNiVERSE (宙),2022-01-06,否,響け！chirei my way!|响|地灵殿偶像
1103,DX,ポッピンキャンディ☆フィーバー！,DX,MASTER,12+,12.9,190,UNiVERSE (宙),2021-11-26,否,ポッピンキャンディ☆フィーバー！|poppin' candy fever|流行糖果发烧了|怨！|八千块钱|女同3|流行糖果热|poppin candy fever|叭叭叭
1095,DX,needLe,DX,MASTER,12+,12.8,190,UNiVERSE (宙),2021-10-15,否,needle|指针
1093,DX,セカイはまだ始まってすらいない,DX,MASTER,12+,12.7,138,UNiVERSE (宙),2021-10-15,否,セカイはまだ始まってすらいない|世界还没有开始|世界还未开始|天马司倒了
1085,DX,グッバイ宣言,DX,MASTER,12+,12.8,170,UNiVERSE (宙),2021-09-16,否,"グッバイ宣言|扭手宣言|卡手宣言|886宣言|再见宣言|one,two|✌️👌|再会宣言|七濑玲奈"
1071,DX,Kiss Me Kiss,DX,MASTER,12+,12.8,140,Splash+ (煌),2021-09-30,否,kiss me kiss|kiss|qwq|kissmeass|亲我亲
1068,DX,トラフィック・ジャム,DX,MASTER,12+,12.8,130,Splash+ (煌),2021-08-20,否,トラフィック・ジャム|traffic jam|堵车|黄埔|交通堵塞|煮儿果实|黄谱|黄歌|交通阻塞|trafficjam|jam
1065,DX,阿吽のビーツ,DX,MASTER,12+,12.8,103,Splash+ (煌),2021-08-05,否,阿吽のビーツ|阿吽|阿吽的节奏|阿牛|阿哞的节奏|小灵通青春版|阿牛小卖铺|阿哞
1064,DX,ラットが死んだnew words,DX,MASTER,12+,12.8,146,Splash+ (煌),2021-08-05,否,ラットが死んだnew words|老鼠死掉了|硕鼠死亡|硕鼠死亡newwords|老鼠死掉了newwords|死|芝麻街|鼠鼠似了|白老鼠死掉了|疫医
1063,DX,猫猫的宇宙論,DX,MASTER,12+,12.7,134,Splash+ (煌),2021-08-05,否,猫猫的宇宙論|猫猫宇宙论|宇宙论|学猫叫|🖐🏻️🐱🖐🏻️|猫猫的宇宙论
1057,DX,Alice in 冷凍庫,DX,MASTER,12+,12.8,176,Splash+ (煌),2021-07-09,否,alice in 冷凍庫|alice in 冷冻库|哦哦哦|爱丽丝|爱丽丝在冰箱|冰箱|冷冻库|冷死爱丽丝|冻死爱丽丝
1046,DX,スローアライズ,DX,MASTER,12+,12.8,185,Splash+ (煌),2021-05-28,否,スローアライズ|慢排列|鲸鱼情侣|男同牵手|slowarise|鲸鱼|slow arise
1045,DX,星めぐり、果ての君へ。,DX,MASTER,12+,12.9,175,Splash+ (煌),2021-05-28,否,星めぐり、果ての君へ。|星果|星果君|星斗流转、赴你为终|星间巡游致尽头的你|🥺|星斗流转
1035,DX,ステップアンドライム,DX,MASTER,12+,12.8,155,Splash+ (煌),2021-04-28,否,ステップアンドライム|男同3|stepandlime|间谍过家家
1029,DX,サヨナラフリーウェイ,DX,MASTER,12+,12.6,170,Splash+ (煌),2021-04-09,否,サヨナラフリーウェイ|再见|再见高速公路|抑郁症|我有抑郁症
1028,DX,オーケー？　オーライ！,DX,MASTER,12+,12.8,150,Splash+ (煌),2021-04-09,否,オーケー？ オーライ！|ok|3q|ok all right|？！
1027,DX,タケモトピアノCMソング,DX,MASTER,12+,12.7,122,Splash+ (煌),2021-04-01,否,タケモトピアノcmソング|猫和老鼠开头|原谅你了小鬼|广告|钢琴广告|广告歌|0120370009|机厅老板快乐歌|超级变变变|卖钢琴|cm|竹本钢琴|原谅你了，小鬼！|电话号码
1019,DX,永遠にゲームで対戦したいキリタン,DX,MASTER,12+,12.8,126,Splash+ (煌),2021-03-18,否,永遠にゲームで対戦したいキリタン|东北往事|切蒲英打电动|对战游戏|切蒲英|东北切蒲英|肝帝打不赢欧皇|猫耳|永远都想玩对战游戏的切蒲英|对战|永远|主播|永远对战|永远都想对战游戏
1017,DX,ネガティブ進化論,DX,MASTER,12+,12.7,140,Splash+ (煌),2021-03-18,否,ネガティブ進化論|negative|比倒拇指的女孩|达尔文|进化论|👎|消极进化论|弟中之弟进化论|👎🏻|弟中之弟|沈阳大街
1016,DX,おジャ魔女カーニバル!!,DX,MASTER,12+,12.8,147,Splash+ (煌),2021-03-18,否,おジャ魔女カーニバル!!|小魔女|光吉猛修小魔女|魔女|小魔女嘉年华|光吉猛修|就你小子拆机
999,DX,絡繰りドール,DX,MASTER,12+,12.9,160,Splash (爽),2021-02-05,否,絡繰りドール|络繰|络缲|老奶奶与狐狸精|奶奶狐狸|老太婆和九尾狐妖|絡繰
998,DX,自傷無色,DX,MASTER,12+,12.8,120,Splash (爽),2021-01-21,否,自傷無色|自伤无色
997,DX,アスノヨゾラ哨戒班,DX,MASTER,12+,12.8,185,Splash (爽),2021-01-21,否,アスノヨゾラ哨戒班|哨戒班2|dx烧鸡班|哨戒班|烧鸡班|dx哨戒班|明日的夜空哨戒班|小哨戒班
987,DX,REAL VOICE,DX,MASTER,12+,12.8,183,Splash (爽),2020-12-11,否,real voice|真声音|realvoice|本音|真音|真唱
985,DX,オリフィス,DX,MASTER,12+,12.9,200,Splash (爽),2020-12-11,否,オリフィス|流量计|流孔|orifice|黄毛美术生|画家|美术生
983,DX,ベノム,DX,MASTER,12+,12.7,152,Splash (爽),2020-11-27,否,ベノム|猛毒|达咩|咩|🙅|venom
978,DX,シアトリカル・ケース,DX,MASTER,12+,12.8,150,Splash (爽),2020-11-13,否,シアトリカル・ケース|case|theatrical case|侦探跳火车|theatrical・case|戏剧性案件|言叶3|黑玫瑰3|tc|砂金|戏剧性事件
976,DX,絶対にチョコミントを食べるアオイチャン,DX,MASTER,12+,12.9,140,Splash (爽),2020-10-30,否,絶対にチョコミントを食べるアオイチャン|必须要吃薄荷巧克力味冰淇淋的琴叶葵酱|chocomint ice|薄荷巧克力冰淇淋|薄荷巧克力|琴叶葵|冰淇淋|冰淇凌|绝对|巧克力冰淇淋|绝对食|超级小喵|巧克力薄荷冰淇淋|牙膏|琴叶
975,DX,お願いマッスル,DX,MASTER,12+,12.7,132,Splash (爽),2020-10-30,否,
961,DX,悪戯センセーション,DX,MASTER,12+,12.7,192,Splash (爽),2020-09-17,否,悪戯センセーション|大小姐|二小姐|大妹|恶戏sensation|淘气感觉|恶戏
958,DX,命に嫌われている,DX,MASTER,12+,12.8,200,Splash (爽),2020-09-17,否,命に嫌われている|命嫌|被生命所厌恶|被生命厌恶|嫌命短|超羽天狼星|被生命所厌恶着|核客男神|嫌命长
956,DX,マイオドレ！舞舞タイム,DX,MASTER,12+,12.8,183,Splash (爽),2020-09-17,否,
954,DX,居並ぶ穀物と溜息まじりの運送屋,DX,MASTER,12+,12.9,160,Splash (爽),2020-09-17,否,居並ぶ穀物と溜息まじりの運送屋|老汉推车|牢大骑车|老汉拉车|老爷爷|木雕2|木雕鲶鱼2|老登拉车|水手|卖炭翁|老农民我的乡亲|骆驼祥子|老头拉车
949,DX,はちみつアドベンチャー,DX,MASTER,12+,12.8,160,でらっくす+ (華),2020-09-04,否,はちみつアドベンチャー|蜂蜜冒险|はちみ|大小福瑞|蜂蜜adventure|蓝色侏儒小熊|小孩坐大车|熊妈妈|小孩开大车|哈基米
947,DX,wheel,DX,MASTER,12+,12.8,136,でらっくす+ (華),2020-08-21,否,wheel|马挖路2|悠哇悠哇|轮子|车轮|猫车|轮|dx马洼路
946,DX,Drive Your Fire,DX,MASTER,12+,12.8,164,でらっくす+ (華),2020-08-21,否,drive your fire|驾驶你的火|红色电音|开你的火|大姨父|极地大冲击
945,DX,Witches night,DX,MASTER,12+,12.8,154,でらっくす+ (華),2020-08-21,否,witches night|恋恋|东方紫发女|古明地恋|魔女的夜|魔女之夜
943,DX,全力ハッピーライフ,DX,MASTER,12+,12.8,190,でらっくす+ (華),2020-08-21,否,全力ハッピーライフ|全力|全力幸福生活|全力哈皮|全力happylife|吉他女神2|铃仙|全力幸福|🐰👋|兔女郎鱼尾
939,DX,表裏一体,DX,MASTER,12+,12.9,150,でらっくす+ (華),2020-07-17,否,表裏一体|表里一体|表里如一|表里
938,DX,深海シティアンダーグラウンド,DX,MASTER,12+,12.8,170,でらっくす+ (華),2020-07-17,否,深海シティアンダーグラウンド|深海地下都市|深海都市|呜哇啊啊啊|水神7|深海|深海地下城|深海城市|深海undergroundcity
935,DX,Ututu,DX,MASTER,12+,12.9,172,でらっくす+ (華),2020-07-03,否,ututu|乌班图|胡图图|Ubuntu
927,DX,Saika,DX,MASTER,12+,12.7,145,でらっくす+ (華),2020-06-11,否,
924,DX,シエルブルーマルシェ,DX,MASTER,12+,12.8,180,でらっくす+ (華),2020-03-19,否,シエルブルーマルシェ|dx白绯色|星星歌|魔法食谱|蓝天市场|眼镜妹|青空市场|小厨娘|做饭|ciel bleu marché
920,DX,KILLER B,DX,MASTER,12+,12.8,130,でらっくす+ (華),2020-03-06,否,killer b|王女|杀人蜂|杀手b|果然敌人|杀b
919,DX,グラーヴェ,DX,MASTER,12+,12.8,185,でらっくす+ (華),2020-03-06,否,グラーヴェ|hello|grave|嘟嘟嘟
917,DX,クレイジー・ビート,DX,MASTER,12+,12.9,130,でらっくす+ (華),2020-03-06,否,クレイジー・ビート|crazybeats|狂热节拍|狂乱节拍|双人蹦迪|crazybeat|crazy beat|致命节奏|疯狂节拍
916,DX,タテマエと本心の大乱闘,DX,MASTER,12+,12.7,180,でらっくす+ (華),2020-02-20,否,タテマエと本心の大乱闘|本心大乱斗|本心|场面话与真心的大乱斗|大乱斗
915,DX,UTAKATA,DX,MASTER,12+,12.6,185,でらっくす+ (華),2020-02-20,否,utakata|亚索|拔刀|泡沫|维吉尔
914,DX,最強 the サマータイム!!!!!,DX,MASTER,12+,12.7,178,でらっくす+ (華),2020-02-20,否,最強 the サマータイム!!!!!|泳装|最强
906,DX,スターリースカイ☆パレード,DX,MASTER,12+,12.6,177,でらっくす+ (華),2020-01-23,否,スターリースカイ☆パレード|星空游行|女同5|starryskyparade|starry sky parade|镜音音街
905,DX,アンドロイドガール,DX,MASTER,12+,12.9,192,でらっくす+ (華),2020-01-23,否,アンドロイドガール|安卓少女|仿生少女|安卓女|琪亚娜|安卓女孩|androidgirl
904,DX,ビターチョコデコレーション,DX,MASTER,12+,12.9,174,でらっくす+ (華),2020-01-23,否,ビターチョコデコレーション|🍽️|苦巧克力装饰|苦巧|苦巧克力|米开朗基罗
903,DX,だから僕は音楽を辞めた,DX,MASTER,12+,12.7,150,でらっくす+ (華),2020-01-23,否,だから僕は音楽を辞めた|团长|エイミー|放弃音乐|于是我放弃了音乐|所以我放弃了音乐|奥尔加|仆音乐辞|音辞|音乐辞
901,DX,ヤミツキ,DX,MASTER,12+,12.7,208,でらっくす+ (華),2020-01-23,否,ヤミツキ|痴迷
899,DX,絡めトリック利己ライザー,DX,MASTER,12+,12.7,150,でらっくす+ (華),2020-01-23,否,絡めトリック利己ライザー|绿头人|络|华代主题曲|利己|dx+主题曲|络利己
896,DX,Bad Apple!! feat.nomico (REDALiCE Remix),DX,MASTER,12+,12.6,170,でらっくす+ (華),2020-01-23,否,bad apple!! feat.nomico (redalice remix)|小红的烂苹果|badappleremix|dx坏苹果|坏苹果3|红苹果|烂苹果remix|🍎|坏苹果remix|烂苹果3|小红坏苹果|坏苹果蹦迪版|烂苹果
892,DX,幾望の月,DX,MASTER,12+,12.8,276,でらっくす (熊),2019-12-20,否,幾望の月|几望月|几望|几望之月|望月|几望的月
885,DX,CocktaiL,DX,MASTER,12+,12.7,128,でらっくす (熊),2019-11-29,否,cocktail|鸡尾酒
882,DX,げきオコスティックファイナリアリティぷんぷんマスタースパーク,DX,MASTER,12+,12.8,200,でらっくす (熊),2019-11-01,否,げきオコスティックファイナリアリティぷんぷんマスタースパーク|东方曲名过长|东方名字很长|魔理沙和灵梦背靠背
874,DX,一か罰,DX,MASTER,12+,12.8,196,でらっくす (熊),2019-10-18,否,一か罰|只有我最摇摆|一刀罚|一罚|一力罚|一罰
873,DX,♡マイマイマイラブ♡,DX,MASTER,12+,12.9,170,でらっくす (熊),2019-10-04,否,♡マイマイマイラブ♡|出mai我的爱|maimaimailove|章鱼歌|舞萌痴|爱情买卖|maimailove|my my my love|maimai love
871,DX,星屑ユートピア,DX,MASTER,12+,12.7,240,でらっくす (熊),2019-09-20,否,星屑ユートピア|星屑乌托邦|星屑
868,DX,デビル☆アイドル,DX,MASTER,12+,12.7,180,でらっくす (熊),2019-09-06,否,デビル☆アイドル|devil|devil idol|恶魔偶像|飞天小女警
865,DX,グリーンライツ・セレナーデ,DX,MASTER,12+,12.7,200,でらっくす (熊),2019-08-22,否,グリーンライツ・セレナーデ|魔法未来2018|绿光|绿光小夜曲|墨芷
860,DX,Scarlet Wings,DX,MASTER,12+,12.9,183,でらっくす (熊),2019-08-09,否,scarlet wings|红鸡翅|小黑姬|黑姬|小星星2|黑姬拔刀|鸭翅|红翅膀子|红翼|鸡翅膀|红烧鸡翅|redalice|猩红之翼|鲜红之翼|绯红之翼
858,DX,アカリがやってきたぞっ,DX,MASTER,12+,12.7,136,でらっくす (熊),2019-07-26,否,アカリがやってきたぞっ|来了哦|akari|来了哟|阿卡莉|绁星灯|akari来了哦|来了|阿卡丽|小灯
856,DX,イカサマライフゲイム,DX,MASTER,12+,12.9,200,でらっくす (熊),2019-07-19,否,イカサマライフゲイム|预言小丑|人生游戏|lifegame|虚伪人生游戏|骗人的人生游戏|骗人的lifegame|作弊生存游戏|骗人的生命游戏
855,DX,Strobe♡Girl,DX,MASTER,12+,12.6,190,でらっくす (熊),2019-07-11,否,strobe♡girl|strobegirl|闪烁少女
848,DX,Crazy Circle,DX,MASTER,12+,12.6,145,でらっくす (熊),2019-07-11,否,crazy circle|黑喂狗|疯圈|ddlc|多多理财
847,DX,超常マイマイン,DX,MASTER,12+,12.7,178,でらっくす (熊),2019-07-11,否,超常マイマイン|咕噜咕噜|超常滴蜡熊|超常|大逼圈入门曲|超常maimai|旋转迪拉熊
843,DX,でらっくmaimai♪てんてこまい!,DX,MASTER,12+,12.7,178,でらっくす (熊),2019-07-11,否,でらっくmaimai♪てんてこまい!|dx主题曲|舞萌主题曲|天手古舞|滴蜡熊|三森铃子|迪拉熊|滴蜡熊大家族|迪拉熊主题曲|豪华舞萌手忙脚乱|迪拉熊全家福
824,STD,命ばっかり,STD,MASTER,12+,12.7,128,FiNALE (輝),2019-04-26,否,命ばっかり|命没|沙发太|蓝色男人坐沙发|只有命|只为生命|命|全是命
815,STD,イロトリドリのメロディ,STD,MASTER,12+,12.7,140,FiNALE (輝),2019-03-08,否,イロトリドリのメロディ|小仏凪|彩绿之歌|多彩旋律|端茶
805,STD,カラフル×メロディ,STD,MASTER,12+,12.6,185,FiNALE (輝),2019-01-25,否,
787,STD,ロールプレイングゲーム,STD,MASTER,12+,12.6,162,FiNALE (輝),2018-12-13,否,ロールプレイングゲーム|mafumafu|rpg|日屁股
786,STD,ネ！コ！,STD,MASTER,12+,12.9,182,FiNALE (輝),2018-12-13,否,ネ！コ！|nero|neko|流浪猫之心|野良猫|ne！ko！|节粮猫|zood|猫|ネコ|咪咪
785,STD,ENJOY POLIS,STD,MASTER,12+,12.9,220,FiNALE (輝),2018-12-13,否,enjoy polis|enjoypolis
778,STD,このふざけた素晴らしき世界は、僕の為にある,STD,MASTER,12+,12.8,152,MiLK+ (雪),2018-11-20,否,
770,STD,"Help me, あーりん！",STD,MASTER,12+,12.6,183,MiLK+ (雪),2018-10-16,否,"help me, あーりん！|救我|帮我阿李安|帮我|帮帮我|月铃姐妹|彩绿永琳|教我，永琳！|erin！erin！"
764,STD,INFINITE WORLD,STD,MASTER,12+,12.6,167,MiLK+ (雪),2018-09-18,否,infinite world|无限世界|📷|天狗拍照|恶心丸
757,STD,おねがいダーリン,STD,MASTER,12+,12.8,180,MiLK+ (雪),2018-08-07,否,おねがいダーリン|拜托了，亲爱的|拜托了原神|拜托了darling|拜托了亲爱的|one
752,STD,Conquista Ciela,STD,MASTER,12+,12.7,140,MiLK+ (雪),2018-07-11,否,conquista ciela|电脑战机|光吉猛修|头疼|cc|脑阔疼|男人唱歌
750,STD,Let's Go Away,STD,MASTER,12+,12.8,240,MiLK+ (雪),2018-07-11,否,let's go away|梦游美国|赛车|芜湖
744,STD,Session High⤴,STD,MASTER,12+,12.8,200,MiLK+ (雪),2018-06-21,否,session high⤴|↗️|⬆️|⤴️|↑
742,STD,Fist Bump,STD,MASTER,12+,12.9,217,MiLK+ (雪),2018-06-21,否,fist bump|碰拳|索尼克力量
741,STD,LOVE EAST,STD,MASTER,12+,12.8,168,MiLK+ (雪),2018-06-21,否,love east|爱东方|转转|爱东|爱吃
738,STD,バレリーコ,STD,MASTER,12+,12.6,150,MiLK (白),2018-06-05,否,バレリーコ|芭蕾舞者|照镜子|芭蕾
737,STD,フリィダム ロリィタ,STD,MASTER,12+,12.6,150,MiLK (白),2018-06-05,否,フリィダム ロリィタ|洛丽塔|喂饭|嘘嘘|喂美少女嘘嘘|自由洛丽塔|自由的洛丽塔|freedom lolita
736,DX/STD,シャルル,STD,MASTER,12+,12.9,145,MiLK (白),2018-06-05,否,シャルル|汁儿儿|三力儿儿|查尔斯|夏露露|charles
733,DX/STD,WARNING×WARNING×WARNING,STD,MASTER,12+,12.6,172,MiLK (白),2018-05-08,否,warning×warning×warning|www|warning|条纹过膝袜|注意注意注意|小丑|星条旗|警告警告警告|克劳恩皮丝|万宁星星
730,DX/STD,天狗の落とし文 feat. ｙｔｒ,STD,MASTER,12+,12.8,160,MiLK (白),2018-05-08,否,天狗の落とし文 feat. ｙｔｒ|天狗|犹太人|天狗落|天狗的匿名信|天狗的无名文书|ytr|天狗落文|天狗之落|天狗の落とし文
720,STD,アルカリレットウセイ,STD,MASTER,12+,12.7,158,MiLK (白),2018-03-20,否,アルカリレットウセイ|露露卡莉莉卡噜啦哩啦噜啦啦|莉莉卡|魔法少女举大棒|碱性劣等生|魔法少女
719,DX/STD,ダンスロボットダンス,DX,MASTER,12+,12.7,190,Splash (爽),2018-03-20,否,ダンスロボットダンス|👆🏻😑👇🏻|dance robot dance|dancerobotdance|跳舞机器人跳舞|机器人跳舞|☝😑👇|drd|小v|跳舞机器人|voidoll|↑↓|机器人舞|👆👇|舞蹈机器人舞蹈|舞蹈机器人|up side up side down
713,STD,Kinda Way,STD,MASTER,12+,12.9,127,MiLK (白),2018-02-20,否,kinda way|kw|迷你世界|健达路
712,STD,ミラクル・ショッピング,STD,MASTER,12+,12.7,167,MiLK (白),2018-02-20,否,ミラクル・ショッピング|miracle shopping|qq|乱中取胜|堂吉诃德|购物|神奇阿呦|qq企鹅|企鹅超市
702,STD,白い雪のプリンセスは,STD,MASTER,12+,12.9,200,MiLK (白),2018-01-09,否,
687,STD,ないせんのうた,STD,MASTER,12+,12.7,184,MURASAKi+ (菫),2017-12-05,否,ないせんのうた|内线云1|内线|没歌|再见im外星人|打电话|这个地球是一秒都待不下去了
685,STD,フラジール,STD,MASTER,12+,12.8,127,MURASAKi+ (菫),2017-11-21,否,フラジール|易碎品|脆弱|七海娜娜米|易碎|fragile
684,STD,エイリアンエイリアン,STD,MASTER,12+,12.8,152,MURASAKi+ (菫),2017-11-21,否,エイリアンエイリアン|河南人|常陆茉子|外星人外星人|👽|奥利奥利安|阿里安|alien|✋🏻😐✋🏻|奥利安奥利安|外星人|alien alien
679,DX/STD,チルノのパーフェクトさんすう教室　⑨周年バージョン,DX,MASTER,12+,12.8,175,でらっくす (熊),2017-10-17,否,チルノのパーフェクトさんすう教室 ⑨周年バージョン|99|笨蛋教室|9周年教室|9周年|九周年|⑨|算数教室|baka|机厅几卡|9|9周年算数教室|dxbaka|dx琪露诺|琪露诺|新琪露诺教室
657,STD,ヘルシーエンド,STD,MASTER,12+,12.9,150,MURASAKi+ (菫),2017-07-25,否,ヘルシーエンド|诈尸曲|健康结局|healthy end
655,STD,オトヒメモリー☆ウタゲーション,STD,MASTER,12+,12.9,140,MURASAKi+ (菫),2017-07-11,否,オトヒメモリー☆ウタゲーション|乙姬|乙姫
650,STD,宿題が終わらないっ！,STD,MASTER,12+,12.9,180,MURASAKi+ (菫),2017-06-22,否,宿題が終わらないっ！|宿题终|触手|作业写不完了|作业还没做完|不写作业|吱吱|-connect-少女与触手编织出的爱|宿题
648,STD,華鳥風月,STD,MASTER,12+,12.8,123,MURASAKi+ (菫),2017-06-22,否,華鳥風月|华鸟风月|かちょうふうげつ|花鸟市场|花鸟风月|四季|四季映姬
647,STD,StargazeR,STD,MASTER,12+,12.7,195,MURASAKi (紫),2017-06-06,否,stargazer|虎哥|大荒囚天指|观星者|摘星人|空条承太郎
646,STD,Just Be Friends,STD,MASTER,12+,12.8,128,MURASAKi (紫),2017-06-06,否,
639,STD,Starlight Vision,STD,MASTER,12+,12.7,180,MURASAKi (紫),2017-05-11,否,starlight vision|星光视觉|樱花灵梦|🌸|星光视界|灵梦樱
628,STD,その群青が愛しかったようだった,STD,MASTER,12+,12.7,220,MURASAKi (紫),2017-03-09,否,その群青が愛しかったようだった|那份群青仿佛是很可爱的样子|群青爱|那片群青好像很可爱|群青
627,STD,きらっせ☆ウッド村ファーム,STD,MASTER,12+,12.7,190,MURASAKi (紫),2017-03-09,否,きらっせ☆ウッド村ファーム|妖精村|木村农场|😆😆|銚子县|はっぴー酱下乡扶贫
616,STD,フォルテシモBELL,STD,MASTER,12+,12.6,121,MURASAKi (紫),2017-02-07,否,フォルテシモbell|粉毛弹吉他|bell|emu|千早爱音|fortissimo bell
608,DX/STD,色は匂へど散りぬるを,DX,MASTER,12+,12.7,138,BUDDiES (双),2016-12-15,否,色は匂へど散りぬるを|老年人活动中心|花开艳丽终散落|花艳终散|花朵艳丽终会散落|伊洛瓦|色散|dx色散|花朵艳丽
595,STD,終わりなき物語,STD,MASTER,12+,12.7,150,PiNK+ (櫻),2016-11-04,否,終わりなき物語|终物语|无尽物语|物语
583,STD,Hand in Hand,STD,MASTER,12+,12.8,128,PiNK+ (櫻),2016-08-31,否,hand in hand|手牵手|手拉手|hih|难忘今宵|握握手|诺基亚|手在手里面
581,STD,しんでしまうとはなさけない！,STD,MASTER,12+,12.9,174,PiNK+ (櫻),2016-08-11,否,
573,DX/STD,月に叢雲華に風,DX,MASTER,12+,12.6,160,でらっくす (熊),2016-06-30,否,月に叢雲華に風|月遇丛云花遇风|月映丛云|摇摆阳|月风|月丛云华风|丛云伴月|小五|月云华风|月华|月丛云|闲云遮月清风袭花|月映从云花语风|丛云华|月从云华风|月隐於丛云花散於风
571,STD,fake!fake!,STD,MASTER,12+,12.9,156,PiNK+ (櫻),2016-06-30,否,fake!fake!|弹簧|万物皆虚|骗子|fake|假！假！|彩虹圈|假的假的|fakefake
549,STD,囲い無き世は一期の月影,STD,MASTER,12+,12.6,172,PiNK (桃),2016-02-04,否,囲い無き世は一期の月影|月影|妹红玉足
547,STD,フラグメンツ -T.V. maimai edit-,STD,MASTER,12+,12.8,160,PiNK (桃),2016-02-04,否,フラグメンツ -t.v. maimai edit-|tv|东方穿心莲|fragments|maimai edit|碎片|风见幽香|flower of life|少女幻葬
543,STD,イノコリ先生,STD,MASTER,12+,12.7,162,PiNK (桃),2016-01-21,否,イノコリ先生|留堂老师|先生|男同|男同老师|男同互瞪
542,STD,LOL -lots of laugh-,STD,MASTER,12+,12.7,138,PiNK (桃),2016-01-21,否,
539,STD,すろぉもぉしょん,STD,MASTER,12+,12.7,160,PiNK (桃),2015-12-09,否,
533,STD,言ノ葉遊戯,STD,MASTER,12+,12.7,164,PiNK (桃),2015-12-09,否,言ノ葉遊戯|言叶游戏|文字游戏|游戏
526,STD,Yet Another ”drizzly rain”,STD,MASTER,12+,12.6,175,ORANGE+ (暁),2015-11-12,否,yet another ”drizzly rain”|姆q|帕秋莉
521,STD,Sweet Devil,STD,MASTER,12+,12.7,132,ORANGE+ (暁),2015-07-16,否,
519,DX/STD,Change Our MIRAI！,DX,MASTER,12+,12.6,256,でらっくす (熊),2015-07-16,否,change our mirai！|改变未来|四对奶子|com|五个女人|五对奶子|中年男人|四大一小|五对柰子|小心彩绿|不含月铃姐妹|dx五对奶子|改变我们的未来
511,STD,若い力 -SEGA HARD GIRLS MIX-,STD,MASTER,12+,12.7,162,ORANGE+ (暁),2015-06-04,否,若い力 -sega hard girls mix-|若以力|世嘉少女|年轻的力量|sbga|sega社歌|sega|世嘉社歌|世嘉女孩|若力|世嘉硬件女孩|若力二次元版
507,STD,welcome to maimai!! with マイマイマー,STD,MASTER,12+,12.9,163,ORANGE+ (暁),2015-04-16,否,welcome to maimai!! with マイマイマー|maimai|go! go! 575|欢迎来到舞萌的世界
506,STD,悪戯,STD,MASTER,12+,12.9,140,ORANGE+ (暁),2015-04-16,否,悪戯|恶戏|恶习
495,STD,不毛！,STD,MASTER,12+,12.7,200,ORANGE (橙),2015-02-05,否,不毛！|不毛|木毛
491,STD,究極焼肉レストラン！お燐の地獄亭！,STD,MASTER,12+,12.7,185,ORANGE (橙),2015-01-08,否,究極焼肉レストラン！お燐の地獄亭！|究极烧肉|烤肉
482,STD,BETTER CHOICE,STD,MASTER,12+,12.9,130,ORANGE (橙),2014-11-13,否,better choice|更好选择|更好的选择|👄|烈焰红唇
476,STD,Dreampainter,STD,MASTER,12+,12.9,136,ORANGE (橙),2014-10-09,否,dreampainter|绘梦者|sta金曲|梦境绘画者|🎩
472,DX/STD,One Step Ahead,STD,MASTER,12+,12.7,186,ORANGE (橙),2014-09-18,否,one step ahead|向前一步|一步向前|一步个头
453,STD,からくりピエロ,STD,MASTER,12+,12.6,102,GreeN+ (檄),2014-07-17,否,からくりピエロ|🤡|活动沙口|活动小丑|小丑|派对小丑
451,STD,Brand-new Japanesque,STD,MASTER,12+,12.7,135,GreeN+ (檄),2014-06-17,否,brand-new japanesque|如龙0|如龙见参|全新日本人|如龙
446,STD,神々の祈り,STD,MASTER,12+,12.7,130,GreeN+ (檄),2014-05-15,否,神々の祈り|🍁|神明的祈祷|神祈
429,DX/STD,M.S.S.Planet,DX,MASTER,12+,12.9,145,FESTiVAL (祭),2014-03-20,否,m.s.s.planet|我是地球|妈杀杀星球|mss|dxmss
429,DX/STD,M.S.S.Planet,STD,MASTER,12+,12.6,145,GreeN+ (檄),2014-03-20,否,m.s.s.planet|我是地球|妈杀杀星球|mss|dxmss
427,STD,SPiCa,STD,MASTER,12+,12.8,162,GreeN+ (檄),2014-03-20,否,
419,STD,最速最高シャッターガール,STD,MASTER,12+,12.6,160,GreeN+ (檄),2014-02-26,否,最速最高シャッターガール|文文|最速最高
418,STD,お嫁にしなさいっ！,STD,MASTER,12+,12.8,180,GreeN+ (檄),2014-02-26,否,お嫁にしなさいっ！|婚礼|婚礼进行曲|女同7|东方萃翠酒醉|结婚|东方花嫁|萝莉嫁给我|嫁给我吧
416,STD,ぐるぐるWASH！コインランドリー・ディスコ,STD,MASTER,12+,12.6,132,GreeN+ (檄),2014-02-26,否,ぐるぐるwash！コインランドリー・ディスコ|咕噜咕噜|屏幕清洁工|suomi|咕噜咕噜wash|洗衣机|檄代主题曲|滚筒洗衣机|洗衣房
414,DX/STD,モザイクロール,STD,MASTER,12+,12.7,130,GreeN (超),2014-01-23,否,モザイクロール|标准马赛克卷|绿毛永雏塔菲|mosaic roll|马赛克卷|mozaik role|dx马赛克卷
413,DX/STD,天ノ弱,DX,MASTER,12+,12.8,200,Splash (爽),2014-01-23,否,天ノ弱|天之弱|天弱|若叶睦|标准天之弱|dx天弱|dx天之弱
412,STD,I ♥,STD,MASTER,12+,12.7,132,GreeN (超),2014-01-23,否,i ♥|ilove|我爱
409,STD,弱虫モンブラン,STD,MASTER,12+,12.7,120,GreeN (超),2014-01-09,否,弱虫モンブラン|iidx|若虫|胆小鬼|弱虫|我回来了|胆小鬼蒙布朗
404,DX/STD,＊ハロー、プラネット。,DX,MASTER,12+,12.8,150,BUDDiES (双),2013-11-14,否,"＊ハロー、プラネット。|hello planet|标准你好星球|你好星球|八口一|标准hello planet|dx你好星球|hello,planet."
404,DX/STD,＊ハロー、プラネット。,STD,MASTER,12+,12.8,150,GreeN (超),2013-11-14,否,"＊ハロー、プラネット。|hello planet|标准你好星球|你好星球|八口一|标准hello planet|dx你好星球|hello,planet."
401,STD,しゅわスパ大作戦☆,STD,MASTER,12+,12.7,140,GreeN (超),2013-10-03,否,しゅわスパ大作戦☆|下药歌|ymn|修哇大作战|炎拳|修哇|大作战
385,STD,Riders Of The Light,STD,MASTER,12+,12.6,143,GreeN (超),2013-08-07,否,riders of the light|坂本|光骑|光之骑士
381,STD,Ignite Infinity,STD,MASTER,12+,12.6,160,GreeN (超),2013-07-11,否,ignite infinity|psp2
379,STD,Burning Hearts ～炎のANGEL～,STD,MASTER,12+,12.7,155,GreeN (超),2013-07-11,否,burning hearts ～炎のangel～|炎天使|br|阳炎|烧心|炎之天使
376,STD,Backyun! －悪い女－,STD,MASTER,12+,12.7,140,GreeN (超),2013-07-11,否,backyun! －悪い女－|恶女|妖艳魔女|我异域了|坏女人|恶之女
371,STD,Pixel Voyage,STD,MASTER,12+,12.8,170,GreeN (超),2013-07-11,否,pixel voyage|飞机|小飞机|像素旅行
365,STD,神室雪月花,STD,MASTER,12+,12.7,86,GreeN (超),2013-07-11,否,神室雪月花|如龙|雪月花|别急4
363,STD,時空を超えて久しぶり！,STD,MASTER,12+,12.7,145,GreeN (超),2013-07-11,否,時空を超えて久しぶり！|噗哟噗哟|时空超|puyopuyo|时空|3d弹球|噗呦噗呦|3d弹珠|水滴君
357,DX/STD,脳漿炸裂ガール,DX,MASTER,12+,12.9,155,でらっくす (熊),2013-07-11,否,脳漿炸裂ガール|力一儿|脑浆炸裂少女|脑浆炸裂|脑浆炸裂女孩|脑浆炸裂谱|🤯👧|标🤯|脑浆炸裂力一儿|麦当劳1+1|脑裂|标脑浆|吸溜|标脑|脑浆|🤯|标准脑浆|dx脑浆炸裂|dx脑浆|脑瘫炸裂|brain fluid explosion girl
352,STD,ぴぴぱぷぅ！,STD,MASTER,12+,12.9,147,maimai+ (真),2013-05-09,否,ぴぴぱぷぅ！|比巴卜|噼噼啪噗|哔哔哔
348,STD,地上の戦士,STD,MASTER,12+,12.7,130,maimai+ (真),2013-04-23,否,地上の戦士|地上的战士|地上|樱花大战5|譜面-100号
345,DX/STD,39,DX,MASTER,12+,12.8,175,でらっくす (熊),2013-03-18,否,39|标39|初音未来|标准39|dx39|谢谢|三九|thank you|阿里嘎多
334,STD,Sky High [Reborn],STD,MASTER,12+,12.7,144,maimai+ (真),2013-02-20,否,sky high [reborn]|天高|天空高
331,STD,Natural Flow,STD,MASTER,12+,12.6,100,maimai+ (真),2013-01-17,否,natural flow|自然流
329,DX/STD,御旗のもとに,DX,MASTER,12+,12.9,147,BUDDiES+ (宴),2013-01-17,否,御旗のもとに|妹妹v50|御旗|dx御旗
329,DX/STD,御旗のもとに,STD,MASTER,12+,12.7,147,maimai+ (真),2013-01-17,否,御旗のもとに|妹妹v50|御旗|dx御旗
318,DX/STD,ゴーゴー幽霊船,STD,MASTER,12+,12.6,180,maimai+ (真),2012-12-13,否,ゴーゴー幽霊船|幽灵船|gogo幽灵船|憋憋憋
314,STD,ロミオとシンデレラ,STD,MASTER,12+,12.7,170,maimai+ (真),2012-12-13,否,ロミオとシンデレラ|罗密欧与辛德瑞拉|灰姑娘|罗密欧|罗密欧与仙度瑞拉|罗密欧与灰姑娘|口三才|罗密欧和辛德瑞拉|辛德瑞拉|罗密欧辛德瑞拉
312,STD,ダンシング☆サムライ,STD,MASTER,12+,12.7,142,maimai+ (真),2012-12-13,否,ダンシング☆サムライ|跳舞武士|茄子武士|茄子先生|茄子山|茄子哥|富士山茄子|dancing samurai|辣椒|🍆🗻|火山茄子|dancing☆samurai
310,STD,Catch The Future,STD,MASTER,12+,12.8,210,maimai (真),2012-11-07,否,catch the future|抓住未来|洋葱
306,STD,City Escape: Act1,STD,MASTER,12+,12.7,130,maimai (真),2012-11-07,否,city escape: act1|act1|索1|刺猬头跑酷
301,DX/STD,怪盗Rのテーマ,STD,MASTER,12+,12.7,147,maimai (真),2012-09-13,否,怪盗rのテーマ|节奏怪盗|怪盗|怪盗r的影之诗|怪盗r
285,STD,源平大戦絵巻テーマソング,STD,MASTER,12+,12.8,190,maimai (真),2012-07-11,否,源平大戦絵巻テーマソング|东雪莲大战罕见|源平大战绘卷|op大战东雪莲|叩大战东雪莲|源平1|op大战汉奸|原批大战罕见|源平大战|源平|op|淳平大战德川|原批大战东雪莲|op大战罕见|派蒙大战东雪莲
283,DX/STD,ハッピーシンセサイザ,DX,MASTER,12+,12.8,127,BUDDiES+ (宴),2012-07-11,否,ハッピーシンセサイザ|快乐合成器|断手器|dx快乐合成器|happy synthesizer|快乐断手器
278,STD,虹と太陽,STD,MASTER,12+,12.9,146,maimai (真),2012-07-11,否,虹と太陽|虹与太阳|彩虹太阳|金正恩|☀|\😭/|太阳|虹太阳
277,DX/STD,ネコ日和。,STD,MASTER,12+,12.6,171,maimai (真),2012-07-11,否,ネコ日和。|猫咪日和|大臣日和|猫日和|猫天气
259,DX,アマカミサマ,DX,MASTER,12+,12.7,174,FESTiVAL (祭),2022-11-04,否,アマカミサマ|天神|amakamisama|天神大人|美少女跳楼|阿妈卡密萨马
257,DX,アノーイング！さんさんウィーク！,DX,MASTER,12+,12.8,140,FESTiVAL (祭),2022-09-15,否,
256,DX,剣を抜け！GCCX MAX,DX,MASTER,12+,12.9,96,UNiVERSE+ (星),2022-06-10,否,
255,DX,オントロジー,DX,MASTER,12+,12.8,192,UNiVERSE+ (星),2022-06-10,否,
172,DX,アウトサイダー,DX,MASTER,12+,12.6,172,でらっくす (熊),2019-07-11,否,
167,DX,東奔西走行進曲,DX,MASTER,12+,12.6,165,でらっくす (熊),2019-12-20,否,
161,DX/STD,シュガーソングとビターステップ,STD,MASTER,12+,12.6,132,PiNK+ (櫻),2016-06-30,否,
146,STD,Arrival of Tears,STD,MASTER,12+,12.6,200,MiLK+ (雪),2018-09-04,否,
144,DX/STD,POP TEAM EPIC,DX,MASTER,12+,12.6,142,MiLK+ (雪),2018-06-21,否,
139,STD,Signs Of Love (“Never More” ver.),STD,MASTER,12+,12.6,109,ORANGE+ (暁),2015-08-13,否,
51,DX,愛のシュプリーム！,DX,MASTER,12+,12.6,135,UNiVERSE+ (星),2022-03-24,否,
49,DX,さんさーら！,DX,MASTER,12+,12.6,140,UNiVERSE (宙),2021-09-22,否,
48,DX,veil,DX,MASTER,12+,12.7,150,UNiVERSE (宙),2021-11-26,否,
39,DX,ビックカメラのテーマソング,DX,MASTER,12+,12.7,160,Splash+ (煌),2021-07-09,否,
33,DX,Pretender,DX,MASTER,12+,12.6,92,Splash (爽),2020-09-17,否,
25,DX,いつかいい感じにアレしよう,DX,MASTER,12+,12.9,144,でらっくす+ (華),2020-07-17,否,
17,STD,SHINY DAYS,STD,MASTER,12+,12.6,110,FiNALE (輝),2018-12-13,否,
15,STD,ガヴリールドロップキック,STD,MASTER,12+,12.7,168,MiLK (白),2018-04-17,否,
12,STD,あ・え・い・う・え・お・あお!!,STD,MASTER,12+,12.9,145,MiLK (白),2017-12-14,否,
10,DX/STD,Paradisus-Paradoxum,DX,MASTER,12+,12.8,201,でらっくす+ (華),2017-06-22,否,
1689,DX,テトリス,DX,MASTER,12,12,170,CiRCLE (丸),2025-09-18,否,
1681,DX,Unwelcome School,DX,MASTER,12,12.2,180,CiRCLE (丸),2025-09-18,否,
1621,DX,好きな惣菜発表ドラゴン,DX,MASTER,12,12.5,160,PRiSM+ (彩),2025-05-09,否,
1541,DX,演劇,DX,MASTER,12,12.5,176,PRiSM (鏡),2024-11-08,否,演劇|演剧
1539,DX,シリウスの輝きのように,DX,MASTER,12,12,158,PRiSM (鏡),2024-11-08,否,シリウスの輝きのように|天狼星
1380,DX,story,DX,MASTER,12,12.2,220,BUDDiES (双),2023-11-24,否,
1346,DX,熱異常,DX,MASTER,12,12.1,183,BUDDiES (双),2023-09-14,否,熱異常|热异常|冷正常|足立零
1334,DX,STARRED HEART,DX,MASTER,12,12.5,140,FESTiVAL+ (祝),2023-09-01,否,starred heart|星心
1309,DX,つるぺったん,DX,MASTER,12,12.5,180,FESTiVAL+ (祝),2023-06-08,否,つるぺったん|醋溜便当2|醋溜便当|伊吹萃香|萃香|西瓜|平胸之歌
1307,DX,花となれ,DX,MASTER,12,12.2,130,FESTiVAL+ (祝),2023-05-26,否,花となれ|幻化成花|像花一样呐|成为一朵花|变成一朵花|可不呲牙|化成花|变成花|成为花朵|可不花
1259,DX,回る空うさぎ,DX,MASTER,12,12,120,FESTiVAL (祭),2023-02-17,否,回る空うさぎ|月兔|月兔回旋于空中|回空|月下钢琴师
1218,DX,群青讃歌,DX,MASTER,12,12.4,168,FESTiVAL (祭),2022-10-07,否,群青讃歌|群青赞歌
1179,DX,紅に染まる恋の花,DX,MASTER,12,12.5,140,UNiVERSE+ (星),2022-07-01,否,紅に染まる恋の花|染红的恋之花|红染|红染恋花|我把树叶都染红|秋姐妹|烤红薯
1120,DX,なだめスかし Negotiation（TVsize）,DX,MASTER,12,12.5,150,UNiVERSE (宙),2022-01-28,否,
1104,DX,どぅーまいべすと！,DX,MASTER,12,12.4,128,UNiVERSE (宙),2021-11-26,否,どぅーまいべすと！|独立宣言|音街宣言|do mai best|do my best
1094,DX,アイドル新鋭隊,DX,MASTER,12,12.1,176,UNiVERSE (宙),2021-10-15,否,アイドル新鋭隊|偶像新锐队
1092,DX,ドラゴンエネルギー,DX,MASTER,12,12.5,148,UNiVERSE (宙),2021-10-15,否,ドラゴンエネルギー|hero|披萨歌|龙能量|dragon energy|薛之谦|冰火人2
1067,DX,約束,DX,MASTER,12,12,136,Splash+ (煌),2021-08-20,否,約束|约束|压库锁库|约定|码头
1066,DX,再会,DX,MASTER,12,12.2,137,Splash+ (煌),2021-08-20,否,再会|see you again|码头
1056,DX,電話革命ナイセン,DX,MASTER,12,12.5,145,Splash+ (煌),2021-07-09,否,
1049,DX,Melody！,DX,MASTER,12,12.2,175,Splash+ (煌),2021-06-11,否,melody！|旋律|melody|美乐蒂|东方绚彩歌|马老弟
1037,DX,幽霊東京,DX,MASTER,12,12.5,124,Splash+ (煌),2021-04-28,否,幽霊東京|幽灵东京|诱0东京|杨陵东京|幽灵京东|幽灵线东京|汐子|东京|黑子|幽灵北京
1022,DX,今、誰が為のかがり火へ,DX,MASTER,12,12.4,156,Splash+ (煌),2021-03-18,否,今、誰が為のかがり火へ|现在，为了谁的篝火|今谁为|今|今谁|今谁为火
1018,DX,雨とペトラ,DX,MASTER,12,12.4,195,Splash+ (煌),2021-03-18,否,雨とペトラ|雨伞|☂|雨|雨与佩特拉|雨和佩特拉|伞|佩特拉
1003,DX,Prismatic,DX,MASTER,12,12.2,180,Splash (爽),2021-02-05,否,prismatic|棱镜|🤗
991,DX,Virtual to LIVE,DX,MASTER,12,12.2,156,Splash (爽),2020-12-25,否,virtual to live|彩虹社|管人歌|彩虹社歌|管人痴|雨刷器|vtl|虚拟生活|雨刮器|上下反怒锤|虚拟到活|节拍器
969,DX,明星ギャラクティカ,DX,MASTER,12,12.4,154,Splash (爽),2020-10-01,否,明星ギャラクティカ|丢人银河号|明星卡拉狄加|超级方向盘|方向盘|银河号|明星|明星银河号
960,DX,乙女解剖,DX,MASTER,12,12.5,134,Splash (爽),2020-09-17,否,乙女解剖|解剖|乙女|紫璃|乙女姐婆
951,DX,ウマイネームイズうまみちゃん,DX,MASTER,12,12,184,でらっくす+ (華),2020-09-04,否,
944,DX,Oath Act,DX,MASTER,12,12.5,172,でらっくす+ (華),2020-08-21,否,oath act|涩涩青蛙子|宣誓行为|诹访子|ocean cat
931,DX,Catch the Wave,DX,MASTER,12,12.4,153,でらっくす+ (華),2020-06-26,否,catch the wave|10|抓波浪|歌姬计划|抓浪|ctw|👆🏻👌🏻|抓波
907,DX,スロウダウナー,DX,MASTER,12,12.5,194,でらっくす+ (華),2020-01-23,否,スロウダウナー|slow downer|up down|上下|↑↓|慢下来|slowdowner
902,DX,ハム太郎とっとこうた,DX,MASTER,12,12,140,でらっくす+ (華),2020-01-23,否,ハム太郎とっとこうた|哈姆|老鼠|鸭脖|鼠|哈姆太郎|鼠抓板|鸭脖太郎|仓鼠|鼠爹|鼠鼠|🐹|墨鼠|小耗子
891,DX,サヨナラチェーンソー,DX,MASTER,12,12.5,154,でらっくす (熊),2019-12-20,否,サヨナラチェーンソー|再见电锯|电锯缘兔|电锯人|电锯
888,DX,quiet room,DX,MASTER,12,12.5,93,でらっくす (熊),2019-11-29,否,quiet room|男同2|静屋|silentroom|qr
887,DX,だからパンを焼いたんだ,DX,MASTER,12,12,170,でらっくす (熊),2019-11-29,否,だからパンを焼いたんだ|烤面包|🍞|初音烤面包|烧面包|面包|铜锣烧|白葱烤面包|烧
886,DX,太陽系デスコ,DX,MASTER,12,12,150,でらっくす (熊),2019-11-29,否,太陽系デスコ|太阳系disco|👇🏻😐👆🏻👇🏻😐👆🏻|太阳系|太田顺也
883,DX,Agitation！,DX,MASTER,12,12,163,でらっくす (熊),2019-11-15,否,agitation！|agi|gbc|吉他姐2
864,DX,METEOR,DX,MASTER,12,12.4,170,でらっくす (熊),2019-08-22,否,meteor|流星|陨石
859,DX,Jump!! Jump!! Jump!!,DX,MASTER,12,12,183,でらっくす (熊),2019-07-26,否,jump!! jump!! jump!!|跳跳跳|jump|芳文跳|跳三下|元气少女蹦蹦蹦|三蹦子
853,DX,アディショナルメモリー,DX,MASTER,12,12.5,200,でらっくす (熊),2019-07-11,否,アディショナルメモリー|回忆追加|额外记忆
850,DX,HOT LIMIT,DX,MASTER,12,12,138,でらっくす (熊),2019-07-11,否,hot limit|太烧辣|热限|裸足|🥵|光吉熊|热限制|红熊|阳性|捆绑滴蜡熊|火辣限制|热极限
849,DX,STEREOSCAPE,DX,MASTER,12,12.4,164,でらっくす (熊),2019-07-11,否,stereoscape|玩手机|天体观测|立体镜
841,DX,BLACK ROSE,DX,MASTER,12,12.2,145,でらっくす (熊),2019-07-11,否,black rose|黑玫瑰|迪卢克|黑肉丝
831,STD,WORLD'S END UMBRELLA,STD,MASTER,12,12.5,180,FiNALE (輝),2019-06-07,否,world's end umbrella|世终伞|世末雨伞|世界终末雨伞|世末伞|世终雨伞|世界结束雨伞|☔|世终
827,STD,最終鬼畜妹フランドール・S,STD,MASTER,12,12.1,200,FiNALE (輝),2019-05-24,否,最終鬼畜妹フランドール・s|二小姐|蓝蓝路|最终鬼畜妹|鬼畜妹|二妹|最终鬼畜妹s|最终鬼畜妹芙兰朵露
823,STD,立ち入り禁止,STD,MASTER,12,12.1,160,FiNALE (輝),2019-04-26,否,立ち入り禁止|🚫|禁止进入|立入禁止|禁止寸止|后入群主|后入禁止
819,STD,true my heart -Lovable mix-,STD,MASTER,12,12.5,135,FiNALE (輝),2019-03-22,否,true my heart -lovable mix-|真我心|打电话
812,STD,隠然,STD,MASTER,12,12.5,210,FiNALE (輝),2019-02-22,否,隠然|隐然|引燃
803,STD,サウンド,STD,MASTER,12,12.5,160,FiNALE (輝),2019-01-25,否,
802,STD,結ンデ開イテ羅刹ト骸,STD,MASTER,12,12,169,FiNALE (輝),2019-01-25,否,結ンデ開イテ羅刹ト骸|罗刹骨骸|连起来又分开，罗刹与骨骸|八爷|结骸|分分合合的罗刹与骨骸|罗刹|罗刹与骨骸
788,STD,ヒバナ,STD,MASTER,12,12,200,FiNALE (輝),2018-12-13,否,ヒバナ|匕八十|大狙架miku|狙击初音未来|狙击初音|匕八卜|七八十|fufu遇刺|火花|hibana|k杀|爆头初音|初音未来被爆头|初音爆头|tsubaki|大狙架初音|7810|狙击fufu|大狙怼脸|狙初音|狙击小日本|狙击miku|大狙架fufu
767,STD,みんなの,STD,MASTER,12,12.5,190,MiLK+ (雪),2018-10-02,否,みんなの|兽道|獸道|大家的
766,STD,サドマミホリック,STD,MASTER,12,12.5,200,MiLK+ (雪),2018-10-02,否,サドマミホリック|灵梦撒钱|灵梦撒币|撒币|撒币的灵梦
761,STD,CYBER Sparks,STD,MASTER,12,12.5,192,MiLK+ (雪),2018-09-04,否,cyber sparks|黄色嘉然|魔理沙爆炸|魔光炮|🧹|endtime青春版|赛博火花|cs|小endtime|赛博斯派克|赛博炮|反恐精英|魔理沙
756,STD,彗星ハネムーン,STD,MASTER,12,12.5,145,MiLK+ (雪),2018-08-07,否,彗星ハネムーン|彗星|彗星蜜月
755,STD,インビジブル,STD,MASTER,12,12.3,192,MiLK+ (雪),2018-08-07,否,インビジブル|透明人|invisible|透明人间|建筑工地
729,STD,永遠のメロディ,STD,MASTER,12,12.5,155,MiLK (白),2018-05-08,否,永遠のメロディ|永远的旋律|永远的melody|永远的节奏|东方蓬千歌|永远
726,STD,fantastic dreamer,STD,MASTER,12,12.5,185,MiLK (白),2018-04-17,否,
703,STD,好き！雪！本気マジック,STD,MASTER,12,12.5,167,MiLK (白),2018-01-09,否,
700,STD,Tic Tac DREAMIN’,STD,MASTER,12,12.1,125,MiLK (白),2017-12-26,否,tic tac dreamin’|粉毛睡衣|⏰|emu|千早爱音|睡衣
691,DX/STD,ようこそジャパリパークへ,STD,MASTER,12,12.5,170,MiLK (白),2017-12-14,否,
690,STD,泡沫、哀のまほろば,STD,MASTER,12,12.5,155,MiLK (白),2017-12-14,否,泡沫、哀のまほろば|泡沫哀|妹红泡水|泡沫|藤原妹红
676,STD,Starlight Dance Floor,STD,MASTER,12,12.5,128,MURASAKi+ (菫),2017-10-17,否,starlight dance floor|大姐姐魔理沙|sdf|星光舞厅|星光大道|夜店魔理沙|星光舞池
672,STD,GET!! 夢&DREAM,STD,MASTER,12,12.4,150,MURASAKi+ (菫),2017-09-19,否,get!! 夢&dream|梦|火鸡帅哥2|学园handsome|get梦|下巴戳死人学园|getdream|取得梦和梦|获得梦和梦
632,STD,ココロ,STD,MASTER,12,12.5,140,MURASAKi (紫),2017-04-18,否,
631,STD,だんだん早くなる,STD,MASTER,12,12,160,MURASAKi (紫),2017-04-18,否,だんだん早くなる|渐渐加速|末白|蛋蛋变快|蛋蛋|跑男|蛋蛋加速|越战越勇|专注轻机枪|渐变快|渐渐加快|闲鱼客服|越来越快|秃老头|逐渐加速|当当哈呀库那路|蛋蛋歌|渐渐变急|渐渐变快|哈压库|动力小子|走路歌|逐渐变快|慢慢变快|别急8|走路人|逐渐加快|早|一笔画|越走越快|当当哈压库
626,STD,ポップミュージックは僕のもの,STD,MASTER,12,12.5,135,MURASAKi (紫),2017-03-09,否,ポップミュージックは僕のもの|星星蛋白|超市里莎莎|南通|男同歌|我徒弟呢|男同|男童歌|照镜子|流行音乐是我的东西|镜子
614,STD,踊れオーケストラ,STD,MASTER,12,12,180,MURASAKi (紫),2017-01-24,否,踊れオーケストラ|踊|随管弦乐起舞
608,DX/STD,色は匂へど散りぬるを,STD,MASTER,12,12.5,138,MURASAKi (紫),2016-12-15,否,色は匂へど散りぬるを|老年人活动中心|花开艳丽终散落|花艳终散|花朵艳丽终会散落|伊洛瓦|色散|dx色散|花朵艳丽
605,DX/STD,回レ！雪月花,DX,MASTER,12,12.5,160,でらっくす (熊),2016-12-15,否,
578,STD,洗脳,STD,MASTER,12,12.4,125,PiNK+ (櫻),2016-07-28,否,洗脳|洗脑
552,STD,ラブリー☆えんじぇる!!,STD,MASTER,12,12.5,173,PiNK (桃),2016-03-03,否,ラブリー☆えんじぇる!!|女同14|可爱天使
548,STD,願いを呼ぶ季節,STD,MASTER,12,12.5,170,PiNK (桃),2016-02-04,否,願いを呼ぶ季節|呼唤愿望的季节|季节|梦想夏乡|梦想夏乡主题曲|红蓝|愿呼季节
532,STD,Counselor,STD,MASTER,12,12.4,135,PiNK (桃),2015-12-09,否,counselor|小护士|律师
509,STD,妄想税,STD,MASTER,12,12,134,ORANGE+ (暁),2015-05-14,否,
502,STD,ってゐ！ ～えいえんてゐVer～,STD,MASTER,12,12.5,156,ORANGE+ (暁),2015-03-19,否,ってゐ！ ～えいえんてゐver～|永远亭|因幡帝|翘屁股|屁股|翘臀|帝帝|粉裙子
498,DX/STD,ナミダと流星,STD,MASTER,12,12.5,190,ORANGE+ (暁),2015-03-19,否,ナミダと流星|晓代主题曲|眼泪流星|标准流星|泪与流星|流星|眼泪与流星|dx流星|泪水和流星
492,STD,Heart Beats,STD,MASTER,12,12.4,128,ORANGE (橙),2015-02-05,否,heart beats|喝茶|心跳|铅笔画|幸福的兔子
481,STD,shake it!,STD,MASTER,12,12.5,130,ORANGE (橙),2014-11-13,否,shake it!|摇它|骑自行车的男人|shake it|骑车|自行车
475,STD,Link,STD,MASTER,12,12.5,198,ORANGE (橙),2014-09-18,否,link|cof|链接|朋友圈|林克
470,STD,明星ロケット,STD,MASTER,12,12.5,163,ORANGE (橙),2014-09-18,否,明星ロケット|幻想事变|明星火箭|明星|明星rocket
466,STD,ハロ／ハワユ,STD,MASTER,12,12,95,GreeN+ (檄),2014-09-04,否,ハロ／ハワユ|八口|hello/HowDearYou|ハロ|hello，how are you|hello how are you|hello/howareyou|你好/你咋了|你好|hello
465,STD,むかしむかしのきょうのぼく,STD,MASTER,12,12.5,130,GreeN+ (檄),2014-09-04,否,
458,STD,バラライカ,STD,MASTER,12,12,140,GreeN+ (檄),2014-07-17,否,バラライカ|空手|空手道|亚拉那一卡
439,STD,電車で電車でGO!GO!GO!GC! -GMT remix-,STD,MASTER,12,12.5,134,GreeN+ (檄),2014-04-17,否,電車で電車でgo!go!go!gc! -gmt remix-|电车|电车go|电车难题
431,STD,かせげ！ジャリンコヒーロー,STD,MASTER,12,12.5,186,GreeN+ (檄),2014-04-07,否,かせげ！ジャリンコヒーロー|¥|哈姆|哈姆？|英雄银行
424,STD,アゲアゲアゲイン,STD,MASTER,12,12.5,175,GreeN+ (檄),2014-02-26,否,
420,STD,林檎華憐歌,STD,MASTER,12,12.5,144,GreeN+ (檄),2014-02-26,否,林檎華憐歌|大妈唱歌|马妈歌|苹果歌|拜拜拜拜|林檎|小苹果|拜拜|林檎华怜歌
390,STD,"Help me, ERINNNNNN!!（Band ver.）",STD,MASTER,12,12.5,183,GreeN (超),2013-09-05,否,永琳
380,DX/STD,いーあるふぁんくらぶ,STD,MASTER,12,12.2,145,GreeN (超),2013-07-11,否,いーあるふぁんくらぶ|12|中日友好歌|12fan|fanclub|一二俱乐部|熊猫头|12fanclub|烟雾列车|dx王力宏|王力宏|周杰伦|一二粉丝俱乐部|1 2 fan club
374,STD,Cosmic Train,STD,MASTER,12,12.5,140,GreeN (超),2013-07-11,否,cosmic train|星穹列车|green主题曲|小星穹铁道|地铁|星穹铁道|星空列车|ct|超代主题曲|宇宙列车
364,STD,Her Dream Is To Be A Fantastic Sorceress,STD,MASTER,12,12,170,GreeN (超),2013-07-11,否,her dream is to be a fantastic sorceress|她的梦想是成为一名出色的女巫
360,STD,Bad Apple!! feat.nomico,STD,MASTER,12,12.5,138,GreeN (超),2013-07-11,否,坏苹果|好华为|烂苹果|吃一堑吃一堑|吃一堑吃一堑吃一堑|年年考年年错
340,STD,Link,STD,MASTER,12,12.5,132,maimai+ (真),2013-03-14,否,link|cof|链接|朋友圈|林克
338,STD,Tell Your World,STD,MASTER,12,12.4,150,maimai+ (真),2013-03-07,否,tell your world|告诉你的世界|tyw
332,STD,maimaiちゃんのテーマ,STD,MASTER,12,12.4,136,maimai+ (真),2013-01-17,否,maimaiちゃんのテーマ|maimai酱|真代主题曲|舞萌酱|maimai酱的主题
327,STD,犬日和。,STD,MASTER,12,12.4,138,maimai+ (真),2013-01-17,否,犬日和。|犬日和|狗日和|狗天气|狗日的|哈皮|日和|狗日子
326,DX/STD,Starlight Disco,STD,MASTER,12,12.4,128,maimai+ (真),2012-12-13,否,starlight disco|标星光|星光|星光迪斯科|绿色圆圈|starlightdisco|dx星光
319,DX/STD,千本桜,DX,MASTER,12,12.5,154,でらっくす (熊),2012-12-13,否,
317,STD,スイートマジック,STD,MASTER,12,12.4,123,maimai+ (真),2012-12-13,否,スイートマジック|甜甜魔法|sm|羽泽鸫|sweet magic|sweetmagic|swmg|甜蜜魔法
315,STD,Sweetiex2,STD,MASTER,12,12.4,125,maimai+ (真),2012-12-13,否,sweetiex2|教室
307,STD,Rooftop Run: Act1,STD,MASTER,12,12.4,152,maimai (真),2012-11-07,否,rooftop run: act1|rooftop run|屋顶跑|索2|屋顶跑步|屋顶跑路：动作1|索尼克2|逃离屋顶
303,STD,SHOW TIME,STD,MASTER,12,12.5,120,maimai (真),2012-09-13,否,show time|怪盗基德|马可波罗|修胎么
300,STD,きみのためなら死ねる,STD,MASTER,12,12.5,147,maimai (真),2012-09-13,否,きみのためなら死ねる|死|为了你而死|为你而死|失败的man|女人抓头
296,STD,BaBan!! －甘い罠－,STD,MASTER,12,12.5,161,maimai (真),2012-07-11,否,baban!! －甘い罠－|甘民|baban|八班|甜蜜陷阱
295,STD,オレンジの夏,STD,MASTER,12,12.4,132,maimai (真),2012-07-11,否,オレンジの夏|砂狼白子|菊次郎的夏天|夏|橙色夏天|橙之夏|女人骑自行车|橘之夏|🎞️|橙色的夏天|自行车|洋车的
294,STD,パンダヒーロー,STD,MASTER,12,12.4,190,maimai (真),2012-07-11,否,パンダヒーロー|熊猫英雄|会员制餐厅|panda hero
291,STD,教えて!! 魔法のLyric,STD,MASTER,12,12.4,180,maimai (真),2012-07-11,否,教えて!! 魔法のlyric|教教|教魔法|教我魔法|教|教我魔法歌词
288,STD,Beat Of Mind,STD,MASTER,12,12.5,140,maimai (真),2012-07-11,否,beat of mind|打脑阔|买了麦乐鸡|心跳|bom|彩虹糖|红鼻子男|阳超市|nmb的mai
283,DX/STD,ハッピーシンセサイザ,STD,MASTER,12,12.5,127,maimai (真),2012-07-11,否,ハッピーシンセサイザ|快乐合成器|断手器|dx快乐合成器|happy synthesizer|快乐断手器
282,STD,jelly,STD,MASTER,12,12.4,128,maimai (真),2012-07-11,否,jelly|果冻
281,STD,come again,STD,MASTER,12,12.4,130,maimai (真),2012-07-11,否,come again|cum again|舞立方踩在脚下|再冲一次|再来|再来一遍|再来一次
272,STD,In Chaos,STD,MASTER,12,12.5,140,maimai (真),2012-07-11,否,in chaos|阴超市|🐴|🐴！|inchaos|有害的音乐|音超市|马叫|因超市|混乱|在混乱中|驴叫|陷入混乱|发出马叫|在超市里|有益的音乐
269,STD,Color My World,STD,MASTER,12,12.4,94,maimai (真),2012-07-11,否,color my world|cmw|悲怆|颜色我世界|302|颜色我的世界
268,STD,True Love Song,STD,MASTER,12,12.4,150,maimai (真),2012-07-11,否,true love song|会员制餐厅|真的爱情歌|糖糖|小管弦乐|真爱歌|真爱|真情歌
254,STD,全世界共通リズム感テスト,STD,MASTER,12,12,120,ORANGE+ (暁),2015-04-01,否,
176,DX,ジャガーノート,DX,MASTER,12,12,190,でらっくす (熊),2019-07-11,否,
173,STD,絵の上手かった友達,STD,MASTER,12,12,128,PiNK (桃),2016-04-07,否,
171,DX,POPPY PAPPY DAY,DX,MASTER,12,12,157,でらっくす (熊),2019-09-06,否,
169,DX,乗ってけ！ジャパリビート,DX,MASTER,12,12,134,でらっくす (熊),2019-07-11,否,
165,DX,Clattanoia,DX,MASTER,12,12,190,でらっくす (熊),2019-09-06,否,
163,DX/STD,コネクト,STD,MASTER,12,12,175,maimai (真),2012-07-11,否,
162,DX/STD,Daydream café,STD,MASTER,12,12,150,PiNK+ (櫻),2016-06-30,否,
152,STD,Deep in Abyss,STD,MASTER,12,12,135,FiNALE (輝),2019-03-22,否,
151,DX/STD,かくしん的☆めたまるふぉ～ぜっ！,DX,MASTER,12,12,139,PiNK (桃),2015-12-09,否,
109,STD,Falling Roses,STD,MASTER,12,12,200,PiNK (桃),2016-03-03,否,
96,STD,みかんのうた,STD,MASTER,12,12,288,ORANGE (橙),2014-09-18,否,
57,DX,吾輩よ猫であれ,DX,MASTER,12,12.2,136,UNiVERSE+ (星),2022-04-15,否,
55,DX,YONA YONA DANCE,DX,MASTER,12,12.5,145,UNiVERSE+ (星),2022-03-24,否,
44,DX,MOON NIGHTのせいにして,DX,MASTER,12,12,141,UNiVERSE (宙),2021-09-16,否,
43,DX,Shooting Stars,DX,MASTER,12,12.5,150,UNiVERSE (宙),2021-09-16,否,
40,DX,Shiny Smily Story,DX,MASTER,12,12.5,168,Splash+ (煌),2021-08-05,否,
38,DX,乙女のルートはひとつじゃない！,DX,MASTER,12,12,192,Splash+ (煌),2021-07-09,否,
32,DX,MIRACLE RUSH,DX,MASTER,12,12,168,Splash (爽),2020-10-30,否,
29,DX,ノーポイッ!,DX,MASTER,12,12,158,Splash (爽),2020-09-17,否,
28,DX,馬と鹿,DX,MASTER,12,12,91,でらっくす+ (華),2020-01-23,否,
27,DX,六厘歌,DX,MASTER,12,12,140,でらっくす+ (華),2020-06-19,否,
24,DX,異世界かるてっと,DX,MASTER,12,12,148,でらっくす+ (華),2020-01-23,否,
22,DX,青空のラプソディ,DX,MASTER,12,12.5,135,でらっくす+ (華),2020-01-23,否,
20,DX,徒花ネクロマンシー,DX,MASTER,12,12,172,でらっくす (熊),2019-10-04,否,
14,STD,Los! Los! Los!,STD,MASTER,12,12.6,240,MiLK (白),2018-01-23,否,
11,STD,名探偵連続殺人事件,STD,MASTER,12,12,140,MURASAKi+ (菫),2017-11-21,否,
8,STD,ブリキノダンス,STD,MASTER,12,12.5,172,MiLK+ (雪),2018-08-07,否,
5,STD,おじゃま虫,STD,MASTER,12,12,143,ORANGE+ (暁),2015-09-17,否,
3,STD,1/3の純情な感情,STD,MASTER,12,12,152,ORANGE+ (暁),2015-07-16,否,
2,STD,Our Fighting,STD,MASTER,12,12.5,165,ORANGE+ (暁),2015-06-05,否,
1,DX/STD,君の知らない物語,DX,MASTER,12,12,181,でらっくす+ (華),2013-07-11,否,
1809,DX,LEMON MELON COOKIE,DX,MASTER,11+,11.7,180,CiRCLE+,2026-05-29,否,
1773,DX,ダイダイダイダイダイキライ,DX,MASTER,11+,11.8,130,CiRCLE+,2026-03-19,否,
1767,DX,BOW AND ARROW （アニメ・オープニングver.）,DX,MASTER,11+,11.8,180,CiRCLE+,2026-03-19,否,
1688,DX,モニタリング,DX,MASTER,11+,11.8,132,CiRCLE (丸),,否,
1596,DX,メズマライザー,DX,MASTER,11+,11.9,185,PRiSM+ (彩),2025-03-13,否,メズマライザー|催眠术
1594,DX,ビビデバ,DX,MASTER,11+,11.8,120,PRiSM+ (彩),2025-03-13,否,ビビデバ|bibbideba
1593,DX,はいよろこんで,DX,MASTER,11+,11.6,147,PRiSM+ (彩),2025-03-13,否,はいよろこんで|乐意效劳
1540,DX,プラネタリウム・レヴュー,DX,MASTER,11+,11.8,170,PRiSM (鏡),2024-11-08,否,プラネタリウム・レヴュー|银河座
1514,DX,唱,DX,MASTER,11+,11.8,132,PRiSM (鏡),2024-09-12,否,唱
1513,DX,ダーリンダンス,DX,MASTER,11+,11.8,153,PRiSM (鏡),2024-09-12,否,ダーリンダンス|darling dance|达令跳舞
1511,DX,勇者,DX,MASTER,11+,11.7,104,PRiSM (鏡),2024-09-12,否,勇者
1438,DX,酔いどれ知らず,DX,MASTER,11+,11.6,115,BUDDiES+ (宴),2024-03-21,否,酔いどれ知らず|不知醉
1437,DX,ラビットホール,DX,MASTER,11+,11.8,173,BUDDiES+ (宴),2024-03-21,否,ラビットホール|兔子洞|rabbithole|初音未来下海|rabbit hole
1432,DX,INTERNET YAMERO,DX,MASTER,11+,11.9,185,BUDDiES+ (宴),2024-03-21,否,internet yamero|地雷女2|超天酱2|快远离互联网|卷纸maimai|互联网太棒了|躁郁症|†升天†|马赛克2|200个绝赞|朝天椒2|地雷女不要啊|互联网毁了我|yamero
1353,DX,バグ,DX,MASTER,11+,11.8,186,BUDDiES (双),2023-09-14,否,バグ|八夕|mfy3|紫皮糖|故障|bug|月狼鸟了没分|八股|咕噜咕噜|爸爸的雷达
1351,DX,青春コンプレックス,DX,MASTER,11+,11.8,190,BUDDiES (双),2023-09-14,否,
1278,DX,神っぽいな,DX,MASTER,11+,11.7,142,FESTiVAL+ (祝),2023-03-23,否,神っぽいな|像神一样呐|像神一样|神|像神一样啊|神呐|黑化初音|风拂过之处|像神
1211,DX,ヴィラン,DX,MASTER,11+,11.8,102,FESTiVAL (祭),2022-09-15,否,ヴィラン|碧浪|恶者|反派|villan|反派角色|villain|糜烂
1144,DX,ヴァンパイア,DX,MASTER,11+,11.7,164,UNiVERSE+ (星),2022-03-24,否,ヴァンパイア|做核酸|玩牌儿|袁绍|玩牌呀|nichan|miku口罩|vampire|吸血鬼|口罩妹|棒棒鸭|核酸检测
1087,DX,廻廻奇譚,DX,MASTER,11+,11.6,185,UNiVERSE (宙),2021-09-16,否,廻廻奇譚|灰灰鸡蛋|廻廻奇谭|奇谭|回回奇谈|保龄球|🤞|咒术回战|🎳|咒术回战主题曲|轮回奇谭|回回奇谭
1080,DX,テレキャスタービーボーイ,DX,MASTER,11+,11.6,182,UNiVERSE (宙),2021-09-16,否,テレキャスタービーボーイ|电吉他说唱男孩|telecaster b-boy|♡|电吉他b男|比心|我爱你|tbb|电视广播员蜜蜂男孩|合体|bboy|telecaster b boy|pop子
968,DX,とりあえずアナタがいなくなるまえに,DX,MASTER,11+,11.6,140,Splash (爽),2020-10-01,否,とりあえずアナタがいなくなるまえに|电视机|电视|电视头|📺|小电视|总之在你消逝之前
872,DX,アマツキツネ,DX,MASTER,11+,11.6,190,でらっくす (熊),2019-09-20,否,アマツキツネ|天狗|兰立忠|👍😁👍|刻俄柏|天狐
867,DX,39みゅーじっく！,DX,MASTER,11+,11.6,130,でらっくす (熊),2019-08-22,否,39みゅーじっく！|39music|39歌|39|三玖|39音乐
866,DX,だれかの心臓になれたなら,DX,MASTER,11+,11.6,145,でらっくす (熊),2019-08-22,否,だれかの心臓になれたなら|如果能成为谁的心脏的话|如果能成为谁的心脏|心脏
857,DX,STARTLINER,DX,MASTER,11+,11.6,135,でらっくす (熊),2019-07-26,否,startliner|音击|キミト|内鬼|きみと|君と|wifi满格
852,DX,メルティランドナイトメア,DX,MASTER,11+,11.6,140,でらっくす (熊),2019-07-11,否,メルティランドナイトメア|春卷饭|可爱歌|melty|meltyland|梦魇|小粉|melty land nightmare|原子能酸菜
851,DX,メルト,DX,MASTER,11+,11.6,170,でらっくす (熊),2019-07-11,否,メルト|简笔画|melt|融化|熔化|x儿卜|叉儿卜
810,STD,クレイジークレイジーダンサーズ,STD,MASTER,11+,11.6,172,FiNALE (輝),2019-02-22,否,クレイジークレイジーダンサーズ|女同6|185|二人危险炸弹|尬舞姐妹2|crazy crazy dancers|crazycrazydancers|疯狂疯狂跳舞|魔理沙帕秋莉贴贴|疯狂舞者|ccd|小kib
800,STD,ナイトメア☆パーティーナイト,STD,MASTER,11+,11.6,175,FiNALE (輝),2019-01-11,否,ナイトメア☆パーティーナイト|月下初音|nightmarepartynight|nightmare party night|噩梦派对之夜|華月|华|噩梦派对夜|小丑初音|月初音|初音小摩尔|初音月下舞|华月|月球miku|恶魔派对夜
789,STD,ロキ,STD,MASTER,11+,11.6,150,FiNALE (輝),2018-12-13,否,ロキ|roki|洛基|嘴巴吃烤串|口干|ruaki|㕩|口≠|口丰|信者|口不等号|口半
780,STD,はやくそれになりたい！,STD,MASTER,11+,11.6,185,MiLK+ (雪),2018-11-20,否,はやくそれになりたい！|音街鳗|音街|😫|想快点成为那个样子|i wanna be it|蓝瓶尖叫|想快点变成那个样子
759,STD,えれくとりっく・えんじぇぅ,STD,MASTER,11+,11.6,150,MiLK+ (雪),2018-08-21,否,
733,DX/STD,WARNING×WARNING×WARNING,DX,MASTER,11+,11.6,172,でらっくす (熊),2018-05-08,否,warning×warning×warning|www|warning|条纹过膝袜|注意注意注意|小丑|星条旗|警告警告警告|克劳恩皮丝|万宁星星
691,DX/STD,ようこそジャパリパークへ,DX,MASTER,11+,11.6,170,でらっくす (熊),2017-12-14,否,
658,STD,東京レトロ,STD,MASTER,11+,11.6,126,MURASAKi+ (菫),2017-07-25,否,
656,STD,ラブチーノ,STD,MASTER,11+,11.6,126,MURASAKi+ (菫),2017-07-11,否,ラブチーノ|lovecino|love|love cino
569,STD,恋愛裁判,STD,MASTER,11+,11.6,134,PiNK+ (櫻),2016-06-30,否,恋愛裁判|恋爱裁判|情人节|逆转裁判|18z|有罪|恋爱审判
499,STD,みくみくにしてあげる♪【してやんよ】,STD,MASTER,11+,11.6,160,ORANGE+ (暁),2015-03-19,否,みくみくにしてあげる♪【してやんよ】|📉|狗·眼·①·瞎|飞龙|把你mikumiku掉|mikumiku
477,STD,The Great Journey,STD,MASTER,11+,11.6,135,ORANGE (橙),2014-10-09,否,the great journey|黄金矿工|好旅行|大冒险
447,STD,エピクロスの虹はもう見えない,STD,MASTER,11+,11.6,155,GreeN+ (檄),2014-05-15,否,エピクロスの虹はもう見えない|圣母|虹见|上海红茶馆|再见不到伊壁鸠鲁的彩虹|伊壁鸠鲁
421,STD,YATTA!,STD,MASTER,11+,11.6,133,GreeN+ (檄),2014-02-26,否,yatta!|yatta|胡萝卜|🥕|好耶！|好耶|做到了！|日本露两点低俗曲
387,STD,Living Universe,STD,MASTER,11+,11.6,155,GreeN (超),2013-08-07,否,living universe|活在宇宙|psp2
302,STD,マリアをはげませ,STD,MASTER,11+,11.6,131,maimai (真),2012-09-13,否,マリアをはげませ|玛利亚
299,STD,メグメグ☆ファイアーエンドレスナイト,STD,MASTER,11+,11.6,162,maimai (真),2012-07-11,否,メグメグ☆ファイアーエンドレスナイト|megu|火柴人大战
298,STD,マトリョシカ,STD,MASTER,11+,11.6,205,maimai (真),2012-07-11,否,マトリョシカ|俄罗斯套娃|套娃|😋🤗
290,STD,メランコリック,STD,MASTER,11+,11.6,140,maimai (真),2012-07-11,否,メランコリック|忧郁的心情|melancholic
284,STD,ルカルカ★ナイトフィーバー,STD,MASTER,11+,11.6,160,maimai (真),2012-07-11,否,ルカルカ★ナイトフィーバー|河蟹你全家|绿坝娘|夜里发烧|luka|和谐你全家|lukalukanightfever|rukaruka|露卡露卡|河坝娘|鲁卡鲁卡午夜狂欢|luka luka nightfever
280,STD,NIGHT OF FIRE,STD,MASTER,11+,11.6,155,maimai (真),2012-07-11,否,night of fire|nof|夜火|奶头发炎|niko|头文字d|开幕大火|世终舞厅|逮虾户|目害|乃头发炎
276,STD,Love or Lies,STD,MASTER,11+,11.6,128,maimai (真),2012-07-11,否,love or lies|lol|爱或谎
271,STD,Love You,STD,MASTER,11+,11.6,135,maimai (真),2012-07-11,否,love you|爱你|我喜欢你|喜欢你
168,DX,Soul-ride ON!,DX,MASTER,11+,11.6,146,でらっくす (熊),2019-12-20,否,
166,DX,UNION,DX,MASTER,11+,11.6,178,でらっくす (熊),2019-07-19,否,
162,DX/STD,Daydream café,DX,MASTER,11+,11.6,150,PiNK+ (櫻),2016-06-30,否,
161,DX/STD,シュガーソングとビターステップ,DX,MASTER,11+,11.6,132,PiNK+ (櫻),2016-06-30,否,
160,DX,未完成人,DX,MASTER,11+,11.6,148,でらっくす (熊),2019-07-11,否,
159,DX,新宝島,DX,MASTER,11+,11.6,158,でらっくす (熊),2019-07-11,否,
157,DX,LOSER,DX,MASTER,11+,11.6,121,でらっくす (熊),2019-07-11,否,
151,DX/STD,かくしん的☆めたまるふぉ～ぜっ！,STD,MASTER,11+,11.6,139,PiNK (桃),2015-12-09,否,
140,STD,specialist (“Never More” ver.),STD,MASTER,11+,11.6,128,ORANGE+ (暁),2015-08-13,否,
138,STD,Pursuing My True Self,STD,MASTER,11+,11.6,119,ORANGE+ (暁),2015-08-13,否,
137,STD,ヤバい○○,STD,MASTER,11+,11.6,133,MiLK (白),2018-02-20,否,
136,STD,Stand Up!!!!,STD,MASTER,11+,11.6,185,ORANGE (橙),2014-09-18,否,
130,STD,H-A-J-I-M-A-R-I-U-T-A-!!,STD,MASTER,11+,11.6,140,MURASAKi (紫),2017-04-06,否,
124,STD,SUSHI食べたい feat.ソイソース,STD,MASTER,11+,11.6,135,MURASAKi (紫),2017-03-09,否,
108,STD,青春はNon-Stop！,STD,MASTER,11+,11.6,172,PiNK (桃),2016-03-03,否,
105,STD,naraku within,STD,MASTER,11+,11.6,130,ORANGE (橙),2014-12-04,否,
99,STD,Can Do,STD,MASTER,11+,11.6,200,ORANGE+ (暁),2015-04-16,否,
47,DX,Seize The Day,DX,MASTER,11+,11.6,122,UNiVERSE (宙),2022-01-06,否,
42,DX,うっせぇわ,DX,MASTER,11+,11.6,178,UNiVERSE (宙),2021-09-16,否,
36,DX,God knows...,DX,MASTER,11+,11.6,150,Splash+ (煌),2021-03-18,否,
34,DX,インフェルノ,DX,MASTER,11+,11.6,185,Splash+ (煌),2021-03-18,否,
30,DX,町かどタンジェント,DX,MASTER,11+,11.6,165,Splash (爽),2020-09-17,否,
26,DX,オトモダチフィルム,DX,MASTER,11+,11.6,158,でらっくす+ (華),2020-07-31,否,
23,DX,ラブ・ドラマティック feat. 伊原六花,DX,MASTER,11+,11.6,129,でらっくす+ (華),2020-01-23,否,
21,DX,目覚めRETURNER,DX,MASTER,11+,11.6,145,でらっくす (熊),2019-10-04,否,
16,STD,アンチクロックワイズ,STD,MASTER,11+,11.6,186,MiLK+ (雪),2018-06-21,否,
1,DX/STD,君の知らない物語,STD,MASTER,11+,11.6,181,GreeN (超),2013-07-11,否,
1771,DX,愛♡スクリ～ム！,DX,MASTER,11,11.5,132,CiRCLE+,2026-03-19,否,
1436,DX,アイドル,DX,MASTER,11,11.4,166,BUDDiES+ (宴),2024-03-21,否,アイドル|爱豆|偶像|idol|我推的孩子|推子
1282,DX,ロウワー,DX,MASTER,11,11.5,132,FESTiVAL+ (祝),2023-03-23,否,ロウワー|mzk二箱|堕落眼界|犹大|mzk2|lower|蛇女
1281,DX,おとせサンダー,DX,MASTER,11,11.5,177,FESTiVAL+ (祝),2023-03-23,否,おとせサンダー|otosethunder|雷落|落下雷霆|落雷|司空震
1210,DX,フォニイ,DX,MASTER,11,11.5,170,FESTiVAL (祭),2022-09-15,否,フォニイ|phony|扶你|噗泥|奶龙跳舞|凤梨|7才二亻|佛尼|伪物|7才二人|狐狸面具
1209,DX,踊,DX,MASTER,11,11.5,128,FESTiVAL (祭),2022-09-15,否,踊|长舌妇|ko|起舞|耶耶耶耶耶耶|跳舞|odo|哦哇哇哦哇哦|桶|红眼果蝇
940,DX,I'm with you,DX,MASTER,11,11,181,でらっくす+ (華),2020-07-31,否,
821,STD,Lost Princess,STD,MASTER,11,11,150,FiNALE (輝),2019-04-11,否,
820,STD,キミとボクのミライ,STD,MASTER,11,11,178,FiNALE (輝),2019-04-11,否,
740,STD,妄想感傷代償連盟,STD,MASTER,11,11,110,MiLK+ (雪),2018-06-21,否,妄想感傷代償連盟|海底谭难民营|阿姨压一压|代偿联盟|盲肠肝脏大肠年龄|鬼|妄想|妄想感伤代偿联盟|啊咿呀咿呀|联盟|妄想感伤|盲肠肛肠大肠联盟|ghost|妄伤|小海底谭|初音未来防毒面具|dscf|mkdr|初音未来蹲大牢|阿姨压一压～
736,DX/STD,シャルル,DX,MASTER,11,11,145,でらっくす (熊),2018-06-05,否,シャルル|汁儿儿|三力儿儿|查尔斯|夏露露|charles
704,STD,スターナイトスノウ,STD,MASTER,11,11,180,MiLK (白),2018-01-09,否,
534,STD,りばーぶ,STD,MASTER,11,11,120,PiNK (桃),2015-12-09,否,りばーぶ|reverb|两个人喝茶|混响|友人对战
464,STD,シアワセうさぎ,STD,MASTER,11,11,140,GreeN+ (檄),2014-08-22,否,シアワセうさぎ|幸福兔
455,STD,POP STAR,STD,MASTER,11,11,140,GreeN+ (檄),2014-07-17,否,pop star|匡威|popstar|流行星
388,STD,イアイア★ナイトオブデザイア,STD,MASTER,11,11,162,GreeN (超),2013-09-05,否,イアイア★ナイトオブデザイア|iaia|yiayia|night of desire|ia ia night of desire|ia ia★night of desire
380,DX/STD,いーあるふぁんくらぶ,DX,MASTER,11,11,145,でらっくす (熊),2013-07-11,否,いーあるふぁんくらぶ|12|中日友好歌|12fan|fanclub|一二俱乐部|熊猫头|12fanclub|烟雾列车|dx王力宏|王力宏|周杰伦|一二粉丝俱乐部|1 2 fan club
292,STD,ZIGG-ZAGG,STD,MASTER,11,11,138,maimai (真),2012-07-11,否,zigg-zagg|zigg|zigg zagg
275,STD,Sweets×Sweets,STD,MASTER,11,11,132,maimai (真),2012-07-11,否,sweets×sweets|甜蜜蜜|甜²|阳光彩虹小白马|甜甜|无印主题曲
274,STD,Sun Dance,STD,MASTER,11,11,102,maimai (真),2012-07-11,否,sun dance|阳舞|🌞💃|日舞|金正恩跳舞|孙舞|sd|日跳舞|太阳舞|将军舞|金正恩
273,STD,Crush On You,STD,MASTER,11,11,125,maimai (真),2012-07-11,否,crush on you|撞死你|我喜欢你|暗恋你|木有芭蕾|虫儿飞|小黑子|星摆2|coy|ikun|母牛芭蕾|创似拟|冲你身上|创死你|鸡你太美|厉不厉害你坤哥|蔡徐坤|性感良辛在线热舞|cou
170,DX,フレ！フレ！ベストフレンズ,DX,MASTER,11,11,166,でらっくす (熊),2019-07-11,否,
163,DX/STD,コネクト,DX,MASTER,11,11,175,maimai (真),2012-07-11,否,
158,DX,U.S.A.,DX,MASTER,11,11,139,でらっくす (熊),2019-07-11,否,
155,STD,甲賀忍法帖,STD,MASTER,11,11,178,MiLK+ (雪),2018-11-06,否,
149,STD,夏祭り,STD,MASTER,11,11,141,PiNK+ (櫻),2016-08-11,否,
144,DX/STD,POP TEAM EPIC,STD,MASTER,11,11,142,MiLK+ (雪),2018-06-21,否,
143,STD,Sunshine world tour,STD,MASTER,11,11,140,MURASAKi+ (菫),2017-09-19,否,
134,STD,Now Loading!!!!,STD,MASTER,11,11,193,MURASAKi+ (菫),2017-07-25,否,
132,STD,紅蓮の弓矢,STD,MASTER,11,11,180,GreeN+ (檄),2014-02-26,否,
131,STD,Star☆Glitter,STD,MASTER,11,11,171,MURASAKi (紫),2017-04-06,否,
129,STD,ちょちょちょ！ゆるゆり☆かぷりっちょ！！！,STD,MASTER,11,11,190,MURASAKi (紫),2017-01-10,否,
128,STD,いぇす！ゆゆゆ☆ゆるゆり♪♪,STD,MASTER,11,11,182,MURASAKi (紫),2017-01-10,否,
123,STD,PERFECT HUMAN,STD,MASTER,11,11,128,MURASAKi (紫),2016-12-15,否,
120,STD,未来(ソラ)の歌,STD,MASTER,11,11,153,MURASAKi+ (菫),2017-11-09,否,
116,STD,秘密の扉から会いにきて,STD,MASTER,11,11,184,PiNK (桃),2016-01-07,否,
113,STD,でんでんぱっしょん,STD,MASTER,11,11,186,PiNK (桃),2015-12-09,否,
112,STD,Scatman (Ski Ba Bop Ba Dop Bop),STD,MASTER,11,11,136,PiNK+ (櫻),2016-10-20,否,
104,STD,ココロオドル,STD,MASTER,11,11,226,ORANGE+ (暁),2015-07-16,否,
95,STD,おいでよ！妖精の森,STD,MASTER,11,11,220,ORANGE (橙),2014-09-18,否,
89,STD,サブリナ,STD,MASTER,11,11,136,maimai+ (真),2012-12-13,否,
86,STD,Tachyon,STD,MASTER,11,11,176,GreeN+ (檄),2014-07-17,否,
76,STD,女々しくて,STD,MASTER,11,11,143,GreeN (超),2013-07-11,否,
54,DX,うまぴょい伝説,DX,MASTER,11,11,170,UNiVERSE+ (星),2022-03-24,否,
52,DX,くらべられっ子,DX,MASTER,11,11.5,194,UNiVERSE+ (星),2022-03-24,否,
41,DX,夜に駆ける,DX,MASTER,11,11,130,UNiVERSE (宙),2021-09-16,否,
37,DX,秒針を噛む,DX,MASTER,11,11,130,Splash+ (煌),2021-03-18,否,
31,DX,紅蓮華,DX,MASTER,11,11,135,Splash (爽),2020-09-17,否,
19,STD,お気に召すまま,STD,MASTER,11,11,143,FiNALE (輝),2019-04-26,否,
18,STD,only my railgun,STD,MASTER,11,11,143,FiNALE (輝),2018-12-13,否,
580,STD,東京リアルワールド,STD,MASTER,10+,10.6,150,PiNK+ (櫻),2016-08-11,否,東京リアルワールド|🗼|喝热排骨汤|东京铁塔|塔|东京塔|东京|东京现实世界|东京real world|东京现充世界|电波塔
454,STD,リリリリ★バーニングナイト,STD,MASTER,10+,10.6,165,GreeN+ (檄),2014-07-17,否,リリリリ★バーニングナイト|lilylily★burningnight|酒吧|美女躺着|力力|lilylily|lilylilyburningnight|lily|酒吧跳舞
328,STD,デコボコ体操第二,STD,MASTER,10+,10.6,140,maimai+ (真),2013-01-17,否,デコボコ体操第二|体操|体操第二|凹凸|凹凸体操第二节
289,STD,檄！帝国華撃団(改),STD,MASTER,10+,10.6,144,maimai (真),2012-07-11,否,檄！帝国華撃団(改)|樱花大战|帝国华击团|檄！|华击团|樱花大战2|帝国滑稽团|哈系列|滑稽团
286,STD,美しく燃える森,STD,MASTER,10+,10.6,140,maimai (真),2012-07-11,否,美しく燃える森|美燃森
270,STD,Future,STD,MASTER,10+,10.6,130,maimai (真),2012-07-11,否,future|错位歌|未来|ftr|蓝的人
154,STD,極上スマイル,STD,MASTER,10+,10.6,143,PiNK (桃),2016-01-07,否,
153,STD,NOISY LOVE POWER☆,STD,MASTER,10+,10.6,140,FiNALE (輝),2018-12-13,否,
148,STD,うまるん体操,STD,MASTER,10+,10.6,170,MiLK+ (雪),2018-06-21,否,
147,STD,にめんせい☆ウラオモテライフ！,STD,MASTER,10+,10.6,170,MiLK+ (雪),2018-07-24,否,
145,STD,全力☆Summer!,STD,MASTER,10+,10.6,158,MiLK+ (雪),2018-09-18,否,
142,STD,CALL HEAVEN!!,STD,MASTER,10+,10.6,123,MURASAKi+ (菫),2017-09-19,否,
135,STD,ホシトハナ,STD,MASTER,10+,10.6,158,MURASAKi+ (菫),2017-11-09,否,
133,STD,SAKURAスキップ,STD,MASTER,10+,10.6,165,MURASAKi+ (菫),2017-06-22,否,
127,STD,ゆりゆららららゆるゆり大事件,STD,MASTER,10+,10.6,175,MURASAKi (紫),2016-12-15,否,
126,STD,Jumping!!,STD,MASTER,10+,10.6,175,MURASAKi (紫),2017-03-23,否,
122,STD,夏にキスしていいですか？,STD,MASTER,10+,10.6,160,PiNK+ (櫻),2016-06-30,否,
119,STD,ふ・れ・ん・ど・し・た・い,STD,MASTER,10+,10.6,148,PiNK+ (櫻),2016-07-14,否,
118,STD,イチズレシピ,STD,MASTER,10+,10.6,170,PiNK+ (櫻),2016-07-14,否,
106,STD,ほとんど違法行為,STD,MASTER,10+,10.6,128,ORANGE (橙),2014-12-04,否,
101,STD,カノン,STD,MASTER,10+,10.6,208,ORANGE+ (暁),2015-10-08,否,
100,STD,The Other self,STD,MASTER,10+,10.6,150,ORANGE+ (暁),2015-10-08,否,
97,STD,ファミリーパーティー,STD,MASTER,10+,10.6,142,ORANGE (橙),2014-09-18,否,
94,STD,Get Off of My Way,STD,MASTER,10+,10.6,135,maimai+ (真),2012-12-13,否,
87,STD,リクライム,STD,MASTER,10+,10.6,188,GreeN+ (檄),2014-02-26,否,
35,DX,冬のこもりうた,DX,MASTER,10+,10.6,118,Splash+ (煌),2021-03-18,否,
125,STD,7 Girls War,STD,MASTER,10,10,180,MURASAKi (紫),2017-03-23,否,
117,STD,Touch Tap Baby,STD,MASTER,10,10,162,PiNK (桃),2015-12-09,否,
115,STD,Luminize,STD,MASTER,10,10,140,PiNK (桃),2016-01-07,否,
114,STD,Dragon Night,STD,MASTER,10,10,124,PiNK (桃),2015-12-09,否,
107,STD,シリウス,STD,MASTER,10,10,176,ORANGE+ (暁),2015-03-19,否,
103,STD,ヘタリアン☆ジェット,STD,MASTER,10,10,132,PiNK+ (櫻),2016-10-20,否,
102,STD,オルフェ,STD,MASTER,10,10,184,ORANGE+ (暁),2015-04-16,否,
91,STD,GO MY WAY!!,STD,MASTER,10,10,180,GreeN+ (檄),2014-02-26,否,
88,STD,恋のヒメヒメぺったんこ,STD,MASTER,10,10,178,GreeN+ (檄),2014-03-20,否,
85,STD,galaxias!,STD,MASTER,10,10,123,GreeN (超),2013-07-11,否,
83,STD,創聖のアクエリオン,STD,MASTER,10,10,151,GreeN (超),2013-07-11,否,
82,STD,Butter-Fly,STD,MASTER,10,10,165,GreeN (超),2013-07-11,否,
81,STD,READY STEADY GO,STD,MASTER,10,10,144,GreeN (超),2013-07-11,否,
79,STD,カルマ,STD,MASTER,10,10,195,GreeN (超),2013-07-11,否,
78,STD,GO!!!,STD,MASTER,10,10,134,GreeN (超),2013-07-11,否,
77,STD,LOVEドッきゅん♥,STD,MASTER,10,10,149,GreeN (超),2013-07-11,否,
75,STD,サラバ、愛しき悲しみたちよ,STD,MASTER,10,10,168,GreeN (超),2013-07-11,否,
74,STD,ニブンノイチ,STD,MASTER,10,10,125,ORANGE+ (暁),2015-03-19,否,
73,STD,SPELL MAGIC,STD,MASTER,10,10,180,maimai+ (真),2012-12-13,否,
66,STD,愛を止めないで,STD,MASTER,10,10,83,maimai (真),2012-07-11,否,
59,STD,Choo Choo TRAIN,STD,MASTER,10,10,115,GreeN (超),2013-07-11,否,
121,STD,ひみつをちょーだい,STD,MASTER,9+,9.6,160,PiNK (桃),2015-12-09,否,
111,STD,ゲラゲラポーのうた,STD,MASTER,9+,9.6,120,PiNK (桃),2015-12-09,否,
98,STD,恋愛サーキュレーション,STD,MASTER,9+,9.6,120,maimai (真),2012-07-11,否,
92,STD,THE IDOLM@STER 2nd-mix,STD,MASTER,9+,9.6,168,GreeN+ (檄),2014-02-26,否,
90,STD,RPG,STD,MASTER,9+,9.6,135,GreeN+ (檄),2014-02-26,否,
93,STD,The world is all one !!,STD,MASTER,9,9,167,GreeN+ (檄),2014-02-26,否,
84,STD,残酷な天使のテーゼ,STD,MASTER,9,9,128,GreeN (超),2013-07-11,否,
80,STD,リライト,STD,MASTER,9,9,179,GreeN (超),2013-07-11,否,
72,STD,CANDY CANDY,STD,MASTER,9,9,130,maimai+ (真),2012-12-13,否,
71,STD,つけまつける,STD,MASTER,9,9,145,maimai+ (真),2012-12-13,否,
69,STD,アイデンティティ,STD,MASTER,9,9,140,maimai (真),2012-07-11,否,
67,STD,LOVE ＆ JOY,STD,MASTER,9,9,173,maimai (真),2012-07-11,否,
65,STD,CAN'T GET BACK,STD,MASTER,9,9,140,maimai (真),2012-07-11,否,
64,STD,New World,STD,MASTER,9,9,127,maimai (真),2012-07-11,否,
63,STD,Chu Chu,STD,MASTER,9,9,98,maimai (真),2012-07-11,否,
61,STD,ヘビーローテーション,STD,MASTER,9,9,178,maimai (真),2012-07-11,否,
60,STD,VICTORY,STD,MASTER,9,9,130,GreeN+ (檄),2014-06-17,否,
58,STD,PON PON PON,STD,MASTER,9,9,128,maimai (真),2012-07-11,否,
110,STD,ようかい体操第一,STD,MASTER,8+,8.6,125,PiNK+ (櫻),2016-08-11,否,
70,STD,Garden,STD,MASTER,8,8,99,maimai (真),2012-07-11,否,
68,STD,じょいふる,STD,MASTER,8,8,159,maimai (真),2012-07-11,否,
62,STD,Everyday、カチューシャ,STD,MASTER,8,8,172,maimai (真),2012-07-11,否,
