No.,分类,曲名,创作者,谱面,BPM,版本,别名
1915,VARIETY,Imprinting,Sakuzyo,STD 3 | STD 8 | STD 12+ | STD 14,175,X-VERSE-X,
1914,VARIETY,Reverie ft. xia,Gardens,STD 3 | STD 7+ | STD 11+ | STD 14+,172,X-VERSE-X,
1913,VARIETY,Amatsu,Juggernaut.,STD 3 | STD 7+ | STD 11 | STD 14+,150,X-VERSE-X,
1912,VARIETY,All Over Again,Zekk,STD 3 | STD 7+ | STD 12 | STD 14+,210,X-VERSE-X,
1911,VARIETY,BANG!,Shoichiro Hirata feat.Sana,STD 2 | STD 5 | STD 10 | STD 13,128,X-VERSE-X,
1910,POPS & ANIME,うたかたよいかないで,HIMEHINA,STD 3 | STD 6 | STD 10 | STD 13,166,X-VERSE-X,
1909,niconico,愛して愛して愛して,きくお,STD 2 | STD 6 | STD 10+ | STD 14+,230,X-VERSE-X,
1908,niconico,花弁、それにまつわる音声,あばらや,STD 3 | STD 6 | STD 10 | STD 13+,108,X-VERSE-X,
1907,POPS & ANIME,WWW,HIMEHINA,STD 3 | STD 5 | STD 9 | STD 12+ | STD 14,146,X-VERSE-X,
1906,POPS & ANIME,キスキツネ,HIMEHINA,STD 3 | STD 6 | STD 10 | STD 13+,148,X-VERSE-X,
1905,VARIETY,ALTER EGO,Yuta Imai vs Qlarabelle「Arcaea」,STD 4 | STD 8 | STD 13+ | STD 15,195,X-VERSE-X,
1904,VARIETY,Ré：Ré,モリモリあつし vs. uma「Muse Dash」,STD 4 | STD 8+ | STD 13+ | STD 15,222,X-VERSE-X,
1903,VARIETY,"DESTRUCTION 3,2,1",Normal1zer vs. Broken Nerdz「Phigros」,STD 5 | STD 11+ | STD 14 | STD 15,321,X-VERSE-X,
1902,VARIETY,glory MAX -to the MAXimum-,TAK,STD 3 | STD 7+ | STD 11+ | STD 14+,190,X-VERSE-X,
1901,VARIETY,Marigold,"M2U / Arranger: M2U, NICODE / Vocal: Guriri, M2U 「DEEMO」",STD 3 | STD 7 | STD 13+ | STD 15,160,X-VERSE-X,
1900,VARIETY,Lips XTC -Sorist Remix-,from PACA PACA PASSION Special,STD 3 | STD 7 | STD 13+ | STD 15,144,X-VERSE-X,
1899,VARIETY,超MANJIラッシュ,Massive New Krew「WACCA」,STD 4 | STD 8+ | STD 13 | STD 14+,205,X-VERSE-X,
1898,VARIETY,聖者の息吹,世阿弥 vs Tatsh「グルーヴコースター」,STD 3 | STD 7 | STD 12+ | STD 14+,180,X-VERSE-X,
1897,VARIETY,†渚の小悪魔ラヴリィ～レイディオ†,夏色ビキニのPrim,STD 3 | STD 7 | STD 10 | STD 14,190,X-VERSE-X,
1896,ゲキマイ,μ3,水野健治 VS 穴山大輔,STD 5 | STD 11+ | STD 14 | STD 15+,192,X-VERSE-X,
1895,ゲキマイ,PANDORA PARADOXXX,削除,STD 6 | STD 11+ | STD 14+ | STD 15+,150,X-VERSE-X,
1894,ORIGINAL,月葬,黒魔 × rintaro soma,STD 5 | STD 9 | STD 14 | STD 15+,190,X-VERSE-X,
1893,ORIGINAL,薄明のクオリア,polysha feat. 高城みよ,STD 3 | STD 7+ | STD 11 | STD 14,185,X-VERSE-X,
1892,ORIGINAL,EFX,Avans,STD 2 | STD 6 | STD 11+ | STD 13+,128,X-VERSE-X,
1891,ORIGINAL,Beenden,隣の庭は青い(庭師+Aoi),STD 4 | STD 8 | STD 13+ | STD 15,202,X-VERSE-X,
1890,VARIETY,バンバード ～Piano Version～,mozell,STD 2 | STD 6 | STD 11 | STD 14,144,X-VERSE-X,
1889,VARIETY,New Starlight,DiGiTAL WiNG,STD 3 | STD 6 | STD 10 | STD 13+,155,X-VERSE-X,
1888,VARIETY,God only knows,A-One,STD 3 | STD 6 | STD 9+ | STD 14,170,X-VERSE-X,
1887,VARIETY,無双の咆哮 Warcry Overload,永田泰之,STD 3 | STD 7+ | STD 12 | STD 14,185,X-VERSE-X,
1886,WORLD'S END,Kaleidoscope,Lycoris in the parterre,WE 【狂】☆☆☆,,X-VERSE-X,
1885,WORLD'S END,Nyan Cat,daniwellP feat. 桃音モモ,WE 【歌】☆☆,,X-VERSE-X,
1884,WORLD'S END,イガク,原口沙輔 feat.重音テト,WE 【光】☆☆,,X-VERSE-X,
1883,WORLD'S END,九龍メタルゾネス,桔梗 小夜曲(CV:原田 彩楓),WE 【嘘】☆☆☆☆,,X-VERSE-X,
1882,POPS & ANIME,僕達のギャグマンガ日和,うえだゆうじ,STD 2 | STD 5 | STD 10+ | STD 13+,112,X-VERSE-X,
1881,niconico,ふぁんぶる！,藤原ハガネ,STD 3 | STD 7+ | STD 11 | STD 14,202,X-VERSE-X,
1880,niconico,ウルトラトレーラー,マサラダ,STD 3 | STD 6 | STD 9+ | STD 13+,155,X-VERSE-X,
1879,ORIGINAL,Phantom Crisis,t+pazolite vs Yuta Imai,STD 6 | STD 11+ | STD 14 | STD 15+,235,X-VERSE-X,
1878,ORIGINAL,Fly Better!,ShiBa × U-Ruri,STD 3 | STD 6 | STD 9+ | STD 13+,131,X-VERSE-X,
1877,ORIGINAL,彩祭ワンダーワン！,Ponchi♪ feat.はぁち,STD 3 | STD 7 | STD 10 | STD 14,170,X-VERSE-X,
1876,ORIGINAL,パステル・シタイ！,もちうつね feat.桃寝ちのい,STD 3 | STD 6 | STD 10 | STD 13+,170,X-VERSE-X,
1875,イロドリミドリ,Future Refrain,萩原 七々瀬(CV:東城 日沙子),STD 2 | STD 5 | STD 10+ | STD 13+,120,X-VERSE-X,
1874,ORIGINAL,DOMiNUS_GRAiL,xi,STD 5 | STD 10 | STD 14 | STD 15,190,X-VERSE-X,
1873,ORIGINAL,Verse X,Yu_Asahina,STD 6 | STD 11+ | STD 14 | STD 15+,205,X-VERSE-X,
1872,ゲキマイ,THE TRiANGLE,Yuta Imai,STD 5 | STD 8 | STD 13 | STD 15,230,X-VERSE-X,
1871,POPS & ANIME,Colorful Starting Line,涼宮ハルヒ(CV.平野綾),STD 3 | STD 5 | STD 9 | STD 13,162,X-VERSE-X,
1870,POPS & ANIME,Chasing destiny,涼宮ハルヒ(CV.平野綾),STD 3 | STD 6 | STD 10+ | STD 14,186,X-VERSE-X,
1869,POPS & ANIME,無敵的ハピネス！(SOS団5人Ver.),"涼宮ハルヒ(CV.平野綾),長門有希(CV.茅原実里),朝比奈みくる(CV.後藤邑子)、キョン(CV.杉田智和)、古泉一樹(CV.小野大輔)",STD 3 | STD 7 | STD 10+ | STD 13,185,X-VERSE-X,
1868,WORLD'S END,Fighting My Way,歌：花海咲季 (CV. 長月あおい) 作詞：HIROMI　作曲・編曲：Giga「学園アイドルマスター」,WE 【戻】☆☆,,X-VERSE-X,战斗我的路|战斗我的🦌|fmw
1867,WORLD'S END,volcanic,DETRO a.k.a ルゼ,WE 【避】☆☆☆☆,,X-VERSE-X,火山|猩猩|臀萌金曲|小猩猩
1866,WORLD'S END,J219,Cranky,WE 【狂】☆,,X-VERSE-X,
1865,niconico,LEMON MELON COOKIE,TAK,STD 3 | STD 6 | STD 10 | STD 12+,180,X-VERSE-X,
1864,niconico,M@GICAL☆CURE! LOVE ♥ SHOT!,SAWTOWNE,STD 3 | STD 6 | STD 10 | STD 13,192,X-VERSE-X,
1863,POPS & ANIME,Behavior,花鋏キョウ,STD 2 | STD 5 | STD 9 | STD 12+,116,X-VERSE-X,
1862,POPS & ANIME,はっぴーでいず！,獅子神レオナ,STD 2 | STD 6 | STD 9+ | STD 13,226,X-VERSE-X,
1861,POPS & ANIME,もっと！,花鋏キョウ、獅子神レオナ、水瓶ミア、夢川かなう,STD 3 | STD 5 | STD 9+ | STD 13,184,X-VERSE-X,
1860,ORIGINAL,Sweet & Sour,Sakuzyo or Sobrem,STD 5 | STD 10 | STD 14 | STD 15+,170,X-VERSE-X,
1859,イロドリミドリ,ソレイユ,芒崎 奏(CV:立花 理香),STD 3 | STD 6 | STD 12 | STD 14,145,X-VERSE-X,
1858,ORIGINAL,そして春めくモノローグ,Qutabire feat.柚子花,STD 3 | STD 6 | STD 10 | STD 13+,192,X-VERSE-X,
1857,ORIGINAL,Aether Wind,OSTER project feat. 常盤ゆう,STD 3 | STD 6 | STD 10 | STD 13+,190,X-VERSE-X,
1856,ORIGINAL,天地のうた,駄菓子O型 feat.みょみょ,STD 2 | STD 5 | STD 10+ | STD 13+,86,X-VERSE-X,
1855,POPS & ANIME,Choose!!!,サイダーガール TVアニメ「悪役令嬢転生おじさん」,STD 2 | STD 5 | STD 9 | STD 12,130,X-VERSE-X,
1854,VARIETY,LAST PROPOZE,あとぅす feat.橘花音,STD 3 | STD 6 | STD 10 | STD 14,144,X-VERSE-X,
1853,VARIETY,ゼイタクするまで抱きしめて,kei_iwata / KeiuO,STD 3 | STD 6 | STD 10 | STD 14,145,X-VERSE-X,
1852,VARIETY,愛と煩悩と輪廻と常識の極彩世界,sound piercer feat.Ritsu,STD 4 | STD 7 | STD 12 | STD 15,274,X-VERSE-X,
1851,ORIGINAL,轆轤首,かねこちはる,STD 5 | STD 9 | STD 13+ | STD 15,218,X-VERSE-X,
1850,東方Project,メイドノココロハアヤツリドール,森羅万象,STD 2 | STD 5 | STD 9+ | STD 12+,128,X-VERSE-X,
1849,東方Project,New World,FELT,STD 3 | STD 6 | STD 10+ | STD 13,195,X-VERSE-X,
1848,東方Project,The Music of Violent Eating,Jerico,STD 5 | STD 8 | STD 13 | STD 15,145,X-VERSE-X,
1847,東方Project,アマノジャクリバース feat. ｙｔｒ,魂音泉,STD 3 | STD 6 | STD 10+ | STD 13+,160,X-VERSE-X,
1846,東方Project,A-Yah-YAh-YaH-YAH!,凋叶棕 feat. めらみぽっぷ,STD 3 | STD 6 | STD 9+ | STD 13+,150,X-VERSE-X,
1845,niconico,ヤババイナ,さたぱんP,STD 4 | STD 7 | STD 11+ | STD 14,200,X-VERSE-X,
1844,niconico,バカ通信,isonosuke,STD 4 | STD 7+ | STD 11 | STD 14,240,X-VERSE-X,
1843,niconico,㋰責任集合体,マサラダ,STD 2 | STD 5 | STD 9+ | STD 13,135,X-VERSE-X,
1842,POPS & ANIME,Edelied,Edel Note[セラス 柳田 リリエンフェルト(CV.三宅美羽)、桂城 泉(CV.進藤あまね)]「Link！Like！ラブライブ！」,STD 3 | STD 6 | STD 9 | STD 13+,173,X-VERSE-X,
1841,POPS & ANIME,アイドゥーミー！,蓮ノ空女学院スクールアイドルクラブ「Link！Like！ラブライブ！」,STD 3 | STD 5 | STD 9+ | STD 13+,185,X-VERSE-X,
1840,WORLD'S END,Teriqma,owl＊tree,WE 【割】☆☆☆,,X-VERSE-X,terqima|屎|粪便|大便
1839,WORLD'S END,Adverse Gaff,siromaru,WE 【撃】☆☆☆☆,,X-VERSE-X,小机械头|机械头2|机械头二
1838,WORLD'S END,I Wanna,静香(CV.長谷川育美)「ワールドダイスター 夢のステラリウム」,WE 【招】☆☆☆☆☆,,X-VERSE-X,我想|iw
1837,ORIGINAL,tHE uNcontRollaBle ciNdeRella,Felysrator (feat. Lamanya),STD 4 | STD 8+ | STD 13 | STD 14+,157,X-VERSE-X,
1836,ORIGINAL,〚回帰〛 ～Scherzo ~フォルトゥーナの悪戯~,MIssionary & DCWH,STD 4 | STD 8+ | STD 13+ | STD 15,132,X-VERSE-X,
1835,ORIGINAL,MOMOCO68000,AKIRA YAMAOKA,STD 3 | STD 7+ | STD 12 | STD 14,180,X-VERSE-X,
1834,ORIGINAL,☆をつなぐシュトラール,ああああ,STD 4 | STD 7 | STD 11+ | STD 14,224,X-VERSE-X,
1833,ORIGINAL,Road to Aventura,s-don,STD 3 | STD 6 | STD 12+ | STD 14+,155,X-VERSE-X,
1832,ORIGINAL,ジナ,niki feat.DELUTAYA,STD 3 | STD 6 | STD 11 | STD 13+,182,X-VERSE-X,
1831,ORIGINAL,魔法に照らされたアンコール,MIMI feat.wawa,STD 2 | STD 5 | STD 10+ | STD 13,120,X-VERSE-X,
1830,イロドリミドリ,当たり前田の小野美苗,小野 美苗(CV:伊藤 美来),STD 4 | STD 7 | STD 10+ | STD 14+,168,X-VERSE-X,
1829,ゲキマイ,BIRTH,llliiillliiilll,STD 3 | STD 7 | STD 13 | STD 14+,176,X-VERSE-X,
1828,ゲキマイ,Starlight★Limited,カタオカツグミ,STD 3 | STD 7 | STD 12 | STD 14,116,X-VERSE-X,
1827,ゲキマイ,WakeUP MakeUP FEVER!,曲：アオワイファイ／歌：オンゲキシューターズ,STD 2 | STD 5 | STD 10 | STD 12+,126,X-VERSE-X,
1826,VARIETY,AiAe,DJ'TEKINA//SOMETHING a.k.a ゆよゆっぺ,STD 3 | STD 6 | STD 13 | STD 15,180,X-VERSE-X,
1825,VARIETY,Angelic Layer,SHIKI,STD 2 | STD 6 | STD 10+ | STD 14+,146,X-VERSE-X,
1824,VARIETY,MORNINGLOOM,saaa,STD 3 | STD 6 | STD 11 | STD 14+,204,X-VERSE-X,
1823,東方Project,Ultimate taste,ぱらどっと,STD 4 | STD 7+ | STD 12+ | STD 14+,200,X-VERSE-X,
1822,niconico,キャンディークッキーチョコレート,はろける,STD 3 | STD 6 | STD 9 | STD 13 | STD 14+,173,X-VERSE-X,
1821,niconico,化けの花,なきそ,STD 3 | STD 6 | STD 10+ | STD 13+ | STD 14+,180,X-VERSE-X,
1820,niconico,モニタリング,DECO*27,STD 3 | STD 5 | STD 10 | STD 13,132,X-VERSE-X,
1819,POPS & ANIME,一旦ステイ TONIGHT,不破湊,STD 3 | STD 6 | STD 10 | STD 13+,166,X-VERSE-X,
1818,POPS & ANIME,怪獣,サカナクション,STD 3 | STD 5 | STD 9 | STD 12+,180,X-VERSE-X,
1817,POPS & ANIME,KiLLKiSS,Ave Mujica,STD 3 | STD 6 | STD 10+ | STD 14,200,X-VERSE-X,
1816,POPS & ANIME,Ave Mujica,Ave Mujica,STD 3 | STD 6 | STD 9+ | STD 14,222,X-VERSE-X,
1815,POPS & ANIME,BOW AND ARROW （アニメ・オープニングver.）,米津玄師,STD 3 | STD 5 | STD 9+ | STD 13 | STD 14,180,X-VERSE-X,
1814,ORIGINAL,創 -汝ら新世界へ歩む者なり-,BlackY VS Yooh VS siromaru VS xi VS モリモリあつし,STD 7 | STD 12 | STD 14+ | STD 15+,219,X-VERSE,
1813,ORIGINAL,輪廻玲々,suzu,STD 6 | STD 11 | STD 14 | STD 15,188,X-VERSE,
1812,ORIGINAL,OUTRAGE,USAO vs DJ Myosuke,STD 6 | STD 10 | STD 14 | STD 15,215,X-VERSE,
1811,ORIGINAL,Everything Will Be One,void (Mournfinale),STD 6 | STD 10 | STD 13+ | STD 15,170,X-VERSE,
1810,ORIGINAL,Tru'nembra,Team Grimoire & 穴山大輔,STD 5 | STD 10 | STD 14 | STD 15+,195,X-VERSE,
1809,ORIGINAL,神鳴,Rígr feat. 光吉猛修,STD 6 | STD 10+ | STD 14+ | STD 15+,205,X-VERSE,
1808,VARIETY,ビッグブリッヂの死闘 -シアトリズムFFAC Arrange- from FFV,SQUARE ENIX,STD 4 | STD 8 | STD 13+ | STD 15,211,X-VERSE-X,
1807,VARIETY,Kaleidoscope,Lycoris in the parterre,STD 3 | STD 7 | STD 13+ | STD 15,150,X-VERSE,
1806,ORIGINAL,DEvourER,ZxNX + Redsign,STD 4 | STD 7 | STD 12+ | STD 14+,180,X-VERSE,
1805,ORIGINAL,Deep Blue,technoplanet feat. Tamako Kinoshita,STD 6 | STD 11 | STD 14+ | STD 15+,236,X-VERSE,
1804,ORIGINAL,hyperreality,tn-shi,STD 5 | STD 8 | STD 13+ | STD 15,210,X-VERSE,
1803,WORLD'S END,Reach For The Stars,ソニック カラーズ,WE 【速】☆☆,,X-VERSE,追星
1802,WORLD'S END,GIGA BLAST,Blacklolita,WE 【蔵】☆☆☆☆,,X-VERSE,强抬切|大裤衩|裤衩|gigablast|李咏|gg爆|特大爆|假几把|巨爆
1801,WORLD'S END,可愛くてごめん,HoneyWorks feat. ちゅーたん(CV:早見沙織),WE 【狂】☆☆☆,,X-VERSE,这么可爱真是抱歉|果咩
1800,niconico,電光刹歌,かめりあ,STD 3 | STD 6 | STD 11+ | STD 14,207,X-VERSE,
1799,niconico,トレジャーガーデン,Ponchi♪ feat.初音ミク,STD 3 | STD 6 | STD 10+ | STD 14,268,X-VERSE,
1798,niconico,ジェットブラック,雄之助,STD 3 | STD 5 | STD 10 | STD 13,170,X-VERSE,
1797,niconico,ウィーアーピコピコハンマーズ!!!!,cosMo＠暴走P,STD 3 | STD 7 | STD 11+ | STD 14,202,X-VERSE,
1796,niconico,最愛人生ランナー,かいりきベア,STD 3 | STD 6 | STD 10 | STD 13+,180,X-VERSE,
1795,ゲキマイ,しとしとと,t+pazolite,STD 4 | STD 9+ | STD 13 | STD 14+,215,X-VERSE,
1794,イロドリミドリ,Hardsync,桔梗 小夜曲(CV:原田 彩楓),STD 4 | STD 7 | STD 10+ | STD 14+,200,X-VERSE,
1793,ORIGINAL,PhenomenoN,Laur feat.Tia,STD 3 | STD 6 | STD 11 | STD 14+,174,X-VERSE,
1792,ORIGINAL,In the Straying Story,polysha,STD 3 | STD 7 | STD 13 | STD 14+,192,X-VERSE,
1791,ORIGINAL,Warp Speed,Nhato,STD 3 | STD 7 | STD 11+ | STD 14,174,X-VERSE,
1790,ゲキマイ,渦状銀河のシンフォニエッタ,山本真央樹,STD 4 | STD 7 | STD 12+ | STD 15,238,X-VERSE,
1789,niconico,Worlders,じん / バーチャル・シンガー、Leo/need、MORE MORE JUMP！、Vivid BAD SQUAD、ワンダーランズ×ショウタイム、25時、ナイトコードで。「劇場版プロジェクトセカイ　壊れたセカイと歌えないミク」,STD 2 | STD 5 | STD 9 | STD 12+,138,X-VERSE,
1788,niconico,はじまりの未来,40mP × sasakure.UK / 初音ミク「劇場版プロジェクトセカイ　壊れたセカイと歌えないミク」,STD 2 | STD 5 | STD 9 | STD 12+,156,X-VERSE,
1787,東方Project,Galaxy Collapse,黒皇帝,STD 4 | STD 9+ | STD 13+ | STD 15,135,X-VERSE,
1786,東方Project,Necromantic,暁Records,STD 3 | STD 5 | STD 9+ | STD 13,144,X-VERSE,
1785,東方Project,Idoratrize World,A-One,STD 3 | STD 6 | STD 10 | STD 14,170,X-VERSE,
1784,イロドリミドリ,ソウルのピース,葛城 華(CV:丸岡 和佳奈),STD 3 | STD 5 | STD 10+ | STD 13+,146,X-VERSE,
1783,ORIGINAL,恋伯色,瀬名水紀 feat.六宮,STD 4 | STD 6 | STD 9+ | STD 13+,186,X-VERSE,
1782,ORIGINAL,システム,大漠波新 feat.ウォルピスカーター,STD 3 | STD 5 | STD 11 | STD 13+,141,X-VERSE,
1781,ORIGINAL,ナラク・オン・エア,吉田夜世 feat.棗いつき,STD 4 | STD 6 | STD 12 | STD 14,220,X-VERSE,
1780,WORLD'S END,MEGALOVANIA,Toby Fox「UNDERTALE」,WE 【避】☆☆☆☆,,X-VERSE,传说之下|狂妄之人
1779,WORLD'S END,ナイト・オブ・ナイツ,ビートまりお,WE 【時】☆☆☆,,X-VERSE,夜骑
1778,WORLD'S END,M.L.V.G,テトラルキア「Re:ステージ！プリズムステップ」,WE 【跳】☆☆☆☆,,X-VERSE,mlvg
1777,VARIETY,夢と希望,Toby Fox「UNDERTALE」,STD 3 | STD 7 | STD 10 | STD 13+,171,X-VERSE,
1776,niconico,ずんだシェイキング,なみぐる,STD 3 | STD 6 | STD 11 | STD 13+,140,X-VERSE,
1775,VARIETY,スパイダーダンス,Toby Fox「UNDERTALE」,STD 2 | STD 6 | STD 10+ | STD 14+,115,X-VERSE,
1774,niconico,カルチャ,ツミキ,STD 3 | STD 6 | STD 10 | STD 14,172,X-VERSE,
1773,niconico,スーパーヒーロー,Guiano,STD 2 | STD 5 | STD 8 | STD 12+,132,X-VERSE,
1772,niconico,オブソミート,サツキ,STD 3 | STD 6 | STD 9+ | STD 13+,158,X-VERSE,
1771,イロドリミドリ,Burn!!!,藤堂 陽南袴(CV:八島 さらら),STD 3 | STD 6 | STD 11+ | STD 14,150,X-VERSE,
1770,ORIGINAL,Challenger!!,シャティ,STD 3 | STD 7 | STD 10 | STD 14,130,X-VERSE,
1769,ORIGINAL,Steamed on the Beat,電気式華憐音楽集団,STD 3 | STD 7 | STD 11+ | STD 14,164,X-VERSE,
1768,ORIGINAL,内臓♡マニピ,Kijibato feat. をとは,STD 4 | STD 8 | STD 10+ | STD 14+,120,X-VERSE,
1767,POPS & ANIME,きゅびびびびずむ,超てんちゃん,STD 5 | STD 9 | STD 12+ | STD 14+,185,X-VERSE,
1766,POPS & ANIME,きゅびずむ,超てんちゃん,STD 4 | STD 6 | STD 9+ | STD 12+,185,X-VERSE,
1765,POPS & ANIME,幽霊船戦,宝鐘マリン（ホロライブ）,STD 3 | STD 6 | STD 10 | STD 14+,160,X-VERSE,
1764,POPS & ANIME,うい麦畑でつかまえて,しぐれうい,STD 3 | STD 5 | STD 9+ | STD 13+,168,X-VERSE,
1763,POPS & ANIME,1番輝く星,アーリャ（CV：上坂すみれ）「時々ボソッとロシア語でデレる隣のアーリャさん」,STD 3 | STD 6 | STD 9 | STD 12+,182,X-VERSE,
1762,ゲキマイ,アージェントシンメトリー,Sta feat.b,STD 3 | STD 6 | STD 10 | STD 14,172,X-VERSE,
1761,ORIGINAL,Star Saveler,ShiBa,STD 3 | STD 7 | STD 11 | STD 14,195,X-VERSE,
1760,ORIGINAL,あの日、あの部屋で、あったこと,wotaku feat. SHIKI,STD 4 | STD 8+ | STD 13 | STD 15,328,X-VERSE,
1759,ORIGINAL,ノーライ,鬱P feat.鯖,STD 3 | STD 7 | STD 11+ | STD 14+,190,X-VERSE,
1758,niconico,え？あぁ、そう。- 10th Anniversary Edition -,蝶々P,STD 3 | STD 6 | STD 10 | STD 14,192,X-VERSE,
1757,niconico,少女A,椎名もた,STD 2 | STD 6 | STD 10 | STD 14,260,X-VERSE,
1756,niconico,私の歯医者さん,ゆこぴ,STD 3 | STD 6 | STD 8 | STD 13,147,X-VERSE,
1755,niconico,ブタサンダー,ゆこぴ,STD 2 | STD 5 | STD 8+ | STD 13,145,X-VERSE,
1754,ゲキマイ,Individual on parade!,曲：渡部チェル／歌：珠洲島 有栖(CV：長縄 まりあ)、皇城 セツナ(CV：八巻 アンナ)、柏木 咲姫(CV：石見 舞菜香)、日向 千夏(CV：岡咲 美保)、井之原 小星(CV：ももの はるな),STD 3 | STD 6 | STD 9 | STD 12+,172,X-VERSE,
1753,WORLD'S END,sølips,rintaro soma,WE 【蔵】☆☆☆☆☆,,X-VERSE,嗦|solips|蓝的盘|一百块
1752,WORLD'S END,Kattobi KEIKYU Rider,Sampling Masters MEGA,WE 【翔】☆☆☆,,X-VERSE,叮叮电车|叮叮|电车|叮叮车
1751,WORLD'S END,Invitation,れるりり feat.ろん,WE 【割】☆☆☆,,X-VERSE,邀请|邀请函
1750,POPS & ANIME,ぎゅむ！,ぷにる（CV：篠原 侑）「ぷにるはかわいいスライム」,STD 3 | STD 5 | STD 9+ | STD 13,168,X-VERSE,
1749,イロドリミドリ,単位がない！,五十嵐 撫子(CV:花井 美春),STD 3 | STD 5 | STD 10 | STD 13+,190,X-VERSE,
1748,ORIGINAL,Flap&Clap,棗いつき,STD 3 | STD 5 | STD 10+ | STD 14,190,X-VERSE,
1747,ORIGINAL,エモーション・キャプチャー,藍月なくる,STD 3 | STD 5 | STD 9+ | STD 13,185,X-VERSE,
1746,ORIGINAL,Wing:No.6223,NAMV & Game-i,STD 3 | STD 7 | STD 11 | STD 14,190,X-VERSE,
1745,ORIGINAL,luminoid love PART2,DÉ DÉ MOUSE,STD 3 | STD 5 | STD 10+ | STD 14,155,X-VERSE,
1744,ORIGINAL,並行天涯,BilliumMoto,STD 3 | STD 6 | STD 12+ | STD 15,333,X-VERSE,
1743,ORIGINAL,TOXIC,Zekk,STD 2 | STD 6 | STD 11 | STD 14,183,X-VERSE,
1742,ORIGINAL,χρόνος,Street,STD 3 | STD 6 | STD 12+ | STD 14+,190,X-VERSE,
1741,ゲキマイ,Daydreama,HiTECH NINJA,STD 3 | STD 6 | STD 11+ | STD 14+,153,X-VERSE,
1740,ゲキマイ,Energizing Flame,Artifact vs. Dualcast,STD 4 | STD 7 | STD 12+ | STD 14,201,X-VERSE,
1739,VARIETY,ニルヴの心臓,TJ.hangneil + Atomic Sphere feat.Annabel,STD 4 | STD 7 | STD 13 | STD 15,256,X-VERSE,
1738,東方Project,最終鬼畜妹フランドール・S (Chroma Remix),ビートまりお × 黒魔,STD 3 | STD 7 | STD 12+ | STD 15,200,X-VERSE,
1737,niconico,モ　ミ　ア　ゲ　ヲ　シ　ャ　カ　ア　ゲ　ヲ,ぬぬぬぬぬぬぬぬぬぬぬぬぬぬぬぬぬぬぬぬぬぬぬぬぬぬぬぬぬぬぬぬぬぬぬぬぬぬぬぬぬぬぬぬぬぬぬぬぬぬぬぬぬぬぬぬぬぬぬぬぬぬぬ,STD 2 | STD 6 | STD 10 | STD 13,160,X-VERSE,
1736,niconico,テトリス,柊マグネタイト,STD 3 | STD 5 | STD 10 | STD 14,170,X-VERSE,
1735,niconico,ラヴィ,すりぃ,STD 3 | STD 6 | STD 9+ | STD 13 | STD 14+,183,X-VERSE,
1734,POPS & ANIME,はいよろこんで,こっちのけんと,STD 2 | STD 6 | STD 9 | STD 12+,147,X-VERSE,
1733,POPS & ANIME,モエチャッカファイア,弌誠「ゲーム『ゼンレスゾーンゼロ』エレン・ジョー 同人イメージソング」,STD 3 | STD 6 | STD 10 | STD 12+ | STD 14,163,X-VERSE,
1732,POPS & ANIME,TAIDADA,ずっと真夜中でいいのに。,STD 2 | STD 5 | STD 9 | STD 13,144,X-VERSE,
1731,VARIETY,彩りキャンバス,SUGAR RUSH「ブルーアーカイブ -Blue Archive-」,STD 3 | STD 5 | STD 9+ | STD 13+,180,X-VERSE,
1730,VARIETY,Unwelcome School,Mitsukiyo「ブルーアーカイブ -Blue Archive-」,STD 3 | STD 6 | STD 10+ | STD 13+ | STD 15,180,X-VERSE,
1729,VARIETY,RE Aoharu,Nor「ブルーアーカイブ -Blue Archive-」,STD 2 | STD 6 | STD 10 | STD 13,180,X-VERSE,
1728,ゲキマイ,Galaxy Blaster,ああああ,STD 5 | STD 8 | STD 12 | STD 14+,208,VERSE,
1727,ゲキマイ,Swift Swing,Laur,STD 3 | STD 6 | STD 11 | STD 14+,150,VERSE,
1726,ゲキマイ,デスパレイト,owl＊tree,STD 3 | STD 6 | STD 10 | STD 13+,145,VERSE,
1725,ゲキマイ,7thSense,削除,STD 4 | STD 7 | STD 12 | STD 14+,150,VERSE,
1724,ゲキマイ,BOUNCE & DANCE,IOSYS TRAX,STD 3 | STD 7 | STD 11 | STD 14+,135,VERSE,
1723,VARIETY,A c i - L,-45,STD 3 | STD 6 | STD 13 | STD 15,162,VERSE,acil|aci
1722,POPS & ANIME,Running to the straight ver1.01,Shade feat.仲村芽衣子,STD 3 | STD 6 | STD 10 | STD 13,129,VERSE,
1721,ORIGINAL,Crossmythos Rhapsodia,Acotto vs Potwi,STD 6 | STD 9+ | STD 14+ | STD 15+,198,VERSE,穿魂|十字神话狂想曲|十字|狂想曲|暗黑美竹兰
1720,VARIETY,Southern Cross,403,STD 3 | STD 7 | STD 11+ | STD 14+,171,VERSE,南十字
1719,POPS & ANIME,you (Vocal),作詞、Vocal：癒月 作編曲：dai,STD 1 | STD 5 | STD 8 | STD 13,87,VERSE,
1718,POPS & ANIME,Paradoxes,富田美憂「デート・ア・ライブ」,STD 1 | STD 4 | STD 8+ | STD 12,166,VERSE,
1717,ORIGINAL,MegiddØ,BlackY VS 大国奏音,STD 5 | STD 8+ | STD 14 | STD 15+,180,VERSE,大奶机枪男|大奈机枪男|在思考要不要攻击|白毛大奶机枪男|思考要不要攻击|megiddo
1716,VARIETY,ひつぎとふたご,plastic feat. サキト,STD 3 | STD 6 | STD 10+ | STD 15,172,VERSE,
1715,niconico,ゆりかご,歌：可不 作詞：MIMI　作曲：MIMI 「神椿市協奏中。」,STD 2 | STD 4 | STD 9 | STD 13,120,VERSE,
1714,niconico,月光,歌：V.I.P 作詞：廉　作曲：廉 「神椿市協奏中。」,STD 4 | STD 7+ | STD 11 | STD 14,195,VERSE,月光
1713,VARIETY,Destined Marionette,ビートまりお,STD 3 | STD 6 | STD 12+ | STD 14+,186,VERSE,
1712,東方Project,"Help me, ERINNNNNN!!",ビートまりお,STD 3 | STD 6 | STD 10+ | STD 14,185,VERSE,
1711,東方Project,超最終鬼畜妹フランドール・S,ビートまりお×まろん,STD 4 | STD 7+ | STD 12 | STD 15,210,VERSE,超最终鬼畜妹
1710,VARIETY,宵の平安京 Stargazer,永田泰之,STD 3 | STD 7 | STD 11 | STD 15,268,VERSE,
1709,イロドリミドリ,We Are Us(IOSYS TRAX Remix),舞ヶ原シンセ研究会,STD 3 | STD 5 | STD 10+ | STD 13+,160,VERSE,
1708,niconico,ザムザ,てにをは,STD 2 | STD 5 | STD 9+ | STD 13+,121,VERSE,
1707,niconico,イガク,原口沙輔 feat.重音テト,STD 3 | STD 6 | STD 10+ | STD 13+,170,VERSE,
1706,POPS & ANIME,革命ダンス,柳場ぱんだ(CV.大空直美)、与那国緋花里(CV.下地紫野)「ワールドダイスター 夢のステラリウム」,STD 3 | STD 5 | STD 9+ | STD 13,174,VERSE,
1705,POPS & ANIME,I Wanna,静香(CV.長谷川育美)「ワールドダイスター 夢のステラリウム」,STD 4 | STD 7 | STD 14 | STD 15,200,VERSE,我想|iw
1704,POPS & ANIME,シリウスの輝きのように,鳳 ここな(CV.石見舞菜香)、静香(CV.長谷川育美)、カトリナ・グリーベル(CV.天城サリー)、新妻八恵(CV.長縄まりあ)、柳場ぱんだ(CV.大空直美)、流石知冴(CV.佐々木李子)「ワールドダイスター 夢のステラリウム」,STD 3 | STD 6 | STD 10 | STD 13 | STD 14+,158,VERSE,
1703,WORLD'S END,Sunlight Starlight,Palme,WE 【蔵】☆☆☆☆,,VERSE,
1702,WORLD'S END,Blue Noise,from PACA PACA PASSION,WE 【敷】☆☆,,VERSE,蓝噪音|屎|答辩|大便|粪便
1701,WORLD'S END,BRAND NEW STARS!! (ALKALOID ver.),歌：ALKALOID 作詞：こだまさおり　作曲：桑原聖（Arte Refact）、編曲：脇眞富（Arte Refact）,WE 【招】☆☆☆☆☆,,VERSE,
1700,ゲキマイ,躯樹の墓守,隣の庭は青い(庭師+Aoi),STD 5 | STD 8 | STD 13+ | STD 15,211,VERSE,墓守|躯世的墓琴|躯树|去世的木琴
1699,niconico,ハオ,DECO*27,STD 3 | STD 6 | STD 9 | STD 12+,176,VERSE,
1698,niconico,あいたい星人,DECO*27,STD 3 | STD 5 | STD 9+ | STD 13,150,VERSE,
1697,niconico,ラビットホール,DECO*27,STD 3 | STD 7 | STD 11 | STD 13+,173,VERSE,
1696,ORIGINAL,HeinousЯeaper,seatrus,STD 4 | STD 8 | STD 14 | STD 15,201,VERSE,heinousreaper|死神
1695,ORIGINAL,jaQup,owl＊tree,STD 4 | STD 7+ | STD 13 | STD 14,133,VERSE,
1694,ORIGINAL,ずんずんサファリ,ずんずんサファリ,STD 3 | STD 7 | STD 11 | STD 14+,150,VERSE,zunzun|zunzunsafari|safari
1693,ORIGINAL,旅星に渇く,Yu-dachi,STD 4 | STD 7+ | STD 12+ | STD 14+,142,VERSE,
1692,POPS & ANIME,殺屋中毒,cresc.,STD 2 | STD 6 | STD 10+ | STD 13+,230,VERSE,杀屋中毒|杀屋
1691,WORLD'S END,猫祭り,箱部 なる(CV:M・A・O),WE 【嘘】☆☆,,X-VERSE-X,猫寄|猫祭
1690,ゲキマイ,淵底のグレイ・ユークロニア,打打だいず vs. siromaru vs. Tanchiky,STD 5 | STD 8 | STD 13+ | STD 15,210,VERSE,渊底
1689,niconico,Nyan Cat,daniwellP feat. 桃音モモ,STD 2 | STD 6 | STD 12 | STD 14,142,VERSE,
1688,ゲキマイ,本能的 Survivor,曲：eba／歌：⊿TRiEDGE [高瀬 梨緒(CV：久保 ユリカ)、結城 莉玖(CV：朝日奈 丸佳)、藍原 椿(CV：橋本 ちなみ)],STD 3 | STD 6 | STD 10 | STD 13+,190,VERSE,
1687,niconico,黒塗り世界宛て書簡,フロクロ,STD 3 | STD 6 | STD 10+ | STD 13+,185,VERSE,
1686,niconico,ライアーダンサー,マサラダ,STD 3 | STD 6 | STD 9 | STD 13,170,VERSE,
1685,niconico,オーバーライド,吉田夜世,STD 4 | STD 6 | STD 10 | STD 13+ | STD 14+,204,VERSE,覆盖
1684,niconico,人マニア,原口沙輔 feat.重音テト,STD 3 | STD 5 | STD 10 | STD 14,150,VERSE,
1683,POPS & ANIME,Surprising Thanks!! (Crazy:B ver.),歌：Crazy:B 作詞：松井洋平　作曲 / 編曲：伊藤和馬 (Arte Refact),STD 3 | STD 5 | STD 9 | STD 13,135,VERSE,
1682,POPS & ANIME,One with One (Eden ver.),歌：Eden 作詞：こだま さおり　作曲 / 編曲：佐藤 厚仁（Dream Monster）,STD 3 | STD 5 | STD 9 | STD 13+,148,VERSE,
1681,POPS & ANIME,BRAND NEW STARS!! (ALKALOID ver.),歌：ALKALOID 作詞：こだまさおり　作曲：桑原聖（Arte Refact）、編曲：脇眞富（Arte Refact）,STD 3 | STD 5 | STD 10 | STD 12+,235,VERSE,
1680,POPS & ANIME,ONLY YOUR STARS!（Trickstar Ver.）,歌：Trickstar 作詞：松井洋平　作曲/編曲：中土智博（APDREAM）,STD 2 | STD 5 | STD 9+ | STD 13,186,VERSE,
1679,VARIETY,INFiNiTE ENERZY -Overdoze-,Reku Mochizuki,STD 4 | STD 7 | STD 13 | STD 14,180,VERSE,屁股肉|臀大肌|判定线不动最多16.3|infinity overdoze
1678,ORIGINAL,Crush the Dystopia,"MintJam vs Masahiro ""Godspeed"" Aoki",STD 5 | STD 8 | STD 13 | STD 15,205,VERSE,乌托邦|反乌托邦
1677,ORIGINAL,Aether Crest: Celestial,void (Mournfinale) × 水野健治,STD 5 | STD 8+ | STD 14 | STD 15+,180,VERSE,acc|光看大雷|ac：c|ac:c|光光看大雷
1676,WORLD'S END,おくすり飲んで寝よう,もちうつね,WE 【狂】☆☆☆☆,,VERSE,
1675,WORLD'S END,What's up? Pop!,Capchii,WE 【招】☆☆☆☆,,VERSE,屎|wup|pjsk|初音未来|master37|我草屎|我擦跑|卧槽屎
1674,WORLD'S END,カオスが極まる,UNISON SQUARE GARDEN「ブルーロック」,WE 【両】☆,,VERSE,
1673,niconico,リアライズ,柊マグネタイト,STD 3 | STD 5 | STD 9+ | STD 12+,150,VERSE,
1672,niconico,新人類,まらしぃ×じん×堀江晶太(kemu) feat.鏡音リン,STD 3 | STD 5 | STD 9 | STD 13+,144,VERSE,新人类
1671,niconico,ももいろの鍵,いよわ,STD 3 | STD 5 | STD 10 | STD 13+,165,VERSE,桃色
1670,niconico,ノンブレス・オブリージュ,ピノキオピー,STD 3 | STD 7 | STD 10+ | STD 14,148,VERSE,
1669,niconico,ありふれたせかいせいふく,ピノキオピー,STD 3 | STD 5 | STD 9 | STD 13+,150,VERSE,
1668,イロドリミドリ,We don't need tears!,舞ヶ原シンセ研究会,STD 3 | STD 5 | STD 9+ | STD 13+,140,VERSE,
1667,ORIGINAL,〚空虚〛 ～Pyrophilia,Black Box × Spyro Kong,STD 4 | STD 7+ | STD 13 | STD 14+,135,VERSE,空虚|史
1666,ORIGINAL,〚盲従〛 ～Fantasia Sonata Flower,P3-Studio,STD 4 | STD 6 | STD 12+ | STD 14+,190,VERSE,盲从
1665,ORIGINAL,〚献身〛 ～Paradox of Choice,Jehezukiel × KURORAK (feat. HideKy),STD 5 | STD 8 | STD 13+ | STD 14+,282,VERSE,献身|雅迪
1664,ORIGINAL,〚隔絶〛 ～Flame of Determination,TERU FOX × Yukino feat. Iris,STD 3 | STD 5 | STD 11 | STD 14,150,VERSE,隔绝
1663,VARIETY,キミとボクへの葬送歌,ROKINA,STD 4 | STD 8 | STD 13+ | STD 15,220,VERSE,葬送歌
1662,VARIETY,VOLT,aran「グルーヴコースター」,STD 3 | STD 6 | STD 10+ | STD 13+,174,VERSE,伏特
1661,VARIETY,It's a pit world,Shohei Tsuchiya(ZUNTATA)「グルーヴコースター」,STD 2 | STD 5 | STD 9 | STD 13,140,VERSE,
1660,VARIETY,Black MInD,COSIO「グルーヴコースター」,STD 4 | STD 7+ | STD 12+ | STD 15,192,VERSE,blackmind
1659,ゲキマイ,Lostwizz,s-don,STD 3 | STD 6 | STD 12+ | STD 14,155,VERSE,
1658,POPS & ANIME,ジョハリ,Nornis,STD 3 | STD 5 | STD 9+ | STD 13,167,VERSE,
1657,VARIETY,Not On The Sidelines - Street Fighter 6 Main Theme,"Rocco808,Randy Marx,GRP,寺山善也「ストリートファイター6」",STD 3 | STD 6 | STD 10 | STD 13,180,VERSE,
1656,niconico,ジェヘナ,wotaku,STD 2 | STD 5 | STD 10 | STD 14,128,VERSE,
1655,niconico,夜もすがら君想ふ (10th Anniv.),TOKOTOKO（西沢さんP）,STD 2 | STD 5 | STD 9 | STD 13,148,VERSE,
1654,niconico,あいのうた,大漠波新,STD 2 | STD 6 | STD 10 | STD 13+,139,VERSE,
1653,ORIGINAL,激烈!!!!ファミレスガールは帰しま1000!!!!,南ノ南 feat.9Lana,STD 3 | STD 7 | STD 13 | STD 14,201,VERSE,
1652,VARIETY,Tempestissimo,t+pazolite「Arcaea」,STD 5 | STD 9 | STD 13+ | STD 14+,231,VERSE,风暴|雅迪|儿歌|香草|tempest
1651,VARIETY,Ringed Genesis,Edelritter「Arcaea」,STD 3 | STD 6 | STD 11 | STD 14,160,VERSE,rg
1650,VARIETY,Tie me down gently,溝口ゆうま feat. 大瀬良あい「Arcaea」,STD 3 | STD 6 | STD 10+ | STD 14,191,VERSE,
1649,VARIETY,inkar-usi,DIA「Arcaea」,STD 1 | STD 5 | STD 10 | STD 13,102,VERSE,inkar
1648,WORLD'S END,Ever green Never end,月鈴 白奈(CV:高野 麻里佳),WE 【翔】☆☆,,VERSE,
1647,WORLD'S END,花と、雪と、ドラムンベース。,kanone feat. せんざい,WE 【撃】☆☆☆☆,,VERSE,花一轮
1646,WORLD'S END,ジングルベル,SEGA Sound Unit[H.],WE 【改】☆☆☆,,VERSE,圣诞歌|圣诞|屎|鸡公煲|金钩表
1645,POPS & ANIME,Fighting My Way,歌：花海咲季 (CV. 長月あおい) 作詞：HIROMI　作曲・編曲：Giga「学園アイドルマスター」,STD 2 | STD 5 | STD 10 | STD 13+,132,VERSE,战斗我的路|战斗我的🦌|fmw
1644,POPS & ANIME,Campus mode!!,歌：初星学園 作詞作曲：田淵智也 編曲：滝澤俊輔（TRYTONELABO）「学園アイドルマスター」,STD 3 | STD 6 | STD 9+ | STD 12+ | STD 14,183,VERSE,
1643,POPS & ANIME,アイデンティティ（104期NEW Ver.）,みらくらぱーく！[大沢瑠璃乃(CV.菅 叶和)、藤島 慈(CV.月音こな)、安養寺姫芽(CV.来栖りん)]「Link！Like！ラブライブ！」,STD 3 | STD 6 | STD 10+ | STD 14,202,VERSE,
1642,POPS & ANIME,KNOT（104期Ver.）,DOLLCHESTRA[村野さやか(CV.野中ここな)、夕霧綴理(CV.佐々木琴子)、徒町小鈴(CV.葉山風花)]「Link！Like！ラブライブ！」,STD 3 | STD 6 | STD 9 | STD 13,174,VERSE,
1641,POPS & ANIME,眩耀夜行（104期Ver.）,スリーズブーケ[日野下花帆(CV.楡井希実)、乙宗 梢(CV.花宮初奈)、百生吟子(CV.櫻井陽菜)]「Link！Like！ラブライブ！」,STD 3 | STD 5 | STD 9 | STD 13,158,VERSE,
1640,ORIGINAL,Theatore Creatore,Toby Fox & かめりあ,STD 5 | STD 9+ | STD 12+ | STD 14 | STD 15,185,VERSE,创作剧场
1639,ORIGINAL,The Devil Incarnate,Laur,STD 5 | STD 10 | STD 14 | STD 15,250,VERSE,恶魔|魔鬼化身
1638,ORIGINAL,Oracle,DJ Noriken,STD 3 | STD 7+ | STD 13 | STD 14+,205,VERSE,oracle|甲骨文
1637,ORIGINAL,Crystallize,Lime,STD 3 | STD 6 | STD 10 | STD 14,148,VERSE,
1636,ORIGINAL,房総★ミラクル☆てんたくる!?,MOSAIC.WAV,STD 3 | STD 6 | STD 10 | STD 14,155,VERSE,
1635,ORIGINAL,ラブリージャッジメント,いるかアイス feat.ちょこ,STD 2 | STD 5 | STD 10+ | STD 13+,288,VERSE,
1634,ORIGINAL,ドリームケッチャー,OUTLOUD feat.NG。,STD 3 | STD 6 | STD 9 | STD 12,164,VERSE,
1633,ORIGINAL,メッちゅう殴打,STEAKA feat.山田じぇみ子,STD 3 | STD 6 | STD 11+ | STD 14,178,VERSE,青蛙地雷女
1632,ゲキマイ,"≠彡""/了→",水野健治,STD 4 | STD 7+ | STD 13 | STD 15,222,VERSE,你爹来了|太空熊
1631,ゲキマイ,Ai C,Feryquitous,STD 3 | STD 7 | STD 13 | STD 14+,191,VERSE,aic|三小只
1630,ゲキマイ,イルミネーション,曲：央海加亥／歌：柏木 咲姫(CV：石見 舞菜香),STD 3 | STD 5 | STD 8 | STD 12+,131,VERSE,
1629,イロドリミドリ,カモンゴー！,HaNaMiNa,STD 3 | STD 5 | STD 9+ | STD 13+,200,VERSE,
1628,VARIETY,Chronomia,Lime,STD 4 | STD 8 | STD 12+ | STD 14+,227,VERSE,天文钟
1627,VARIETY,Synthesis.,tn-shi,STD 3 | STD 8 | STD 12 | STD 15,180,VERSE,综合
1626,VARIETY,Igallta,Se-U-Ra「Phigros」,STD 4 | STD 8+ | STD 12 | STD 15,230,VERSE,屁股肉|iga
1625,東方Project,有頂天ドリーマーズ,森羅万象,STD 3 | STD 6 | STD 9 | STD 12+,188,VERSE,
1624,niconico,好きな惣菜発表ドラゴン,ンバヂ,STD 3 | STD 5 | STD 7+ | STD 13+,160,VERSE,
1623,niconico,絶対敵対メチャキライヤー,メドミア,STD 3 | STD 6 | STD 10 | STD 13,190,VERSE,
1622,niconico,メズマライザー,サツキ feat.初音ミク・重音テト,STD 3 | STD 6 | STD 10+ | STD 13 | STD 14+,185,VERSE,催眠术
1621,POPS & ANIME,VERSE,KMNZ,STD 2 | STD 5 | STD 9 | STD 13,127,VERSE,诗
1620,POPS & ANIME,愛包ダンスホール,HIMEHINA,STD 3 | STD 6 | STD 9+ | STD 12+ | STD 14,141,VERSE,
1619,POPS & ANIME,ビビデバ,星街すいせい（ホロライブ）,STD 3 | STD 5 | STD 10+ | STD 12+ | STD 14,120,VERSE,
1618,POPS & ANIME,晴る,ヨルシカ,STD 2 | STD 5 | STD 8+ | STD 11+ | STD 14,204,VERSE,
1617,POPS & ANIME,On your mark (104期 Ver.),蓮ノ空女学院スクールアイドルクラブ「Link！Like！ラブライブ！」,STD 3 | STD 6 | STD 9+ | STD 12+ | STD 14,154,VERSE,
1616,ゲキマイ,群青シグナル,テヅカ feat. 獅子神レオナ,STD 3 | STD 6 | STD 10 | STD 13+,206,LUMINOUS PLUS,
1615,ゲキマイ,NAGAREBOSHI☆ROCKET,梅干茶漬け,STD 3 | STD 6 | STD 12 | STD 14,216,LUMINOUS PLUS,
1614,ゲキマイ,超熊猫的周遊記（ワンダーパンダートラベラー）,FANTAGIRAFF,STD 4 | STD 6 | STD 13 | STD 14+,158,LUMINOUS PLUS,超熊猫
1613,ゲキマイ,Flower,曲：白戸佑輔(Dream Monster)／歌：ASTERISM [星咲 あかり(CV：赤尾 ひかる)、藤沢 柚子(CV：久保田 梨沙)、三角 葵(CV：春野 杏)],STD 3 | STD 6 | STD 9+ | STD 12+,168,LUMINOUS PLUS,花|扶老二|街机公交车
1612,イロドリミドリ,Here the Our MIRAI!,イロドリミドリ,STD 3 | STD 6 | STD 10 | STD 13+,190,LUMINOUS PLUS,
1611,ORIGINAL,Forsaken Tale,t+pazolite,STD 5 | STD 12 | STD 14 | STD 15+,221,LUMINOUS PLUS,奶龙|仁王盾|forsakentale|str没ajc|ft
1610,niconico,自称、音楽愛好家,卯花ロク,STD 2 | STD 5 | STD 9+ | STD 13,154,LUMINOUS PLUS,
1609,niconico,まにまに,r-906,STD 3 | STD 6 | STD 10 | STD 13+,174,LUMINOUS PLUS,任之随之
1608,niconico,What's up? Pop!,Capchii,STD 4 | STD 8 | STD 14 | STD 15,190,LUMINOUS PLUS,屎|wup|pjsk|初音未来|master37|我草屎|我擦跑|卧槽屎
1607,POPS & ANIME,Sleep Walking Orchestra,BUMP OF CHICKEN,STD 2 | STD 5 | STD 9 | STD 11+,127,LUMINOUS PLUS,
1606,ORIGINAL,Acid God,Yuta Imai,STD 4 | STD 9+ | STD 13+ | STD 15,160,LUMINOUS PLUS,酸神|柠檬酸|nms
1605,ゲキマイ,MeteorSnow,あず♪,STD 5 | STD 8 | STD 13+ | STD 15,220,LUMINOUS PLUS,陨石雪
1604,WORLD'S END,分からない,ろん×黒魔,WE 【？】☆☆,,LUMINOUS PLUS,不知道|哇卡拉奶|我不知道|我不到啊|这
1603,WORLD'S END,Reverberate,とろまる,WE 【半】☆☆☆,,LUMINOUS PLUS,灯泡头|灯泡人|灯泡男|雅迪|sarc609|灯泡男人
1602,WORLD'S END,マツケンサンバⅡ,松平健 [covered by 光吉猛修],WE 【狂】☆☆,,LUMINOUS PLUS,
1601,ORIGINAL,Tuatha Dé Danann,"深淵を覗きし者""Gram""",STD 5 | STD 10 | STD 14 | STD 15+,234,LUMINOUS PLUS,雅迪|damn|白开水|模板|预制菜|预制|tdd|丹努之子|预制谱
1600,ORIGINAL,LibrariA,ルゼ,STD 4 | STD 7+ | STD 13 | STD 15,190,LUMINOUS PLUS,儿也|libraria|赫拉3|赫拉三|图书馆|hera3
1599,ORIGINAL,Fire Engine73,AJURIKA,STD 3 | STD 7 | STD 12 | STD 13+,155,LUMINOUS PLUS,
1598,ORIGINAL,Lovely Lovely Lover,EmoCosine,STD 3 | STD 5 | STD 11+ | STD 14,160,LUMINOUS PLUS,
1597,ゲキマイ,Death Doll,SHIKI,STD 3 | STD 6 | STD 11 | STD 14,184,LUMINOUS PLUS,死亡娃娃|死娃娃
1596,POPS & ANIME,特者生存ワンダラダー!!,天音かなた（ホロライブ）,STD 3 | STD 6 | STD 10 | STD 13,216,LUMINOUS PLUS,
1595,POPS & ANIME,モンダイナイトリッパー！,名取さな,STD 3 | STD 5 | STD 9+ | STD 13 | STD 14,180,LUMINOUS PLUS,
1594,POPS & ANIME,ハートサーモグラフィー,周防パトラ,STD 3 | STD 5 | STD 9 | STD 13,180,LUMINOUS PLUS,
1593,niconico,マシンガンポエムドール,cosMo＠暴走P「プロジェクトセカイ カラフルステージ！ feat. 初音ミク」,STD 4 | STD 8+ | STD 13+ | STD 15,220,LUMINOUS PLUS,机关枪|机枪诗歌
1592,イロドリミドリ,Rhythmic Ride,明坂 芹菜(CV:新田 恵海),STD 3 | STD 6 | STD 10 | STD 13+,230,LUMINOUS PLUS,节奏骑|节奏之旅
1591,niconico,ずんだパーリナイ,なみぐる feat.ずんだもん,STD 3 | STD 6 | STD 8+ | STD 13+,150,LUMINOUS PLUS,俊达萌派对之夜|俊达萌
1590,niconico,スコーピオンガールの貴重な捕食シーン,STEAKA,STD 3 | STD 6 | STD 10 | STD 14,152,LUMINOUS PLUS,
1589,POPS & ANIME,迷星叫,MyGO!!!!!,STD 3 | STD 5 | STD 9+ | STD 12+,190,LUMINOUS PLUS,mygo
1588,POPS & ANIME,壱雫空,MyGO!!!!!,STD 3 | STD 5 | STD 10+ | STD 14,204,LUMINOUS PLUS,mygo
1587,ORIGINAL,ソーシャルワンダーランド,テヅカ x Aoi feat.すずしろ,STD 3 | STD 6 | STD 11 | STD 14+,212,LUMINOUS PLUS,
1586,ORIGINAL,おしゃまなプリンセス,Shu feat. 七海うらら,STD 3 | STD 6 | STD 11 | STD 14+,200,LUMINOUS PLUS,
1585,ORIGINAL,乙女戦士☆あーし。,A4。 feat.yamada.,STD 2 | STD 6 | STD 10 | STD 13+,105,LUMINOUS PLUS,
1584,ORIGINAL,X.Y.Z.,Len feat.SHIKI,STD 2 | STD 6 | STD 9+ | STD 13,128,LUMINOUS PLUS,xyz|坐标系
1583,ゲキマイ,Dramatic…?,曲：Kijibato／歌：星咲 あかり(CV：赤尾 ひかる)、珠洲島 有栖(CV：長縄 まりあ)、日向 千夏(CV：岡咲 美保)、皇城 セツナ(CV：八巻 アンナ),STD 3 | STD 6 | STD 11 | STD 14,184,LUMINOUS PLUS,
1582,ORIGINAL,優勝Princess♡,高瀬一矢 feat.R.I.N.A,STD 2 | STD 5 | STD 9 | STD 13,140,LUMINOUS PLUS,
1581,POPS & ANIME,M.L.V.G,テトラルキア「Re:ステージ！プリズムステップ」,STD 3 | STD 6 | STD 11 | STD 14,190,LUMINOUS PLUS,mlvg
1580,POPS & ANIME,ハッピータイフーン,KiRaRe「Re:ステージ！プリズムステップ」,STD 3 | STD 5 | STD 9 | STD 12,152,LUMINOUS PLUS,
1579,東方Project,ヒトリシズカ(Arranged: Iceon),幽閉サテライト(direction:嵯峨飛鳥),STD 1 | STD 5 | STD 9 | STD 11+,126,LUMINOUS PLUS,
1578,東方Project,壊れた人形のマーチ,少女理論観測所,STD 2 | STD 6 | STD 8+ | STD 12,132,LUMINOUS PLUS,坏人形
1577,ゲキマイ,Latent Kingdom,Laur vs 大国奏音,STD 4 | STD 9 | STD 13 | STD 15,201,LUMINOUS PLUS,lk|潜在王国
1576,WORLD'S END,Elemental Creation,dj TAKA meets DJ YOSHITAKA,WE 【跳】☆☆☆☆,,LUMINOUS PLUS,忍者|少打音游多读书|读书|读书郎|元素创造
1575,WORLD'S END,《種子》 ～ Set You Free,Iris,WE 【翔】☆☆☆,,LUMINOUS PLUS,种子
1574,WORLD'S END,異星にいこうね,いよわ　feat.星界,WE 【翔】☆☆,,LUMINOUS PLUS,
1573,VARIETY,Make Up Your World feat. キョンシーのCiちゃん & らっぷびと,t+pazolite & Srav3R,STD 3 | STD 6 | STD 10+ | STD 13,180,LUMINOUS PLUS,
1572,VARIETY,Poppin' Dream,P*Light,STD 3 | STD 6 | STD 10 | STD 13+,175,LUMINOUS PLUS,
1571,VARIETY,Joe Fight,DJ Myosuke,STD 3 | STD 7+ | STD 12 | STD 14,175,LUMINOUS PLUS,屎|地雷|乔|乔打架
1570,VARIETY,NIGHTWAVE FRAGMENTS,DJ Noriken,STD 3 | STD 6 | STD 12 | STD 14,190,LUMINOUS PLUS,
1569,POPS & ANIME,トゥッティ！,北宇治カルテット [黄前久美子 (CV.黒沢ともよ)、加藤葉月 (CV.朝井彩加)、川島緑輝 (CV.豊田萌絵)、高坂麗奈 (CV.安済知佳)]「響け！ユーフォニアム」,STD 3 | STD 6 | STD 9+ | STD 12+,194,LUMINOUS PLUS,
1568,イロドリミドリ,Presence,小仏 凪(CV:佐倉 薫),STD 2 | STD 5 | STD 9 | STD 12+,142,LUMINOUS PLUS,
1567,POPS & ANIME,ReCoda,TRUE「響け！ユーフォニアム３」,STD 2 | STD 6 | STD 8+ | STD 12,142,LUMINOUS PLUS,
1566,ゲキマイ,チューリングの跡,Frums,STD 4 | STD 7 | STD 14 | STD 15,180,LUMINOUS PLUS,图灵
1565,ORIGINAL,黎命に殉ず,Koke,STD 4 | STD 8 | STD 13+ | STD 15,240,LUMINOUS PLUS,黎命殉|老公|巴西安
1564,ORIGINAL,Elusive Enforcer,K-forest vs. Reku Mochizuki,STD 3 | STD 7+ | STD 12 | STD 14,185,LUMINOUS PLUS,
1563,ORIGINAL,Malleus Maleficarum,Felysrator,STD 3 | STD 7 | STD 11+ | STD 14+,213,LUMINOUS PLUS,
1562,ORIGINAL,Overhea[r]t,打打だいず,STD 3 | STD 7+ | STD 12 | STD 14+,185,LUMINOUS PLUS,
1561,ORIGINAL,DRE4M1N9,Lamanya,STD 3 | STD 7+ | STD 12+ | STD 13+,67,LUMINOUS PLUS,
1560,niconico,アプリコット,いよわ,STD 3 | STD 6 | STD 10 | STD 13+,160,LUMINOUS PLUS,
1559,niconico,熱異常,いよわ,STD 3 | STD 7 | STD 11+ | STD 14,183,LUMINOUS PLUS,热异常
1558,niconico,1000年生きてる,いよわ,STD 2 | STD 6 | STD 9+ | STD 12+,100,LUMINOUS PLUS,
1557,niconico,匿名M,ピノキオピー,STD 3 | STD 6 | STD 8+ | STD 13,140,LUMINOUS PLUS,
1556,niconico,おくすり飲んで寝よう,もちうつね,STD 3 | STD 6 | STD 9 | STD 12+,130,LUMINOUS PLUS,
1555,ゲキマイ,Stardust:RAY,kanone vs. BlackY,STD 4 | STD 9 | STD 13+ | STD 15,164,LUMINOUS PLUS,雅迪|刹那|老婆|星尘|星尘光
1554,WORLD'S END,強風オールバック,ゆこぴ,WE 【避】☆☆,,LUMINOUS PLUS,强风大背头|强风
1553,WORLD'S END,強風オールバック,ゆこぴ,WE 【弾】☆☆☆,,LUMINOUS PLUS,强风大背头|强风
1552,WORLD'S END,強風オールバック,ゆこぴ,WE 【戻】☆☆☆,,LUMINOUS PLUS,强风大背头|强风
1551,niconico,デビルじゃないもん,"DECO*27, ピノキオピー",STD 3 | STD 6 | STD 9+ | STD 12,154,LUMINOUS PLUS,
1550,ORIGINAL,コメクエスト,ELEMENTAS feat.miko,STD 3 | STD 6 | STD 10+ | STD 13+,157,LUMINOUS PLUS,
1549,ORIGINAL,リ・フィクション・O,sasakure.UK feat.ピリオ,STD 5 | STD 9+ | STD 13+ | STD 15,244,LUMINOUS PLUS,铁锭
1548,ORIGINAL,わたしはオッセルヴァトリーチェ！,アオワイファイ feat.秋山雫,STD 3 | STD 6 | STD 10 | STD 13,195,LUMINOUS PLUS,
1547,ORIGINAL,イーヴィルガール,Fushi feat.吉乃,STD 3 | STD 7 | STD 11 | STD 14,180,LUMINOUS PLUS,
1546,ORIGINAL,幻想ロードオブキング,DJ SHARPNEL feat. 相川なつ,STD 4 | STD 7+ | STD 11 | STD 14+,210,LUMINOUS PLUS,地雷|大扔子|保护交互
1545,ORIGINAL,バッドトリッパー,マイキP,STD 2 | STD 5 | STD 8 | STD 12,120,LUMINOUS PLUS,
1544,ゲキマイ,其のエメラルドを見よ,庭師,STD 4 | STD 8+ | STD 12+ | STD 15,183,LUMINOUS PLUS,其见|三小只
1543,ゲキマイ,夏宵スターマイン,曲：本多友紀（Arte Refact）／歌：オンゲキシューターズ,STD 2 | STD 6 | STD 9+ | STD 12+,136,LUMINOUS PLUS,
1542,イロドリミドリ,The Greatest Night,御形 アリシアナ(CV:福原 綾香),STD 3 | STD 6 | STD 10+ | STD 13,205,LUMINOUS PLUS,
1541,VARIETY,ヒュブリスの頂に聳えるのは,qfeileadh feat.のあ,STD 3 | STD 7 | STD 12+ | STD 14+,158,LUMINOUS PLUS,西伯利斯
1540,VARIETY,Rrhar'il,Team Grimoire「Phigros」,STD 4 | STD 9+ | STD 12+ | STD 15,190,LUMINOUS PLUS,rr|猫娘|屁股肉|rrhar
1539,東方Project,マツヨイナイトバグ,ビートまりおとまろん,STD 3 | STD 7 | STD 11 | STD 14,190,LUMINOUS PLUS,
1538,niconico,寝起きヤシの木,ゆこぴ,STD 3 | STD 6 | STD 9 | STD 12+,160,LUMINOUS PLUS,
1537,niconico,ÅMARA (大未来電脳),sasakure.UK,STD 4 | STD 9 | STD 13 | STD 14+,115,LUMINOUS PLUS,大未来电脑|amara
1536,POPS & ANIME,美少女無罪♡パイレーツ,宝鐘マリン（ホロライブ）,STD 3 | STD 6 | STD 9+ | STD 12+,170,LUMINOUS PLUS,
1535,POPS & ANIME,唱,Ado,STD 2 | STD 5 | STD 8 | STD 12+ | STD 14,132,LUMINOUS PLUS,
1534,POPS & ANIME,カオスが極まる,UNISON SQUARE GARDEN「ブルーロック」,STD 3 | STD 6 | STD 10 | STD 13+,195,LUMINOUS PLUS,
1533,POPS & ANIME,勇者,YOASOBI「葬送のフリーレン」,STD 3 | STD 6 | STD 8+ | STD 13,104,LUMINOUS PLUS,芙莉莲
1532,ゲキマイ,Alcyone,PRASTIK DANCEFLOOR,STD 3 | STD 7+ | STD 12 | STD 14+,176,LUMINOUS,
1531,ゲキマイ,Beautiful Future,PSYQUI,STD 3 | STD 7 | STD 11+ | STD 13+,172,LUMINOUS,
1530,ゲキマイ,Stargazing Dreamer,xi,STD 4 | STD 8+ | STD 12 | STD 14+,202,LUMINOUS,江江
1529,ゲキマイ,Prominence,曲：下野 隼／歌：皇城 セツナ(CV：八巻 アンナ)、式宮 碧音(CV：髙橋 ミナミ),STD 4 | STD 8 | STD 11 | STD 14,220,LUMINOUS,
1528,ゲキマイ,Jump!! Jump!! Jump!!,曲：宮崎誠／歌：オンゲキシューターズ,STD 3 | STD 6 | STD 9 | STD 12+,183,LUMINOUS,跳跳跳
1527,VARIETY,XING,ginkiha「Muse Dash」,STD 3 | STD 7 | STD 10+ | STD 13+,177,LUMINOUS,性
1526,VARIETY,Cthugha,USAO「Muse Dash」,STD 4 | STD 8 | STD 12 | STD 14+,213,LUMINOUS,火球|屎|屁股肉金曲
1525,VARIETY,それはもうらぶちゅ,タケノコ少年 feat. 周央サンゴ（にじさんじ）「Muse Dash」,STD 3 | STD 6 | STD 9+ | STD 12+,191,LUMINOUS,
1524,VARIETY,Rush B,iKz「Muse Dash」,STD 3 | STD 6 | STD 10+ | STD 13+,175,LUMINOUS,
1523,VARIETY,MuseDashを作っているPeroPeroGamesさんが倒産しちゃったよ～,立秋 feat.ちょこ「Muse Dash」,STD 5 | STD 8+ | STD 12 | STD 14+,210,LUMINOUS,
1522,ORIGINAL,Ultimate Force,削除,STD 5 | STD 10 | STD 14 | STD 15+,270,LUMINOUS,雅迪|终极力量|uf|c1500
1521,イロドリミドリ,ALL I WANNA DO,月鈴 白奈(CV:高野 麻里佳),STD 3 | STD 6 | STD 9+ | STD 12+,170,LUMINOUS,
1520,niconico,ヒアソビ,かめりあ,STD 2 | STD 6 | STD 10+ | STD 13+,134,LUMINOUS,
1519,niconico,flos,R Sound Design,STD 1 | STD 5 | STD 8+ | STD 12,118,LUMINOUS,
1518,niconico,アンダーキッズ,ツユ,STD 4 | STD 7 | STD 9 | STD 13+,225,,
1517,POPS & ANIME,とまどい→レシピ,みかくにんぐッ！「未確認で進行形」,STD 3 | STD 6 | STD 8 | STD 11+,170,LUMINOUS,
1516,ORIGINAL,Dèfandour,BlackY,STD 3 | STD 7 | STD 12 | STD 14+,154,LUMINOUS,defandour|视奸|南半球
1515,ORIGINAL,crazy (about you),kamome sano,STD 3 | STD 5 | STD 11+ | STD 14,145,LUMINOUS,
1514,ゲキマイ,HECATONCHEIR,Yuta Imai,STD 3 | STD 7 | STD 11+ | STD 14,155,LUMINOUS PLUS,
1513,WORLD'S END,ガチ恋ラビリンス,森羅万象,WE 【改】☆☆☆,,LUMINOUS,
1512,WORLD'S END,タイムカプセル,天月-あまつき-,WE 【時】☆☆☆,,,
1511,WORLD'S END,セガサターン起動音[H.][Remix],Hiro,WE 【舞】☆☆☆☆,,LUMINOUS,上虹推荐|启动音|土星
1510,ゲキマイ,四月の雨,cubesato,STD 1 | STD 5 | STD 11+ | STD 13+,79,LUMINOUS,四月的雨|四月雨
1509,VARIETY,Stronghold LandEater,Cosmograph「勝利の女神：NIKKE」,STD 3 | STD 6 | STD 11 | STD 13+,170,LUMINOUS,
1508,VARIETY,Burn it All,Cosmograph「勝利の女神：NIKKE」,STD 3 | STD 7 | STD 12 | STD 14+,219,LUMINOUS,烧完|nikke|妮姬
1507,東方Project,インターネットサバイバー,あやぽんず＊ feat.ビートまりお × まろん,STD 3 | STD 7 | STD 11 | STD 13,172,LUMINOUS,
1506,POPS & ANIME,INTERNET YAMERO,Aiobahn feat. KOTOKO「NEEDY GIRL OVERDOSE」,STD 3 | STD 7 | STD 10 | STD 14,185,LUMINOUS,地雷女|超天酱
1505,WORLD'S END,ラストバトル ～サシュウとの戦い～,「IRODORIMIDORI FANTASY VII ～悠久のマイガハラント～」より,WE 【嘘】☆☆☆,,X-VERSE-X,
1504,WORLD'S END,【ゆっくり実況】ゆっくりペンギンが怒槌をやってみた！ Part1,ゲキ！チュウマイ公式ちゃんねる,WE 【嘘】☆☆☆☆,,X-VERSE-X,
1503,東方Project,ユックリ feat.餅千歳,まろん × COOL&CREATE,STD 3 | STD 7 | STD 10 | STD 12+,188,LUMINOUS,
1502,VARIETY,Love's Theme of BADASS ～バッド・アス 愛のテーマ～,Hommarju,STD 3 | STD 7+ | STD 12+ | STD 14,202,LUMINOUS,拔大蒜|坏屁股|badass
1501,VARIETY,Ωκεανος,cosMo＠暴走P,STD 3 | STD 6 | STD 12+ | STD 14,196,LUMINOUS,一串希腊字母|okeavoc|海神|Oceanus
1500,VARIETY,Longinus,xi,STD 4 | STD 9 | STD 13+ | STD 14+,212,LUMINOUS,朗基努斯
1499,VARIETY,GIGA BLAST,Blacklolita,STD 4 | STD 7 | STD 12 | STD 15,210,LUMINOUS,强抬切|大裤衩|裤衩|gigablast|李咏|gg爆|特大爆|假几把|巨爆
1498,VARIETY,D-Birth,削除,STD 3 | STD 7 | STD 11+ | STD 13+,187,LUMINOUS,
1497,ゲキマイ,Catch Me If You Can,曲：TAKU INOUE／歌：早乙女 彩華(CV：中島 唯),STD 2 | STD 5 | STD 10 | STD 13+,130,LUMINOUS,如果你能抓住我
1496,niconico,ブラック★ロックシューター,supercell feat.初音ミク,STD 3 | STD 5 | STD 8+ | STD 12,165,LUMINOUS,黑岩射手
1495,niconico,ミラクルペイント,OSTER project,STD 3 | STD 6 | STD 10 | STD 12,215,LUMINOUS,
1494,POPS & ANIME,パラレルサーチライト,名取さな,STD 3 | STD 6 | STD 9+ | STD 13,190,LUMINOUS,
1493,POPS & ANIME,海に化ける,花譜,STD 3 | STD 6 | STD 9+ | STD 13,190,LUMINOUS,海化
1492,POPS & ANIME,不可解,花譜,STD 2 | STD 5 | STD 9 | STD 12+,134,LUMINOUS,
1491,ORIGINAL,ラストピースに祝福と栄光を,cosMo＠暴走P,STD 5 | STD 10 | STD 14 | STD 15+,280,LUMINOUS,祝福荣光|祝福|荣光|希望泪2|红豆泥私密马赛
1490,ゲキマイ,Mutation,Laur,STD 4 | STD 9 | STD 12+ | STD 15,155,LUMINOUS,木糖醇|突变
1489,ORIGINAL,First Light,Carpainter,STD 2 | STD 5 | STD 10 | STD 13+,132,LUMINOUS,
1488,ORIGINAL,Overturn,Mameyudoufu feat.Kanata.N,STD 3 | STD 7 | STD 11 | STD 14,175,LUMINOUS,
1487,ORIGINAL,ワーカーホリック,ミディ feat.小鈴,STD 2 | STD 5 | STD 9+ | STD 13,146,LUMINOUS,狮子
1486,ORIGINAL,Sunlight Starlight,Palme,STD 3 | STD 5 | STD 10+ | STD 14,184,LUMINOUS,
1485,ORIGINAL,lucky omen,TEMPLIME feat.星宮とと,STD 2 | STD 6 | STD 10 | STD 13+,131,LUMINOUS,抹茶旦旦
1484,WORLD'S END,レーイレーイ,かいりきベア feat.松下,WE 【？】☆☆,,LUMINOUS,
1483,WORLD'S END,うまぴょい伝説,スペシャルウィーク （CV.和氣あず未）、サイレンススズカ （CV.高野麻里佳）、トウカイテイオー （CV.Machico）,WE 【両】☆☆,,,
1482,WORLD'S END,シル・ヴ・プレジデント,P丸様。,WE 【敷】☆,,LUMINOUS,
1481,ゲキマイ,Adverse Gaff,siromaru,STD 3 | STD 8 | STD 13 | STD 14+,160,LUMINOUS,小机械头|机械头2|机械头二
1480,イロドリミドリ,ラビットランド・メッセンジャー,天王洲 なずな(CV:山本 彩乃),STD 3 | STD 5 | STD 9 | STD 13,120,LUMINOUS,
1479,niconico,バグ,かいりきベア,STD 3 | STD 6 | STD 10 | STD 13+,186,LUMINOUS,
1478,niconico,イナイイナイ依存症,かいりきベア feat.GUMI・鏡音リン,STD 3 | STD 7+ | STD 11 | STD 14,294,LUMINOUS,
1477,VARIETY,ENERGY SYNERGY MATRIX,Tanchiky,STD 3 | STD 7 | STD 11 | STD 14,160,LUMINOUS,esm
1476,POPS & ANIME,Stellar Stellar,星街すいせい（ホロライブ）,STD 3 | STD 6 | STD 10 | STD 13+,178,LUMINOUS,
1475,POPS & ANIME,ひめごと＊クライシスターズ,ONIMAI SISTERS（高野麻里佳・石原夏織・金元寿子・津田美波）「お兄ちゃんはおしまい！」,STD 3 | STD 6 | STD 9+ | STD 13,183,LUMINOUS,
1474,POPS & ANIME,アイデン貞貞メルトダウン,えなこ feat. P丸様。「お兄ちゃんはおしまい！」,STD 3 | STD 5 | STD 9+ | STD 11+,155,LUMINOUS,
1473,niconico,天使のクローバー,DIVELA / 鏡音リン / MORE MORE JUMP！「プロジェクトセカイ カラフルステージ！ feat. 初音ミク」,STD 3 | STD 6 | STD 9 | STD 12+,193,LUMINOUS,
1472,niconico,てらてら,和田たけあき / 初音ミク / Leo/need「プロジェクトセカイ カラフルステージ！ feat. 初音ミク」,STD 3 | STD 7 | STD 9 | STD 12+,190,LUMINOUS,
1471,niconico,ロウワー,ぬゆり / MEIKO / 25時、ナイトコードで。「プロジェクトセカイ カラフルステージ！ feat. 初音ミク」,STD 2 | STD 6 | STD 10+ | STD 13+,132,LUMINOUS,
1470,niconico,Glory Steady Go!,キノシタ / 巡音ルカ / ワンダーランズ×ショウタイム「プロジェクトセカイ カラフルステージ！ feat. 初音ミク」,STD 2 | STD 5 | STD 9 | STD 12+,131,LUMINOUS,
1469,niconico,Beat Eater,ポリスピカデリー / 鏡音レン / Vivid BAD SQUAD「プロジェクトセカイ カラフルステージ！ feat. 初音ミク」,STD 2 | STD 5 | STD 8+ | STD 13,137,LUMINOUS,
1468,VARIETY,New York Back Raise,saaa + kei_iwata + stuv + わかどり,STD 3 | STD 7 | STD 11+ | STD 14,160,LUMINOUS,纽约赌场|赌场
1467,VARIETY,ΩΩPARTS,かめりあ,STD 4 | STD 8 | STD 13+ | STD 15,205,LUMINOUS,oo|ooparts|oopart|oop|面向对象设计原则|面向对象原则|op
1466,VARIETY,Spasmodic,姜米條「Phigros」,STD 3 | STD 7+ | STD 12+ | STD 14+,200,LUMINOUS,痉挛|成主角了|成陪衬了|大哥上楼梯|屁股肉的歌
1465,VARIETY,VALLIS-NERIA,DJ YOSHITAKA,STD 3 | STD 7+ | STD 13+ | STD 14+,185,LUMINOUS,雅迪|苦草
1464,VARIETY,Blow My Mind,3R2「Cytus Ⅱ」,STD 3 | STD 6 | STD 11+ | STD 14,175,LUMINOUS,bmm
1463,niconico,おどロボ,海茶・多良レイト,STD 3 | STD 5 | STD 9 | STD 12+,145,LUMINOUS,
1462,niconico,リレイアウター,稲葉曇,STD 3 | STD 6 | STD 9 | STD 13+,151,LUMINOUS,中继输出者
1461,POPS & ANIME,さくゆいたいそう,さくゆい,STD 3 | STD 6 | STD 9+ | STD 11+,160,LUMINOUS,
1460,WORLD'S END,人生攻略☆Tips,れるりり feat.konoco,WE 【割】☆,,LUMINOUS,人生攻略
1459,WORLD'S END,フリーフォール,Zekk「WACCA」,WE 【跳】☆,,,自由落体
1458,WORLD'S END,セカイはまだ始まってすらいない,ピノキオピー / 初音ミク / ワンダーランズ×ショウタイム「プロジェクトセカイ カラフルステージ！ feat. 初音ミク」,WE 【招】☆,,,
1457,ゲキマイ,SILENT BLUE,かねこちはる,STD 4 | STD 7+ | STD 13 | STD 14,210,LUMINOUS,sb|静蓝
1456,ORIGINAL,liberate,somunia × nyankobrq,STD 3 | STD 6 | STD 10 | STD 13,174,LUMINOUS,
1455,ORIGINAL,驚異の魔法,長瀬有花,STD 2 | STD 7 | STD 11 | STD 13+,140,LUMINOUS,
1454,ORIGINAL,ウニの歌,周防パトラ,STD 4 | STD 7+ | STD 11 | STD 14+,210,LUMINOUS,污泥|屎|乌尼|wuni|海胆|uni
1453,ORIGINAL,ZegalltA,Se-U-Ra,STD 4 | STD 9+ | STD 13 | STD 15,234,LUMINOUS,zga|屎|zega|史歌|泽格塔
1452,ORIGINAL,colorful,higma feat.ほとけ,STD 3 | STD 6 | STD 10 | STD 13,182,LUMINOUS,
1451,ORIGINAL,MyPaceInvention,キツネリ feat.わかばやし,STD 3 | STD 6 | STD 9+ | STD 12,186,LUMINOUS,
1450,ORIGINAL,君と夏色っ！～わんダフルバケーション～,コバヤシユウヤ（IOSYS） feat.まるもこ,STD 3 | STD 6 | STD 10 | STD 12+,155,LUMINOUS,
1449,ORIGINAL,少女PastQ,雄之助 feat.ねんね,STD 2 | STD 5 | STD 8+ | STD 11+,135,LUMINOUS,
1448,ゲキマイ,Sage,かめりあ,STD 3 | STD 7+ | STD 13 | STD 14+,145,LUMINOUS,撒哥
1447,ゲキマイ,MarbleBlue.,MisoilePunch♪,STD 4 | STD 8+ | STD 13+ | STD 15,198,LUMINOUS,妈宝蓝|大理石蓝|蓝弹珠
1446,ゲキマイ,オン×ステージ！,曲：塩野 海／歌：星咲 あかり(CV：赤尾 ひかる)、式宮 舞菜(CV：牧野 天音),STD 3 | STD 6 | STD 8+ | STD 12,170,LUMINOUS,
1445,イロドリミドリ,どこにもいかない,箱部 なる(CV:M・A・O),STD 2 | STD 5 | STD 9+ | STD 12,146,LUMINOUS,
1444,VARIETY,Big Bang,Massive New Krew「WACCA」,STD 4 | STD 7 | STD 12 | STD 15,160,LUMINOUS,大爆炸|大棒|大爆
1443,VARIETY,Jakarta PROGRESSION,KURORAK「Cytus Ⅱ」,STD 2 | STD 7 | STD 12 | STD 14,140,LUMINOUS,雅加达
1442,VARIETY,華麗なる死闘,Toby Fox「UNDERTALE」,STD 3 | STD 6 | STD 11 | STD 13+,148,LUMINOUS,一场壮丽的殊死搏斗|殊死搏斗|MTT
1441,VARIETY,本物のヒーローとの戦い,Toby Fox「UNDERTALE」,STD 3 | STD 6 | STD 11+ | STD 14+,150,LUMINOUS,决心鱼|鱼姐|安黛因
1440,niconico,星界ちゃんと可不ちゃんのおつかい合騒曲,南ノ南,STD 3 | STD 7+ | STD 12 | STD 14,220,LUMINOUS,屎|ba|星姐
1439,niconico,強風オールバック,ゆこぴ,STD 2 | STD 5 | STD 8+ | STD 12+,135,LUMINOUS,强风大背头|强风
1438,niconico,ラブカ？,柊キライ,STD 2 | STD 7 | STD 10 | STD 13+,135,LUMINOUS,
1437,POPS & ANIME,STORM,JAM Project featuring 水木一郎、影山ヒロノブ,STD 2 | STD 5 | STD 9 | STD 12,137,LUMINOUS,风暴
1436,POPS & ANIME,アイドル,YOASOBI,STD 3 | STD 5 | STD 9+ | STD 12+,166,LUMINOUS,星野爱|idol|偶像
1435,POPS & ANIME,マツケンサンバⅡ,松平健 [covered by 光吉猛修],STD 2 | STD 5 | STD 9+ | STD 12+,133,LUMINOUS,
1434,POPS & ANIME,"トウキョウ・シャンディ・ランデヴ feat. 花譜, ツミキ",MAISONdes,STD 2 | STD 6 | STD 10 | STD 13,137,LUMINOUS,
1433,POPS & ANIME,可愛くてごめん,HoneyWorks feat. ちゅーたん(CV:早見沙織),STD 3 | STD 5 | STD 9 | STD 11+,160,LUMINOUS,这么可爱真是抱歉|果咩
1432,POPS & ANIME,ALIVE,ClariS「リコリス・リコイル」,STD 3 | STD 6 | STD 9 | STD 12+,180,LUMINOUS,
1431,ゲキマイ,Yorugao,An & Ryunosuke Kudo,STD 3 | STD 7+ | STD 12 | STD 14+,182,SUN PLUS,犹乳膏|屎|大便|犹如高|有乳膏|夜颜|紫黑
1430,ゲキマイ,Paradisoda,魂音泉,STD 2 | STD 5 | STD 9 | STD 12+,135,SUN PLUS,苏打
1429,ゲキマイ,ワンダーシャッフェンの法則,アリスシャッハと魔法の楽団,STD 3 | STD 6 | STD 10 | STD 14,170,SUN PLUS,百合咲
1428,ゲキマイ,Singularity,technoplanet,STD 3 | STD 9+ | STD 13+ | STD 15,200,SUN PLUS,寄点|奇点|理财产品
1427,ゲキマイ,Let's Starry Party！,曲：原田篤（Arte Refact）／歌：⊿TRiEDGE [高瀬 梨緒(CV：久保 ユリカ)、結城 莉玖(CV：朝日奈 丸佳)、藍原 椿(CV：橋本 ちなみ)],STD 2 | STD 6 | STD 10 | STD 12,108,SUN PLUS,
1426,POPS & ANIME,未来への咆哮,JAM Project feat. 影山ヒロノブ・遠藤正明・きただにひろし・福山芳樹,STD 2 | STD 6 | STD 8 | STD 11+,140,SUN PLUS,未来咆哮
1425,POPS & ANIME,ドーナドーナのうた,水夏える feat.月乃,STD 2 | STD 6 | STD 8+ | STD 12,152,SUN PLUS,
1424,POPS & ANIME,Love Cheat!,MOSAIC.WAV,STD 3 | STD 7+ | STD 9+ | STD 13+,195,SUN PLUS,
1423,ゲキマイ,GEOMETRIC DANCE,山本真央樹,STD 3 | STD 8+ | STD 12 | STD 14+,150,SUN PLUS,几何舞|理财产品
1422,POPS & ANIME,キズナヒトツ,ムラサメ (CV：佐藤 みかん) 「千恋＊万花」,STD 2 | STD 5 | STD 8 | STD 10+,112,SUN PLUS,
1421,POPS & ANIME,茉子の日常,常陸 茉子 (CV：小鳥居 夕花) 「千恋＊万花」,STD 3 | STD 5 | STD 8+ | STD 12,160,SUN PLUS,柚子厨|茉子的日常|常陆茉子
1420,ゲキマイ,sølips,rintaro soma,STD 4 | STD 9+ | STD 13+ | STD 15,199,SUN PLUS,嗦|solips|蓝的盘|一百块
1419,ゲキマイ,ぽかぽか温泉音頭,曲：橘亮祐、篠崎あやと／歌：三角 葵(CV：春野 杏)、逢坂 茜(CV：大空 直美)、日向 千夏(CV：岡咲 美保),STD 3 | STD 5 | STD 9 | STD 12,150,SUN PLUS,
1418,ORIGINAL,Chaotic Ørder,TAG VS Kai,STD 5 | STD 11 | STD 14 | STD 15+,165,SUN PLUS,超市点单|chaoticorder|chaotic order|oo|co|点单|超市点餐|混沌指令|混沌秩序
1417,VARIETY,Wildfire,USAO,STD 4 | STD 9 | STD 13 | STD 14+,208,SUN PLUS,野火|台球
1416,VARIETY,Odin,Gram,STD 3 | STD 8+ | STD 13+ | STD 15,200,SUN PLUS,艾伦沃克|奥丁|费大|阿兰走路人
1415,VARIETY,Breaking Dawn (feat. 棗いつき),Getty & Kobaryo,STD 3 | STD 7 | STD 10 | STD 13,180,SUN PLUS,
1414,VARIETY,めっちゃ煽ってくるタイプの音ゲーボス曲ちゃんなんかに負けないが？？？？？,t+pazolite feat. ななひら,STD 3 | STD 8 | STD 11+ | STD 14+,222,SUN PLUS,
1413,VARIETY,HiGHER,REDALiCE,STD 3 | STD 7 | STD 11 | STD 13+,169,SUN PLUS,更高
1412,東方Project,シアワセうさぎ,ビートまりお＋あまね（COOL&CREATE）,STD 3 | STD 5 | STD 9 | STD 12,140,SUN PLUS,
1411,東方Project,カリスマ煉獄天神,森羅万象,STD 2 | STD 6 | STD 9 | STD 12+,137,SUN PLUS,
1410,ゲキマイ,Regulus,お月さま交響曲,STD 4 | STD 9+ | STD 11+ | STD 14,212,SUN PLUS,大扔子|巨乳|热咕噜|星锑
1409,イロドリミドリ,Λlteration,小仏 凪(CV:佐倉 薫)＆月鈴 白奈(CV:高野 麻里佳)＆御形 アリシアナ(CV:福原 綾香)＆桔梗 小夜曲(CV:原田 彩楓),STD 3 | STD 6 | STD 10 | STD 14,140,SUN PLUS,alteration
1408,POPS & ANIME,Goodbye Innocence,She is Legend「ヘブンバーンズレッド」,STD 3 | STD 6 | STD 10 | STD 12+,175,SUN PLUS,
1407,POPS & ANIME,Sad Creature,麻枝 准×やなぎなぎ「ヘブンバーンズレッド」,STD 3 | STD 6 | STD 9+ | STD 12+,176,SUN PLUS,
1406,ゲキマイ,反撃! 突撃! Back To Back!,曲：矢鴇つかさ & 脇眞富（Arte Refact）／歌：星咲 あかり(CV：赤尾 ひかる)、高瀬 梨緒(CV：久保 ユリカ),STD 3 | STD 6 | STD 8+ | STD 13,136,SUN PLUS,反击|反击突击
1405,ORIGINAL,"《創造》 ～ Cries, beyond The End",Katzeohr & Spiegel,STD 4 | STD 9+ | STD 13+ | STD 15,215,SUN PLUS,创造
1404,ORIGINAL,《慈雨》 ～ La Symphonie de Salacia: Agony Movement,Jehezukiel (feat.Sagi & KURORAK),STD 2 | STD 6 | STD 11+ | STD 14,144,SUN PLUS,慈雨|丛雨
1403,ORIGINAL,《散華》 ～ EMBARK,Farhan Sarasin,STD 3 | STD 6 | STD 10+ | STD 13,170,SUN PLUS,散华
1402,ORIGINAL,《楽土》 ～ One and Only One,Victor Kong & Yukino,STD 3 | STD 5 | STD 11 | STD 13+,132,SUN PLUS,乐土
1401,ORIGINAL,《真紅》 ～ Pavane Pour La Flamme,林柏勲 Bo-Xun Lin feat.幻子 Maboroshiko,STD 3 | STD 6 | STD 11 | STD 14,165,SUN PLUS,真红
1400,WORLD'S END,月の光,大国奏音「原曲:ドビュッシー」,WE 【蔵】☆☆☆☆,,,月光|德彪西|月的光
1399,WORLD'S END,M.S.S.Planet,M.S.S Project,WE 【割】☆☆☆,,SUN PLUS,
1398,WORLD'S END,ETERNAL DRAIN,カラフル・サウンズ・ポート,WE 【狂】☆☆☆,,SUN PLUS,
1397,ゲキマイ,Vibes 2k20,Sound Artz,STD 2 | STD 7+ | STD 11+ | STD 14,149,SUN PLUS,雅迪|2020
1396,イロドリミドリ,ONE SAME GOAL,箱部 なる(CV:M・A・O)＆藤堂 陽南袴(CV:八島 さらら)＆天王洲 なずな(CV:山本 彩乃),STD 2 | STD 6 | STD 10 | STD 13+,150,SUN PLUS,
1395,niconico,snooze,wotaku feat. SHIKI,STD 2 | STD 7+ | STD 10 | STD 13+,150,SUN PLUS,屎
1394,niconico,ちょっとあざとい,才歌,STD 2 | STD 6 | STD 8+ | STD 12,165,SUN PLUS,
1393,niconico,あなたは世界の終わりにずんだを食べるのだ,なみぐる,STD 2 | STD 5 | STD 7+ | STD 12+,140,SUN PLUS,
1392,ゲキマイ,スン(マイル)フラワー～Sun(Mile)Flower,曲：Funta7／歌：星咲 あかり(CV：赤尾 ひかる)、日向 千夏(CV：岡咲 美保),STD 3 | STD 6 | STD 9 | STD 12+,160,SUN PLUS,
1391,VARIETY,セガサターン起動音[H.][Remix],Hiro,STD 2 | STD 5 | STD 10 | STD 14,148,SUN PLUS,上虹推荐|启动音|土星
1390,VARIETY,ばかみたい【Taxi Driver Edition】,桐生一馬(黒田崇矢),STD 1 | STD 5 | STD 8 | STD 13,74,SUN PLUS,
1389,POPS & ANIME,story,前島麻由「異世界おじさん」,STD 3 | STD 7 | STD 10 | STD 13+,220,SUN PLUS,
1388,niconico,いつかオトナになれるといいね。,ツユ,STD 3 | STD 6 | STD 9+ | STD 12+,176,,
1387,POPS & ANIME,#あくあ色ぱれっと,湊あくあ（ホロライブ）,STD 2 | STD 5 | STD 9 | STD 11+,156,SUN PLUS,阿夸
1386,POPS & ANIME,Night Spider,▽▲TRiNITY▲▽,STD 2 | STD 5 | STD 9 | STD 13,130,SUN PLUS,
1385,ゲキマイ,Cult future,LV.4,STD 3 | STD 8+ | STD 12+ | STD 15,175,SUN PLUS,🥚|天使尘2|邪教未来
1384,イロドリミドリ,リハーサルタイム,明坂 芹菜(CV:新田 恵海)＆萩原 七々瀬(CV:東城 日沙子)＆芒崎 奏(CV:立花 理香),STD 2 | STD 5 | STD 8+ | STD 12+,130,SUN PLUS,
1383,ORIGINAL,βlαnoir,Aoi,STD 4 | STD 9 | STD 13+ | STD 15,202,SUN PLUS,大贝塔|ba|碧蓝档案|蔚蓝档案|blanoir|βα|bla|黑白
1382,ORIGINAL,空間創造理論,Sound piercer,STD 3 | STD 7 | STD 12 | STD 14+,138,SUN PLUS,空间创造理论
1381,ORIGINAL,Superbia,Team Grimoire,STD 4 | STD 9 | STD 13+ | STD 14+,195,SUN PLUS,超级胸罩
1380,ORIGINAL,夢と幻想の終点にて,しーけー,STD 3 | STD 7 | STD 11 | STD 14,230,SUN PLUS,
1379,WORLD'S END,お空のニュークリアフュージョン道場,ARM＋夕野ヨシミ (IOSYS) feat. 藤枝あかね,WE 【両】☆☆,,,
1378,WORLD'S END,モア！ジャンプ！モア！,ナユタン星人 / 初音ミク / MORE MORE JUMP！「プロジェクトセカイ カラフルステージ！ feat. 初音ミク」,WE 【跳】☆☆☆,,SUN PLUS,mjm|more jump more|元气少女蹦蹦蹦
1377,WORLD'S END,Revived,UNDEAD CORPORATION,WE 【狂】☆☆☆,,SUN PLUS,
1376,ゲキマイ,夏色花火,"曲：穴山大輔, 水野健治／歌：藤沢 柚子(CV：久保田 梨沙)、早乙女 彩華(CV：中島 唯)",STD 1 | STD 4 | STD 8+ | STD 11,85,SUN PLUS,
1375,niconico,ド屑,なきそ,STD 2 | STD 6 | STD 10 | STD 13,115,SUN PLUS,
1374,niconico,悪魔の踊り方,キタニタツヤ,STD 2 | STD 5 | STD 8 | STD 12+,106,SUN PLUS,
1373,niconico,異星にいこうね,いよわ　feat.星界,STD 3 | STD 6 | STD 11 | STD 13,192,SUN PLUS,
1372,niconico,カノン,柊マグネタイト　feat.可不,STD 3 | STD 6 | STD 9 | STD 12+,185,SUN PLUS,
1371,niconico,花となれ,雄之助　feat. 可不,STD 2 | STD 5 | STD 9 | STD 11+,130,SUN PLUS,
1370,ゲキマイ,Aiolos,xi,STD 4 | STD 9 | STD 13+ | STD 15,205,SUN PLUS,啊米诺斯
1369,ORIGINAL,deadeye,Acotto,STD 4 | STD 8+ | STD 12+ | STD 14+,167,SUN PLUS,死眼
1368,ORIGINAL,REL0VE REL1VE,CHUBAY×打打だいず,STD 3 | STD 8 | STD 12+ | STD 13+,155,SUN PLUS,
1367,ORIGINAL,白庭,くるぶっこちゃん,STD 4 | STD 8 | STD 12 | STD 14,111,SUN PLUS,
1366,ORIGINAL,とあちゃんのおもちゃ箱,linear ring,STD 2 | STD 9 | STD 12 | STD 14+,106,SUN PLUS,玩具箱
1365,ORIGINAL,うたかたのせかいで,DJ Raisei vs. Setca. feat.nayuta,STD 3 | STD 8 | STD 13 | STD 14+,216,SUN PLUS,导师2|泡沫世界|导师|utakatanosekaide|米姆2
1364,POPS & ANIME,ハイファイ☆デイズ,佐々木千枝、櫻井桃華、市原仁奈、龍崎薫、赤城みりあ「アイドルマスター シンデレラガールズ」,STD 3 | STD 6 | STD 9+ | STD 12+,191,SUN PLUS,
1363,ゲキマイ,シンデレラディスコ,曲：橘亮祐、篠崎あやと／歌：藍原 椿(CV：橋本 ちなみ)、早乙女 彩華(CV：中島 唯),STD 2 | STD 6 | STD 8 | STD 12,130,SUN PLUS,
1362,VARIETY,Survive,Kevin Penkin feat. Nikki Simmons「Cytus Ⅱ」,STD 2 | STD 7+ | STD 11 | STD 13+,131,SUN PLUS,
1361,VARIETY,Hydra,James Landino X Akira Complex「Cytus Ⅱ」,STD 3 | STD 8 | STD 11+ | STD 14,160,SUN PLUS,石|hydra|嗨爪|九头蛇
1360,POPS & ANIME,よりみちリトルスター,U149　TVアニメ「アイドルマスター シンデレラガールズ U149」,STD 3 | STD 6 | STD 9 | STD 12+,189,SUN PLUS,
1359,POPS & ANIME,Shine In The Sky☆,U149　TVアニメ「アイドルマスター シンデレラガールズ U149」,STD 3 | STD 6 | STD 8+ | STD 12,170,SUN PLUS,
1358,niconico,ゴー・トゥ・大都会,"月裏, ニャン・トンロン",STD 3 | STD 6 | STD 11 | STD 14,128,,
1357,niconico,独りんぼエンヴィー,koyori（電ポルP）,STD 2 | STD 5 | STD 8 | STD 11,132,SUN PLUS,虾|ebi
1356,ゲキマイ,LiftOff,MAYA AKAI,STD 2 | STD 7+ | STD 12 | STD 14+,137,SUN PLUS,妈呀阿卡伊
1355,イロドリミドリ,Snow Colored Score,イロドリミドリ,STD 3 | STD 5 | STD 8+ | STD 11+ | STD 14,164,SUN PLUS,
1354,POPS & ANIME,放課後マーメイド,しぐれうい,STD 3 | STD 6 | STD 9 | STD 12,164,SUN PLUS,
1353,POPS & ANIME,Pris-Magic!,しぐれうい,STD 2 | STD 5 | STD 8+ | STD 13,126,SUN PLUS,
1352,東方Project,夜のサーカス,Liz Triangle,STD 3 | STD 7 | STD 9+ | STD 13+,192,SUN PLUS,
1351,東方Project,幻想症候群,幽閉サテライト,STD 2 | STD 5 | STD 9 | STD 11+,148,SUN PLUS,妹妹吃苹果
1350,VARIETY,Quon,DJ Noriken「WACCA」,STD 3 | STD 8 | STD 11 | STD 13+,170,SUN PLUS,
1349,VARIETY,Invisible Frenzy,Kobaryo「WACCA」,STD 4 | STD 9+ | STD 13 | STD 15,245,SUN PLUS,雅迪|IF|扑棱蛾子
1348,VARIETY,フリーフォール,Zekk「WACCA」,STD 3 | STD 8 | STD 11 | STD 14,180,SUN PLUS,自由落体
1347,VARIETY,neu,少年ラジオ,STD 3 | STD 9 | STD 13+ | STD 15,199,SUN PLUS,
1346,WORLD'S END,Aleph-0,LeaF,WE 【避】☆☆☆☆☆,,SUN PLUS,阿列夫|阿列夫0|aleph|琪露诺|AJ没鸟|AJ没鸟加|数学课堂|a0|臀萌金曲
1345,WORLD'S END,なにやってもうまくいかない,meiyo,WE 【光】☆☆,,,
1344,WORLD'S END,痛快リズムアクション「B.B.K.K.B.K.K.」,Sampling masters なる＆せりな feat.なでしこ,WE 【覚】☆☆,,,彩绿bk
1343,イロドリミドリ,プライマリー進化論,HaNaMiNa feat.芒崎 奏,STD 3 | STD 6 | STD 9 | STD 12+,158,SUN PLUS,
1342,ORIGINAL,Makear,MisoilePunch♪,STD 4 | STD 9+ | STD 14 | STD 15+,270,SUN PLUS,
1341,ORIGINAL,ASH,cubesato,STD 2 | STD 4 | STD 10 | STD 14,124,SUN PLUS,sx|wh
1340,ORIGINAL,Dive a Wave,蝶々P feat.くろくも,STD 2 | STD 5 | STD 9+ | STD 12+,134,SUN PLUS,
1339,ORIGINAL,やめらんないな!,薄塩指数 feat.KMNZ LIZ,STD 3 | STD 6 | STD 9 | STD 12,182,SUN PLUS,
1338,ORIGINAL,ウルガレオン,bermei.inazawa,STD 4 | STD 7+ | STD 13 | STD 14+,142,SUN PLUS,
1337,ゲキマイ,オンソクデイズ!!,cosMo＠暴走P,STD 5 | STD 8+ | STD 12+ | STD 14+,260,SUN PLUS,摇起来|三小只|音速日子|onsoku days
1336,ゲキマイ,LAMIA,BlackY,STD 3 | STD 9 | STD 14 | STD 15,199,SUN PLUS,刹那|香草|雅迪|拉面|拉米亚
1335,ゲキマイ,雷切-RAIKIRI-,kanone,STD 3 | STD 9 | STD 12+ | STD 14+,165,SUN PLUS,雷切
1334,VARIETY,もぺもぺ,LeaF,STD 2 | STD 5 | STD 12+ | STD 14,100,SUN PLUS,小花花|儿童鞋垫|儿童邪典|mopemope|儿童金曲|mope
1333,niconico,酔いどれ知らず,Kanaria,STD 2 | STD 5 | STD 10 | STD 13+,115,SUN PLUS,不知醉
1332,niconico,サラマンダー,DECO*27,STD 3 | STD 6 | STD 9 | STD 12,172,SUN PLUS,沙拉曼达|萨拉曼达
1331,niconico,カレシのジュード,syudou,STD 3 | STD 6 | STD 9+ | STD 13,165,SUN PLUS,男朋友
1330,POPS & ANIME,おとせサンダー,ぼっちぼろまる,STD 3 | STD 6 | STD 9+ | STD 11+,177,SUN PLUS,落下雷霆
1329,POPS & ANIME,刃渡り2億センチ(TV edit),マキシマム ザ ホルモン「チェンソーマン」,STD 2 | STD 7 | STD 12 | STD 14+,150,SUN PLUS,电锯人|屎|大便|2亿厘米大刀
1328,POPS & ANIME,祝福,YOASOBI「機動戦士ガンダム 水星の魔女」,STD 3 | STD 6 | STD 9 | STD 12,170,SUN PLUS,祝福|高达
1327,POPS & ANIME,新時代（ウタfrom ONE PIECE FILM RED）,Ado,STD 3 | STD 6 | STD 9 | STD 12,175,SUN PLUS,新时代
1326,POPS & ANIME,INTERNET OVERDOSE,Aiobahn feat. KOTOKO「NEEDY GIRL OVERDOSE」,STD 3 | STD 6 | STD 8+ | STD 13,163,SUN PLUS,主播女孩|地雷女|超天酱
1325,POPS & ANIME,ギターと孤独と蒼い惑星,結束バンド「ぼっち・ざ・ろっく！」,STD 3 | STD 6 | STD 9+ | STD 12,193,SUN PLUS,孤独摇滚|吉他与孤独与蓝色星球|孤独摇滚2
1324,POPS & ANIME,青春コンプレックス,結束バンド「ぼっち・ざ・ろっく！」,STD 3 | STD 6 | STD 9 | STD 12+,190,SUN PLUS,孤独摇滚|青春症候群
1323,ゲキマイ,STARRED HEART,曲：広川恵一 (MONACA)／歌：オンゲキシューターズ,STD 2 | STD 5 | STD 8 | STD 12,140,SUN PLUS,
1322,ゲキマイ,Resolution,曲：ANCHOR／歌：皇城 セツナ(CV：八巻 アンナ),STD 3 | STD 7 | STD 10+ | STD 13+,190,SUN,决心|刹那|老婆
1321,ゲキマイ,ぱくぱく☆がーる,曲：齋藤大／歌：珠洲島 有栖(CV：長縄 まりあ),STD 2 | STD 5 | STD 9+ | STD 12,121,SUN,江江报菜名
1320,ゲキマイ,MAXRAGE,EBIMAYO ,STD 4 | STD 9 | STD 12 | STD 14,222,SUN,满怒|极怒
1319,ゲキマイ,VIIIbit Explorer,Lime,STD 3 | STD 7+ | STD 12 | STD 14,188,SUN,8bit|八比特|浏览器
1318,ゲキマイ,超常マイマイン,ナユタン星人,STD 3 | STD 5 | STD 10 | STD 12,178,SUN,超常maimai
1317,ゲキマイ,SUPER AMBULANCE,AJURIKA,STD 3 | STD 8 | STD 13+ | STD 14+,200,SUN,超级救护车
1316,niconico,少女レイ,みきとP,STD 3 | STD 5 | STD 9 | STD 12,150,SUN,少女灵
1315,niconico,魔法少女とチョコレゐト,ピノキオピー,STD 3 | STD 5 | STD 8+ | STD 13,150,SUN,
1314,POPS & ANIME,五等分のカタチ,中野家の五つ子（花澤香菜・竹達彩奈・伊藤美来・佐倉綾音・水瀬いのり）「五等分の花嫁∬」,STD 2 | STD 6 | STD 9 | STD 11,158,SUN,五等分的花嫁|五等分
1313,WORLD'S END,4月1日でございました,Cranky,WE 【嘘】☆☆☆,,X-VERSE-X,愚人节|41|4月1日|屎|地雷|四月一|三月七
1312,WORLD'S END,【3Dサウンド】小夜ちゃんが秘密裏に手に入れたヤベエ機材でヤベエ音を録る話【イヤホン推奨】（EDテーマ：A.S.S.S.M.R.）,桔梗 小夜曲(CV:原田 彩楓),WE 【嘘】☆☆☆,,X-VERSE-X,
1311,ゲキマイ,Moon of Noon,Sampling Masters MEGA,STD 5 | STD 9+ | STD 12 | STD 14,200,SUN,月儿子|大便|屎
1310,VARIETY,「四季」より「冬」,光吉猛修「原曲:ヴィヴァルディ」,STD 3 | STD 6 | STD 12 | STD 14,150,SUN,四季|安东尼奥|维尔瓦第|四季冬
1309,VARIETY,月の光,大国奏音「原曲:ドビュッシー」,STD 6 | STD 7 | STD 10+ | STD 14+,98,SUN,月光|德彪西|月的光
1308,VARIETY,幻想即興曲,穴山大輔「原曲:ショパン」,STD 4 | STD 7+ | STD 12 | STD 15,160,SUN,肖邦|幻想即兴曲
1307,ゲキマイ,進め！マイウェイ！,曲：篠崎あやと、橘亮祐／歌：マーチングポケッツ [日向 千夏(CV：岡咲 美保)、柏木 美亜(CV：和氣 あず未)、東雲 つむぎ(CV：和泉 風花)],STD 2 | STD 5 | STD 9 | STD 12,160,SUN,
1306,VARIETY,Sheriruth,Team Grimoire「Arcaea」,STD 4 | STD 8+ | STD 12 | STD 14+,185,SUN,射日如桃花|sheriruth|黑魔王
1305,VARIETY,迷える音色は恋の唄,からとPαnchii少年 feat.はるの「Arcaea」,STD 3 | STD 5 | STD 10 | STD 13+,165,SUN,恋歌1|恋歌
1304,VARIETY,Alice's Suitcase,Endorfin.「Arcaea」,STD 3 | STD 6 | STD 9+ | STD 13,190,SUN,旅行箱|爱丽丝|alice|手提箱
1303,VARIETY,PRAGMATISM -RESURRECTION-,Laur「Arcaea」,STD 4 | STD 6 | STD 11+ | STD 14,174,SUN,白复生|白魔王|白魔王复生|白出生
1302,VARIETY,Alexandrite,WAiKURO「Arcaea」,STD 3 | STD 8 | STD 13 | STD 14,146,SUN,变石
1301,ゲキマイ,FLUFFY FLASH,Kobaryo,STD 4 | STD 9 | STD 12 | STD 14+,252,SUN,ff
1300,イロドリミドリ,Magic Rock'n Roll Maker,月鈴 白奈(CV:高野 麻里佳)＆葛城 華(CV:丸岡 和佳奈),STD 3 | STD 7+ | STD 9 | STD 12+,260,SUN,
1299,niconico,フューチャー・イヴ,sasakure.UK feat. 初音ミク,STD 5 | STD 7 | STD 10+ | STD 13+,190,SUN,future eve|初音未来
1298,niconico,ワールドイズマイン,supercell feat. 初音ミク,STD 3 | STD 5 | STD 8+ | STD 12,165,SUN,
1297,POPS & ANIME,だじゃれくりえぃしょん,名取さな,STD 3 | STD 7 | STD 9+ | STD 12,175,SUN,
1296,POPS & ANIME,アマカミサマ,名取さな,STD 3 | STD 6 | STD 9+ | STD 11+,174,SUN,
1295,ORIGINAL,To：Be Continued,uma vs. ガリガリさむし,STD 5 | STD 11+ | STD 14 | STD 15+,212,SUN,tbc|未完待续|理财产品
1294,ゲキマイ,RELOAD,sky_delta,STD 3 | STD 6 | STD 11 | STD 14,160,SUN,重载
1293,ゲキマイ,U&iVERSE -銀河鸞翔-,Kai VS 大国奏音 VS 水野健治,STD 4 | STD 7 | STD 10+ | STD 14,140,SUN,银河翱翔|银河鸾翔|银河鸟翔
1292,ゲキマイ,No Limit RED Force,曲：本多友紀（Arte Refact）／歌：オンゲキシューターズ,STD 2 | STD 6 | STD 8+ | STD 13,146,SUN,
1291,ORIGINAL,Daphnis,Sobrem a.k.a. Widowmaker,STD 5 | STD 9+ | STD 14 | STD 15+,204,SUN,大滨州|山东人|大扣西|扣西|雅迪|大滨周|老公|安夏尔|大奔周|dapenis|大几把
1290,ORIGINAL,Disruptor Array,Akira Complex vs kiraku,STD 5 | STD 10 | STD 14 | STD 15,230,SUN,阵列|破坏阵列|雅迪|破坏数组|矩阵
1289,ORIGINAL,Bitter Juicy,mommy,STD 2 | STD 7+ | STD 11+ | STD 13+,135,SUN,
1288,ORIGINAL,盟月,打打だいず,STD 4 | STD 9+ | STD 12+ | STD 14+,218,SUN,
1287,WORLD'S END,ホーリーサンバランド,SAMBA MASTER 佐藤,WE 【狂】☆☆☆☆☆,,,白桑巴|桑巴|理财产品
1286,WORLD'S END,Satellite System ft.Diana Chiaki,GRATEC MOUR「CROSSxBEATS」,WE 【止】☆☆☆☆,,,卫星系统|卫星
1285,WORLD'S END,The Metaverse -First story of the SeelischTact-,光吉猛修 VS 目黒将司,WE 【光】☆☆☆,,,元宇宙|metaverse|小鸡鸡伸过来让我砸一下|the|元|meta
1284,ゲキマイ,アマツカミ,a_hisa,STD 3 | STD 6 | STD 11 | STD 14,180,SUN,
1283,イロドリミドリ,痛快リズムアクション「B.B.K.K.B.K.K.」,Sampling masters なる＆せりな feat.なでしこ,STD 4 | STD 6 | STD 10 | STD 14,180,SUN,彩绿bk
1282,niconico,マーシャル・マキシマイザー,柊マグネタイト feat.可不,STD 3 | STD 7 | STD 9+ | STD 13+,190,SUN,
1281,niconico,キャットラビング,香椎モイミ,STD 3 | STD 6 | STD 9+ | STD 12,163,SUN,
1280,niconico,群青讃歌,Eve / 初音ミク、星乃一歌、花里みのり、小豆沢こはね、天馬司、宵崎奏「プロジェクトセカイ カラフルステージ！ feat. 初音ミク」,STD 2 | STD 6 | STD 9 | STD 12,168,SUN,pjsk|群青赞歌|赞歌
1279,niconico,Ready Steady,Giga / 初音ミク / Vivid BAD SQUAD「プロジェクトセカイ カラフルステージ！ feat. 初音ミク」,STD 2 | STD 5 | STD 8+ | STD 13,115,SUN,pjsk
1278,niconico,ステラ,じん / 初音ミク / Leo/need「プロジェクトセカイ カラフルステージ！ feat. 初音ミク」,STD 3 | STD 6 | STD 9+ | STD 13,197,SUN,stella
1277,ゲキマイ,絆はずっとGrowing Up!!!,曲：原田篤（Arte Refact）／歌：ASTERISM [星咲 あかり(CV：赤尾 ひかる)、藤沢 柚子(CV：久保田 梨沙)、三角 葵(CV：春野 杏)],STD 3 | STD 6 | STD 9 | STD 12,190,SUN,
1276,東方Project,三妖精SAY YA!!!,森羅万象,STD 3 | STD 6 | STD 9+ | STD 12,150,SUN,三妖精|sayya
1275,東方Project,全人類ノ非想天則,SOUND HOLIC feat. 匠眞,STD 3 | STD 6 | STD 9+ | STD 13,168,SUN,
1274,東方Project,お空のニュークリアフュージョン道場,ARM＋夕野ヨシミ (IOSYS) feat. 藤枝あかね,STD 3 | STD 5 | STD 9 | STD 13+,175,SUN,
1273,POPS & ANIME,irony,ClariS「俺の妹がこんなに可愛いわけがない。」,STD 2 | STD 5 | STD 8 | STD 11+,134,SUN,
1272,ゲキマイ,エータ・ベータ・イータ,ルゼ,STD 4 | STD 8+ | STD 12+ | STD 14+,186,SUN,蓝原椿|hera2|赫拉2|阿尔法|工一夕|蓝的椿
1271,イロドリミドリ,MAIGAHARA パンチラインキッカーズ,箱部 なる(CV:M・A・O)＆小野 美苗(CV:伊藤 美来),STD 3 | STD 5 | STD 9+ | STD 13,158,SUN,
1270,niconico,生きる,水野あつ,STD 1 | STD 5 | STD 8+ | STD 13,112,SUN,
1269,niconico,きゅうくらりん,いよわ,STD 3 | STD 7 | STD 10 | STD 13+,220,SUN,
1268,niconico,パラサイト,DECO*27,STD 2 | STD 5 | STD 9 | STD 12+,138,SUN,
1267,niconico,アニマル,DECO*27,STD 3 | STD 6 | STD 9+ | STD 13,188,SUN,animal
1266,niconico,シンデレラ,DECO*27,STD 2 | STD 6 | STD 8+ | STD 12,158,SUN,
1265,WORLD'S END,ENDYMION,fallen shepherd ft. RabbiTon Strings,WE 【招】☆☆☆☆,440,SUN,飞手|endy|飞龙交互
1264,WORLD'S END,さんさーら！,ARuFa,WE 【？】☆☆,,,
1263,WORLD'S END,創世のコンツェルティーナ,大嶋啓之,WE 【蔵】☆☆☆,,,创世
1262,ゲキマイ,"Ruler Count, Zero",曲：本多友紀（Arte Refact）／歌：R.B.P. [九條 楓(CV：佳村 はるか)、逢坂 茜(CV：大空 直美)、珠洲島 有栖(CV：長縄 まりあ)],STD 2 | STD 6 | STD 10+ | STD 13,133,SUN,
1261,ORIGINAL,恋するみたいに☆かませレッドヘルズ,コバヤシユウヤ（IOSYS） feat.miko,STD 3 | STD 6 | STD 10 | STD 12+,194,SUN,
1260,ORIGINAL,Fallin' Darlin' Rollin',ave;new feat.佐倉紗織,STD 3 | STD 6 | STD 9 | STD 13,202,SUN,
1259,ORIGINAL,†大闘士＝クライン・フォーゲル・シュピール＝えりか†,立秋 feat.ちょこ,STD 3 | STD 8+ | STD 12+ | STD 14+,200,SUN,大斗士
1258,ORIGINAL,任せてJC陰陽師☆八雲ちゃん,永倉秋斗 feat.キャサリン,STD 3 | STD 7 | STD 10 | STD 13,185,SUN,阴阳师
1257,VARIETY,Advance（CHUNITHM edit）,プロデュース：ワンダープラネット　作曲・編曲：加藤浩義（ノイジークローク）「クラッシュフィーバー」,STD 2 | STD 6 | STD 10 | STD 13+,140,SUN,
1256,niconico,マチガイサガシ,まふまふ「#コンパス」,STD 3 | STD 7+ | STD 9 | STD 12+,192,SUN,
1255,niconico,スティールユー,Omoi「#コンパス」,STD 3 | STD 6 | STD 9+ | STD 12+,190,SUN,
1254,niconico,孤独毒毒,syudou「#コンパス」,STD 3 | STD 5 | STD 9 | STD 12+,155,SUN,
1253,niconico,アイロニック,Kanaria「#コンパス」,STD 3 | STD 6 | STD 9+ | STD 13,198,SUN,
1252,niconico,アイ情劣等生,かいりきベア「#コンパス」,STD 3 | STD 5 | STD 10 | STD 13,199,SUN,爱情劣等生
1251,ゲキマイ,GRÄNDIR,Rigel Theatre feat. ミーウェル,STD 3 | STD 6 | STD 10+ | STD 13+,170,SUN,
1250,VARIETY,eden,"""漆黒""の堕天使《Gram》†Versus† ""聖刻""の熾天使《Gram》「WACCA」",STD 4 | STD 8 | STD 13 | STD 15,246,SUN,eden|老大|牢大|伊甸
1249,VARIETY,Exitium,Laur「WACCA」,STD 4 | STD 8+ | STD 13 | STD 14+,260,SUN,破坏王|未鸟AJ
1248,VARIETY,ADAM,P*Light「WACCA」,STD 3 | STD 7+ | STD 11 | STD 14,200,SUN,干什么！
1247,VARIETY,Knight Rider,USAO「WACCA」,STD 3 | STD 9 | STD 12+ | STD 14,200,SUN,骑骑
1246,VARIETY,Let you DIVE!,HARDCORE TANO*C & エリザベス（CV:大西沙織）「WACCA」,STD 3 | STD 7 | STD 9 | STD 12,185,SUN,
1245,ゲキマイ,ヒストリー×ブレイカー,曲：中土智博／歌：⊿TRiEDGE [高瀬 梨緒(CV：久保 ユリカ)、結城 莉玖(CV：朝日奈 丸佳)、藍原 椿(CV：橋本 ちなみ)],STD 2 | STD 5 | STD 9+ | STD 13,134,SUN,
1244,ORIGINAL,4月1日でございました,Cranky,STD 4 | STD 8+ | STD 11 | STD 14+,41,SUN,愚人节|41|4月1日|屎|地雷|四月一|三月七
1243,ゲキマイ,Desperado Waltz,ぺのれり,STD 4 | STD 9+ | STD 13 | STD 14+,172,SUN,华尔兹|地雷
1242,ゲキマイ,Viyella's Scream,Laur,STD 4 | STD 9 | STD 13+ | STD 15,228,SUN,维也纳尖叫|尖叫|维也拉尖叫
1241,イロドリミドリ,新世界スターター,小仏 凪(CV:佐倉 薫)＆五十嵐 撫子(CV:花井 美春),STD 3 | STD 6 | STD 9 | STD 12+,188,SUN,
1240,POPS & ANIME,がんばれ！蜘蛛子さんのテーマ,「私」(CV：悠木碧）「蜘蛛ですが、なにか？」,STD 4 | STD 7 | STD 10+ | STD 14,190,,
1239,POPS & ANIME,Van!shment Th!s World,Black Raison d'être「中二病でも恋がしたい！戀」,STD 3 | STD 5 | STD 9+ | STD 12,167,,中二病|小鸟游六花|六花|邪王真眼|中二病也要谈恋爱|我老婆
1238,POPS & ANIME,INSIDE IDENTITY,Black Raison d'être「中二病でも恋がしたい！」,STD 3 | STD 6 | STD 9+ | STD 12+,186,,
1237,POPS & ANIME,レッド・ルーラー,ドーラ × sasakure.UK,STD 3 | STD 7 | STD 11 | STD 13+,144,SUN,
1236,VARIETY,田中,立秋 feat.ちょこ,STD 4 | STD 7+ | STD 11 | STD 14+,186,SUN,屎|神曲神谱
1235,東方Project,Armageddon,LeaF,STD 4 | STD 8+ | STD 13 | STD 15,210,SUN,切菜|世界末日|世界末白|阿玛戈登|世界mobi|核弹|arma|阿空|核爆
1234,東方Project,Mami Mami Zone,REDALiCE feat. 野宮あゆみ,STD 3 | STD 5 | STD 9 | STD 13,173,SUN,
1233,東方Project,デザイアシューティング,あ～るの～と,STD 2 | STD 5 | STD 8+ | STD 11+,158,SUN,
1232,東方Project,Revived,UNDEAD CORPORATION,STD 3 | STD 7+ | STD 10+ | STD 14,290,SUN,
1231,ORIGINAL,グラウンドスライダー協奏曲第一番「風唄」,削除,STD 4 | STD 8 | STD 14 | STD 15+,165,SUN,风呗|傻呗
1230,WORLD'S END,Random,Sobrem × Silentroom,WE 【分】☆☆☆,132,SUN,随机|random
1229,WORLD'S END,Random,Sobrem × Silentroom,WE 【分】☆☆☆,132,SUN,随机|random
1228,WORLD'S END,Random,Sobrem × Silentroom,WE 【分】☆☆☆,132,SUN,随机|random
1227,WORLD'S END,Random,Sobrem × Silentroom,WE 【分】☆☆☆,132,SUN,随机|random
1226,WORLD'S END,Random,Sobrem × Silentroom,WE 【分】☆☆☆,132,SUN,随机|random
1225,WORLD'S END,Random,Sobrem × Silentroom,WE 【分】☆☆☆,132,SUN,随机|random
1224,WORLD'S END,まっすぐ→→→ストリーム！,曲：本多友紀（Arte Refact）／歌：日向 千夏(CV：岡咲 美保),WE 【狂】☆☆,184,SUN,千夏火箭
1223,WORLD'S END,Baqeela,owl＊tree,WE 【撃】☆☆☆,,,
1222,WORLD'S END,FIRE BIRD,Roselia「バンドリ！ ガールズバンドパーティ！」,WE 【招】☆,,,火鸟|烧鸡
1221,POPS & ANIME,Burn My Soul,She is Legend「ヘブンバーンズレッド」,STD 3 | STD 5 | STD 9 | STD 12+,180,,
1220,ゲキマイ,Girl's Party Planet!,曲：山本恭平（Arte Refact）／歌：桜井 春菜(CV：近藤 玲奈)、早乙女 彩華(CV：中島 唯)、井之原 小星(CV：ももの はるな)、柏木 咲姫(CV：石見 舞菜香),STD 2 | STD 5 | STD 9 | STD 11+,100,SUN,
1219,ORIGINAL,One Room Sky,MonsterZ MATE,STD 3 | STD 6 | STD 11 | STD 13+,170,SUN,
1218,ORIGINAL,Cheat Sheet,Yaca × gaburyu,STD 3 | STD 6 | STD 10+ | STD 13+,168,SUN,
1217,ORIGINAL,Re:Credits,BOOGEY VOXX feat.IURA TOI,STD 2 | STD 5 | STD 10 | STD 13+,132,SUN,
1216,ORIGINAL,Crawler / Flyer,MaiR,STD 3 | STD 5 | STD 10+ | STD 13+,184,SUN,
1215,ORIGINAL,CELERITAS,山本真央樹,STD 4 | STD 8+ | STD 11+ | STD 14+,190,SUN,
1214,ORIGINAL,ガチ恋ラビリンス,森羅万象,STD 4 | STD 7 | STD 10+ | STD 14,213,SUN,
1213,ORIGINAL,推してもダメならひいてみな！,桃井はるこ,STD 3 | STD 7 | STD 9+ | STD 12+,192,SUN,
1212,ORIGINAL,Ignition,パソコン音楽クラブ,STD 4 | STD 6 | STD 10+ | STD 13+,160,SUN,点燃
1211,ORIGINAL,クリーパー,遼遼 feat.あじっこ,STD 1 | STD 5 | STD 9+ | STD 11+,96,SUN,
1210,ORIGINAL,インパアフェクシオン・ホワイトガアル,ツミキ feat.月乃,STD 3 | STD 6 | STD 10+ | STD 14,207,SUN,不完美白色女孩|积木月乃|imperfection|冴川芽依|霸道总裁爱上我|紫毛读书|imperfection white girl
1209,ゲキマイ,ミラージュ・フレイグランス,Sound piercer “Espitz”,STD 4 | STD 8+ | STD 12 | STD 14,158,SUN,
1208,ゲキマイ,Falsum Atlantis.,kanone,STD 4 | STD 7+ | STD 13 | STD 15,160,SUN,亚特兰蒂斯|娜英|香草|faded|胃癌又闹|刹那|老婆
1207,ゲキマイ,TEmPTaTiON,かねこちはる,STD 4 | STD 8 | STD 13+ | STD 15,160,SUN,诱惑|百合咲|肘击百合咲|temptation|man|曼巴|temp
1206,ゲキマイ,アンビバレンス,すりぃ×相沢,STD 4 | STD 7 | STD 10+ | STD 12+,187,SUN,
1205,イロドリミドリ,超Rock The Party,舞ヶ原シンセ研究会,STD 3 | STD 6 | STD 10 | STD 13,155,SUN,
1204,VARIETY,Random,Sobrem × Silentroom,STD 3 | STD 6 | STD 10 | STD 14,132,SUN,随机|random
1203,VARIETY,I'm so Happy,Ryu☆,STD 4 | STD 8+ | STD 12+ | STD 13+,181,SUN,我巨爽
1202,東方Project,スカーレット警察のゲットーパトロール24時,七条レタスグループ,STD 3 | STD 5 | STD 9 | STD 13+,160,SUN,
1201,niconico,トンデモワンダーズ,sasakure.UK,STD 3 | STD 6 | STD 11 | STD 13+,172,SUN,
1200,niconico,神っぽいな,ピノキオピー,STD 2 | STD 5 | STD 9+ | STD 12+,142,SUN,像神
1199,niconico,キュートなカノジョ,syudou　feat.音楽的同位体　可不（KAFU）,STD 3 | STD 6 | STD 9 | STD 13,160,SUN,
1198,POPS & ANIME,いただきバベル (Prod. ケンモチヒデフミ),黒鉄たま (CV: 秋奈)「電音部」,STD 3 | STD 6 | STD 10 | STD 13,142,SUN,
1197,POPS & ANIME,ユメヲカケル！,スペシャルウィーク (CV.和氣あず未)、サイレンススズカ (CV.高野麻里佳)、トウカイテイオー(CV.Machico)、ウオッカ (CV.大橋彩香)、ダイワスカーレット (CV.木村千咲)、ゴールドシップ (CV.上田 瞳)、メジロマックイーン (CV.大西沙織)／TVアニメ『ウマ娘 プリティーダービー Season 2』,STD 3 | STD 6 | STD 9+ | STD 12+,195,,
1196,POPS & ANIME,なにやってもうまくいかない,meiyo,STD 2 | STD 5 | STD 9+ | STD 12+,125,,
1195,POPS & ANIME,阿修羅ちゃん,Ado,STD 3 | STD 5 | STD 9 | STD 13,156,,阿修罗
1194,POPS & ANIME,ミックスナッツ,Official髭男dism TVアニメ『SPY×FAMILY』オープニング主題歌,STD 2 | STD 5 | STD 9 | STD 13,300,,
1193,POPS & ANIME,Before I Rise,麻枝 准×やなぎなぎ「ヘブンバーンズレッド」,STD 2 | STD 5 | STD 8+ | STD 11+,140,,
1192,POPS & ANIME,1,MOB CHOIR「モブサイコ100 Ⅲ」,STD 3 | STD 5 | STD 10 | STD 13,168,,
1191,ゲキマイ,まっすぐ→→→ストリーム！,曲：本多友紀（Arte Refact）／歌：日向 千夏(CV：岡咲 美保),STD 3 | STD 6 | STD 9 | STD 13,184,CHUNITHM NEW,千夏火箭
1190,VARIETY,Aleph-0,LeaF,STD 6 | STD 9+ | STD 13+ | STD 14+ | STD 15,250,SUN,阿列夫|阿列夫0|aleph|琪露诺|AJ没鸟|AJ没鸟加|数学课堂|a0|臀萌金曲
1189,VARIETY,Reach For The Stars,ソニック カラーズ,STD 3 | STD 6 | STD 9+ | STD 13 | STD 13+,203,CHUNITHM,追星
1188,niconico,The secret garden,Project DIVA Original Song feat.初音ミク,STD 2 | STD 5 | STD 8+ | STD 12,133,CHUNITHM NEW PLUS,秘密花园
1187,niconico,ぽっぴっぽー,ラマーズP,STD 3 | STD 5 | STD 9+ | STD 13+,150,CHUNITHM NEW PLUS,蔬菜歌|蔬菜汁
1186,niconico,マージナル,OSTER project,STD 3 | STD 6 | STD 9 | STD 12+,190,CHUNITHM NEW PLUS,
1185,niconico,崩壊歌姫 -disruptive diva-,マチゲリータ,STD 3 | STD 6 | STD 10 | STD 13+,170,CHUNITHM NEW PLUS,崩坏歌姬
1184,niconico,Starduster,ジミーサムP,STD 1 | STD 4 | STD 7+ | STD 10+,82,CHUNITHM NEW PLUS,老婆|刹那
1183,niconico,多重未来のカルテット -Quartet Theme-,Kusemono/SWANTONE,STD 3 | STD 5 | STD 9+ | STD 13+,150,CHUNITHM NEW PLUS,多重未来
1182,ゲキマイ,Transcend Lights,曲：小高光太郎／歌：オンゲキシューターズ,STD 1 | STD 6 | STD 9+ | STD 12,105,CHUNITHM NEW PLUS,114514|超越光|九月的雨
1181,POPS & ANIME,恋ひ恋ふ縁,KOTOKO,STD 2 | STD 5 | STD 8 | STD 11+,144,CHUNITHM NEW PLUS,恋恋缘|以恋结缘|柚子厨|芳乃|老婆|朝武芳乃
1180,POPS & ANIME,非実在系女子達はどうすりゃいいですか？,綾瀬理恵,STD 2 | STD 6 | STD 9 | STD 13,158,CHUNITHM NEW PLUS,
1179,POPS & ANIME,Rumbling hearts,栗林みな実,STD 2 | STD 5 | STD 8 | STD 11+,136,,
1178,POPS & ANIME,キルミーのベイベー！,やすなとソーニャ「キルミーベイベー」,STD 3 | STD 5 | STD 11 | STD 14,200,CHUNITHM NEW PLUS,
1177,ORIGINAL,DA'AT -The First Seeker of Souls-,水野健治 VS 大国奏音,STD 5 | STD 12 | STD 14 | STD 15+,222,CHUNITHM NEW PLUS,大特|daat|sensei
1176,ORIGINAL,MALKUTH -The Last Ruler of Terrestrials-,穴山大輔 VS 光吉猛修,STD 5 | STD 12 | STD 14+ | STD 15+,197,CHUNITHM NEW PLUS,王国|马尔库斯|ma|🐴|马|吗喽哭天喊|业善二代目|马哭死
1175,VARIETY,ホーリーサンバランド,SAMBA MASTER 佐藤,STD 3 | STD 6 | STD 13 | STD 15,150,CHUNITHM NEW PLUS,白桑巴|桑巴|理财产品
1174,ゲキマイ,AstrøNotes.,MisoilePunch♪,STD 4 | STD 8 | STD 13+ | STD 14+,210,CHUNITHM NEW PLUS,雅迪|astronotes|astronote|老婆
1173,WORLD'S END,Love & Justice,BACO,WE 【狂】☆☆☆☆☆,,,唉症噫|爱正义|爱与正义|哎症臆|癌症一|唉症臆
1172,WORLD'S END,Aragami,xi,WE 【光】☆,,,荒神|ara
1171,WORLD'S END,]-[|/34<#!,並木学（ナミキマナブ）「怒首領蜂大復活」,WE 【跳】☆☆☆☆,,,怒蜂|蜂|怒首领蜂|乱码歌|绯蜂|noob|乱码|牢蜂
1170,WORLD'S END,ダブルラリアット,アゴアニキ,WE 【割】☆,,,转圈歌
1169,ゲキマイ,GODLINESS,曲：椿山日南子／歌：皇城 セツナ(CV：八巻 アンナ),STD 3 | STD 7 | STD 10+ | STD 14,183,CHUNITHM NEW PLUS,刹那|老婆|godliness|皇城刹那
1168,ゲキマイ,最っ高のエンタメだ!!,曲：本田正樹(Dream Monster)／歌：7EVENDAYS⇔HOLIDAYS [井之原 小星(CV：ももの はるな)、柏木 咲姫(CV：石見 舞菜香)],STD 3 | STD 6 | STD 10+ | STD 13,276,CHUNITHM NEW PLUS,
1167,ゲキマイ,Y.Y.Y.計画!!!!,曲：烏屋茶房／歌：R.B.P. [九條 楓(CV：佳村 はるか)、逢坂 茜(CV：大空 直美)、珠洲島 有栖(CV：長縄 まりあ)],STD 3 | STD 6 | STD 9+ | STD 12+,186,CHUNITHM NEW PLUS,YYY
1166,ゲキマイ,ポケットからぬりつぶせ！,曲：中山真斗／歌：マーチングポケッツ [日向 千夏(CV：岡咲 美保)、柏木 美亜(CV：和氣 あず未)、東雲 つむぎ(CV：和泉 風花)],STD 2 | STD 5 | STD 10 | STD 11+,126,CHUNITHM NEW PLUS,
1165,POPS & ANIME,僕の戦争,神聖かまってちゃん「進撃の巨人」,STD 2 | STD 5 | STD 9 | STD 12+,144,CHUNITHM NEW PLUS,我的战争
1164,ORIGINAL,Λzure Vixen,かめりあ,STD 4 | STD 8+ | STD 13+ | STD 15+,163,CHUNITHM NEW PLUS,av|高塔|azurevixen|老公|azure vixen|理财产品|失控银河
1163,ORIGINAL,Brightness,Masayoshi Iimori,STD 3 | STD 6 | STD 12 | STD 14,160,CHUNITHM NEW PLUS,
1162,ORIGINAL,WE'RE BACK!!,Zekk,STD 3 | STD 7 | STD 12+ | STD 14+,185,CHUNITHM NEW PLUS,我们回来了|老公
1161,ORIGINAL,#SUP3RORBITAL,ああ…翡翠茶漬け…,STD 4 | STD 7+ | STD 12 | STD 14+,210,CHUNITHM NEW PLUS,龙脸|superorbital|理财产品
1160,ゲキマイ,QZKago Requiem,t+pazolite,STD 5 | STD 8+ | STD 13+ | STD 15,257,CHUNITHM NEW PLUS,茄子|🍆💳🐶|qz|🍆|雅迪|茄子卡狗|黑猫打白猫|gdp2|毒牛奶|巧克力大战香子兰|铃芽之旅|猫打架|牛奶2|对立大战光光|猫中毒
1159,イロドリミドリ,帰り道,イロドリミドリ,STD 2 | STD 5 | STD 8+ | STD 10+,116,CHUNITHM NEW PLUS,回家路
1158,ゲキマイ,Splash Dance!!,曲：Q-MHz／歌：オンゲキシューターズ,STD 3 | STD 6 | STD 9+ | STD 12,155,CHUNITHM NEW PLUS,
1157,POPS & ANIME,失礼しますが、RIP♡,Mori Calliope（ホロライブEnglish）,STD 3 | STD 5 | STD 10 | STD 13+,124,,
1156,POPS & ANIME,過去を喰らう,花譜,STD 3 | STD 5 | STD 9+ | STD 12+,187,CHUNITHM NEW PLUS,吞噬过去
1155,POPS & ANIME,ハッピーエンドをはじめから,リゼ・ヘルエスタ,STD 3 | STD 6 | STD 10 | STD 12,206,CHUNITHM NEW PLUS,
1154,POPS & ANIME,地獄屋八丁荒らし,戌亥とこ,STD 2 | STD 6 | STD 8 | STD 12,202,CHUNITHM NEW PLUS,
1153,POPS & ANIME,3倍！Sun Shine！カーニバル！,アンジュ・カトリーナ、戌亥とこ、リゼ・ヘルエスタ,STD 2 | STD 5 | STD 9 | STD 11+,142,CHUNITHM NEW PLUS,
1152,ゲキマイ,Last Kingdom,USAO,STD 4 | STD 8 | STD 11 | STD 14,150,CHUNITHM NEW PLUS,最后王国|lk
1151,イロドリミドリ,色彩過剰のダイアリーミュージック,イロドリミドリ,STD 4 | STD 8 | STD 11 | STD 14+,136,CHUNITHM NEW PLUS,色彩过剩
1150,イロドリミドリ,僕らのFreedom DiVE↓,三年生チーム(イロドリミドリ),STD 4 | STD 7 | STD 10 | STD 14,204,CHUNITHM NEW PLUS,彩绿fd|我的fd
1149,VARIETY,Re：End of a Dream,uma vs. モリモリあつし,STD 4 | STD 8 | STD 13 | STD 15,212,CHUNITHM NEW PLUS,终梦|reendofadream|end of a dream|re end
1148,POPS & ANIME,めいど・うぃず・どらごんず♥,スーパーちょろゴンず「小林さんちのメイドラゴンS」,STD 2 | STD 5 | STD 9+ | STD 11+,140,,
1147,POPS & ANIME,愛のシュプリーム！,fhána「小林さんちのメイドラゴンS」,STD 2 | STD 5 | STD 9 | STD 12,135,,
1146,WORLD'S END,ラグトレイン,稲葉曇,WE 【両】☆☆,147,CHUNITHM NEW PLUS,延误列车
1145,WORLD'S END,アルストロメリア,TAG,WE 【蔵】☆☆☆☆,,,alstroemeria|六出花
1144,WORLD'S END,Elemental Ethnic,Yooh,WE 【止】☆☆,,,狗叫机关枪|香草|老公|元素民族
1143,POPS & ANIME,BlackFlagBreaker!!,社築 × sasakure.UK,STD 3 | STD 7+ | STD 10+ | STD 14,163,CHUNITHM NEW PLUS,社筑
1142,niconico,フォニイ,ツミキ,STD 3 | STD 5 | STD 9+ | STD 12+,170,CHUNITHM NEW PLUS,phony|伪物
1141,niconico,吉原ラメント,亜沙,STD 3 | STD 5 | STD 9 | STD 12,192,CHUNITHM NEW PLUS,吉原哀歌|吉原拉面
1140,niconico,泥の分際で私だけの大切を奪おうだなんて,ツユ,STD 3 | STD 6 | STD 10 | STD 13,225,,泥歌
1139,niconico,あの世行きのバスに乗ってさらば。,ツユ,STD 3 | STD 6 | STD 9+ | STD 12+,240,,地雷男|男刀
1138,niconico,くらべられっ子,ツユ,STD 3 | STD 5 | STD 9 | STD 12+,194,,被比较的孩子|男刀|地雷男
1137,WORLD'S END,XL TECHNO -More Dance Remix-,from PACA PACA PASSION Special,WE 【割】☆☆☆☆,,,特大
1136,WORLD'S END,きゅうりバーにダイブ,ゆずひこ feat.めらみぽっぷ,WE 【光】☆,,,黄瓜
1135,WORLD'S END,宙の隣,くるぶっこちゃん,WE 【？】☆☆☆,,,宙之邻
1134,WORLD'S END,音弾超人ゴリライザー,ゴリライザー制作委員会,WE 【狂】☆☆☆,,,音弹超人
1133,WORLD'S END,裏表ラバーズ,wowaka,WE 【招】☆☆☆,,,里表情人
1132,WORLD'S END,董卓討つべし,おもしろ三国志,WE 【覚】☆☆,,,董卓
1131,WORLD'S END,《本能》 ～ ReCoda,Spiegel vs Yukino,WE 【半】☆☆☆,,,本能
1130,WORLD'S END,Trrricksters!!,s-don vs. 翡乃イスカ,WE 【狂】☆☆☆☆☆,,,雅迪|难|trickstar|！|!|trickster|1秒15.4|trrr|地雷|二见鸟
1129,WORLD'S END,Trackless wilderness,Noah,WE 【狂】☆☆☆☆,217,CHUNITHM NEW,tracklesswilderness|无轨狂暴|狂暴键盘|tw|无轨荒原
1128,WORLD'S END,砂漠のハンティングガール♡,海田 明里,WE 【弾】☆☆☆,,,沙漠
1127,WORLD'S END,タテマエと本心の大乱闘,曲：鯨井国家／歌：藍原 椿(CV：橋本 ちなみ),WE 【撃】☆☆,,,大乱斗|椿批金曲|蓝原椿
1126,WORLD'S END,真千年女王,しらいし,WE 【半】☆☆☆,,,
1125,WORLD'S END,U ARE,MK&Kanae Asaba,WE 【両】☆☆,,,你是
1124,WORLD'S END,お願いマッスル,紗倉ひびき（CV:ファイルーズあい）＆街雄鳴造（CV:石川界人）「ダンベル何キロ持てる？」,WE 【割】☆☆☆,,,
1123,WORLD'S END,もってけ!セーラーふく,泉こなた（CV.平野 綾）、柊かがみ（CV.加藤英美里）、柊つかさ（CV.福原香織）、高良みゆき（CV.遠藤 綾）「らき☆すた」,WE 【止】☆☆☆,,,
1122,WORLD'S END,Nijirate Fanatics,yukitani,WE 【？】☆☆☆,210,CHUNITHM NEW,
1121,WORLD'S END,やらなきゃいけないことばかり,小仏 凪(CV:佐倉 薫)＆月鈴 白奈(CV:高野 麻里佳),WE 【狂】☆☆☆,,,
1120,WORLD'S END,BLUE ZONE,Tatsh x NAOKI,WE 【敷】☆☆,,,蓝色区域|蓝的区|蓝区
1119,WORLD'S END,五等分の気持ち,中野家の五つ子（花澤香菜・竹達彩奈・伊藤美来・佐倉綾音・水瀬いのり） TVアニメ「五等分の花嫁」,WE 【割】☆☆,,,
1118,WORLD'S END,Therapeutic Hoedown,うどんゲルゲ,WE 【蔵】☆☆☆,,,煞笔|屎|神经病医生|地雷|神经病
1117,WORLD'S END,Viyella's Tears,Laur,WE 【撃】☆☆☆☆,,,维也纳之泪|眼泪|vt|小圆|小圆射箭
1116,WORLD'S END,D✪N’T ST✪P R✪CKIN’ ～[✪_✪] MIX～,EB (aka EarBreaker),WE 【両】☆☆☆,,,dsr|星星
1115,WORLD'S END,チャージマン研！,歌：ひばり児童合唱団、作曲：宮内國郎、作詞：ナック企画部「チャージマン研！」,WE 【狂】☆☆,,,
1114,WORLD'S END,LINK LINK FEVER!!!,リンカ (CV: 豊田萌絵)「グルーヴコースター」,WE 【招】☆,,,
1113,WORLD'S END,恋はりんりん☆あーりんベル,御形 アリシアナ(CV:福原 綾香),WE 【嘘】☆☆☆,,X-VERSE-X,
1112,WORLD'S END,Memory of Beach,M2U,WE 【招】☆☆☆,,,
1111,WORLD'S END,G e n g a o z o,-45,WE 【覚】☆☆☆,,,跟哥走|gengaozo|晋高祖
1110,WORLD'S END,Fidget Dancer,nora2r,WE 【戻】☆☆☆☆,,,
1109,WORLD'S END,Imperishable Night 2006 (2016 Refine),ゆうゆ / 篠螺悠那,WE 【両】☆☆☆☆,,VERSE,2006
1108,WORLD'S END,Taiko Drum Monster,steμ feat.siroa「太鼓の達人」より,WE 【招】☆☆☆,,,太鼓|太鼓怪兽
1107,WORLD'S END,巫女みこナース・愛のテーマ,Chu☆,WE 【狂】☆☆,160,PARADISE,
1106,WORLD'S END,ZEUS,ルゼ,WE 【狂】☆☆☆☆,,,宙斯
1105,WORLD'S END,Gate of Fate,Godspeed,WE 【改】☆☆☆,,,gof|电音老牛|螃蟹|🦀|命运之门|命运石之门|石之门|命运门
1104,WORLD'S END,エピクロスの虹はもう見えない,SYNC.ART'S feat.美里,WE 【割】☆☆☆☆,,,
1103,WORLD'S END,Ai Nov,Feryquitous,WE 【撃】☆☆,,,ai小说|ainov|优香
1102,WORLD'S END,Dengeki Tube,BACO,WE 【避】☆☆☆,,,电管|15
1101,WORLD'S END,ロキ,みきとP,WE 【割】☆☆,150,CRYSTAL PLUS,roki
1100,WORLD'S END,チョウの標本,Bitplane,WE 【蔵】☆☆☆☆,,,标本|蝴蝶标本
1099,WORLD'S END,Life,Relect,WE 【両】☆☆,,,
1098,WORLD'S END,conflict(斉唱),イロドリミドリ,WE 【嘘】☆☆☆,,X-VERSE-X,彩绿公交车
1097,WORLD'S END,【3Dサウンド】小野ちゃんが真夏のビーチでスイカを叩き割る話【イヤホン推奨】,HaNaMiNa,WE 【嘘】☆,,X-VERSE-X,
1096,WORLD'S END,星の器～STAR OF ANDROMEDA,sun3,WE 【狂】☆,,,星之器|星器
1095,WORLD'S END,STARTLINER,曲：kz(livetune)／歌：オンゲキシューターズ,WE 【避】☆,135,CRYSTAL,起跑线
1094,WORLD'S END,folern,ぬゆり,WE 【狂】☆☆☆☆☆,200,AMAZON PLUS,佛冷
1093,WORLD'S END,Aragami,xi,WE 【蔵】☆☆☆☆,,,荒神|ara
1092,WORLD'S END,コーチンズカップ・クラシック,POPHOLIC「龍が如く５　夢、叶えし者」,WE 【！】☆☆☆☆,162,AMAZON PLUS,
1091,WORLD'S END,なるがちゃんなぎにいよいよえれー目にあわされる話,イロドリミドリ,WE 【嘘】☆☆☆,,X-VERSE-X,
1090,WORLD'S END,End Time,Cres.,WE 【狂】☆☆☆☆☆,180,AMAZON,雅迪|et
1089,WORLD'S END,Angel dust,LV.4,WE 【狂】☆☆☆☆☆,,,天使尘
1088,WORLD'S END,WARNING×WARNING×WARNING,暁Records,WE 【！】☆☆☆☆,172,AMAZON,
1087,WORLD'S END,Starlight Disco,loos feat. Meramipop,WE 【舞】☆☆☆,128,STAR PLUS,
1086,WORLD'S END,Devastating Blaster,INNOCENT NOIZE,WE 【覚】☆☆☆☆,,,机械头|恐怖机械头|飞天机械头
1085,WORLD'S END,volcanic,DETRO a.k.a ルゼ,WE 【狂】☆☆☆☆,191,STAR PLUS,火山|猩猩|臀萌金曲|小猩猩
1084,WORLD'S END,GEMINI -M-,Tatsh,WE 【舞】☆☆☆☆,180,STAR PLUS,
1083,WORLD'S END,ウソラセラ,ピノキオピー,WE 【両】☆☆☆☆☆,188,STAR PLUS,
1082,WORLD'S END,青春サイダー,SPRiNGS「温泉むすめ」,WE 【布】☆☆☆,160,STAR PLUS,
1081,WORLD'S END,イロドリミドリ杯花映塚全一決定戦公式テーマソング『ウソテイ』,イロドリミドリ,WE 【嘘】☆☆☆☆,,X-VERSE-X,
1080,WORLD'S END,AMAZING MIGHTYYYY!!!!,WAiKURO,WE 【戻】☆☆☆☆,185,STAR,am
1079,WORLD'S END,G e n g a o z o,-45,WE 【狂】☆☆☆☆☆,,,跟哥走|gengaozo|晋高祖
1078,WORLD'S END,今ぞ♡崇め奉れ☆オマエらよ！！～姫の秘メタル渇望～,あべにゅうぷろじぇくと feat.佐倉 紗織　produced by ave;new,WE 【狂】☆☆☆☆,214,STAR,
1077,WORLD'S END,Oshama Scramble! (Cranky Remix),Cranky,WE 【？】☆☆☆,190,AIR PLUS,cranky牛奶|牛奶
1076,WORLD'S END,Title,SoundTeMP「ラグナロクオンライン」,WE 【招】☆☆☆,100,AIR PLUS,
1075,WORLD'S END,Air,SHIKI,WE 【狂】☆☆☆☆,,,雅迪|唉呀|空气|工业革命空气
1074,WORLD'S END,だんだん早くなる,40mP,WE 【時】☆,126,AIR PLUS,末白|逐渐变快
1073,WORLD'S END,檄!帝国華撃団,真宮寺さくら（横山智佐）＆帝国歌劇団「サクラ大戦」,WE 【歌】☆☆,,,缴
1072,WORLD'S END,あねぺったん,月鈴姉妹(イロドリミドリ),WE 【嘘】☆☆☆☆,,X-VERSE-X,
1071,WORLD'S END,Paqqin,owl＊tree,WE 【止】☆☆☆,,,pq
1070,WORLD'S END,Oshama Scramble!,t+pazolite,WE 【改】☆☆☆,190,AIR,牛奶|牛奶猫
1069,WORLD'S END,回レ！雪月花,歌組雪月花 夜々(原田 ひとみ)/いろり(茅野 愛衣)/小紫(小倉 唯) 「機巧少女は傷つかない」,WE 【速】☆☆☆,160,AIR,雪月花
1068,WORLD'S END,チルノのパーフェクトさんすう教室,ARM＋夕野ヨシミ (IOSYS) feat.miko,WE 【避】☆☆,175,AIR,数学教室|9
1067,WORLD'S END,FREEDOM DiVE,xi,WE 【狂】☆☆☆☆☆,222,CHUNITHM PLUS,fd|自由落体|222.22
1066,WORLD'S END,"Help me, あーりん！",イロドリミドリ,WE 【嘘】☆☆☆,,X-VERSE-X,
1065,WORLD'S END,Garakuta Doll Play (sasakure.UK clutter remix),sasakure.UK,WE 【改】☆☆☆☆,256,CHUNITHM PLUS,
1064,WORLD'S END,B.B.K.K.B.K.K.,nora2r,WE 【戻】☆☆☆☆,170,CHUNITHM PLUS,bbkkbkk|bk
1063,WORLD'S END,幾四音-Ixion-,M.S.S Project,WE 【止】☆,210,CHUNITHM PLUS,几四音
1062,東方Project,みずいろレインドロップ,暁Records,STD 3 | STD 6 | STD 9 | STD 13,176,CHUNITHM NEW PLUS,
1061,東方Project,寡黙なるフォール,石鹸屋,STD 3 | STD 7 | STD 10 | STD 14,200,CHUNITHM NEW PLUS,寡默
1060,東方Project,ハウリング,Liz Triangle,STD 3 | STD 6 | STD 9 | STD 12,184,CHUNITHM NEW PLUS,
1059,東方Project,Music Evolution,DiGiTAL WiNG feat. 花たん,STD 3 | STD 5 | STD 9 | STD 13,150,CHUNITHM NEW PLUS,音乐进化
1058,東方Project,Get the star for you [DJ Command Remix],SOUND HOLIC Vs. Eurobeat Union feat. 709sec.,STD 3 | STD 5 | STD 9 | STD 12+,162,CHUNITHM NEW PLUS,
1057,ORIGINAL,Scythe of Death,"Masahiro ""Godspeed"" Aoki",STD 4 | STD 9 | STD 13+ | STD 15,130,CHUNITHM NEW PLUS,死镰|镰的死|雅迪|理财产品
1056,ORIGINAL,Breakthrough,Aiko Oi,STD 4 | STD 7 | STD 11+ | STD 13+,160,CHUNITHM NEW PLUS,
1055,ORIGINAL,Reverberate,とろまる,STD 4 | STD 8 | STD 13 | STD 15,144,CHUNITHM NEW PLUS,灯泡头|灯泡人|灯泡男|雅迪|sarc609|灯泡男人
1054,ORIGINAL,I'll make you Super Rock Star,かぼちゃ,STD 3 | STD 6 | STD 10 | STD 14,145,CHUNITHM NEW PLUS,超级摇滚明星|超级明星
1053,ゲキマイ,HERA,ルゼ,STD 5 | STD 8+ | STD 11+ | STD 15,185,CHUNITHM NEW PLUS,赫拉|雅迪|hera|儿也|luze|纵连
1052,イロドリミドリ,舞高最強ドリームセッション!!!!! ～180秒一曲勝負～,明坂 芹菜(CV:新田 恵海)＆御形 アリシアナ(CV:福原 綾香)＆天王洲 なずな(CV:山本 彩乃)＆萩原 七々瀬(CV:東城 日沙子)＆芒崎 奏(CV:立花 理香),STD 4 | STD 7 | STD 10 | STD 13,189,CHUNITHM NEW PLUS,
1051,niconico,トラフィック・ジャム,煮ル果実,STD 2 | STD 5 | STD 9+ | STD 13,130,CHUNITHM NEW PLUS,
1050,niconico,エバ,柊キライ,STD 2 | STD 5 | STD 10+ | STD 13+,141,CHUNITHM NEW PLUS,工八
1049,niconico,ジャンキーナイトタウンオーケストラ,すりぃ,STD 2 | STD 5 | STD 9+ | STD 13,145,CHUNITHM NEW PLUS,瘾者之夜城镇乐队
1048,POPS & ANIME,Floor Killer,Merm4id「D4DJ Groovy Mix」,STD 2 | STD 5 | STD 9 | STD 12+,128,,
1047,POPS & ANIME,Dig Delight!,Happy Around!「D4DJ Groovy Mix」,STD 3 | STD 6 | STD 9+ | STD 12+,179,,
1046,ゲキマイ,A Man In The Mirror,orangentle,STD 3 | STD 7+ | STD 13 | STD 15,180,CHUNITHM NEW PLUS,镜中之人|镜男|a dog in the mirror|末白|镜中人
1045,イロドリミドリ,コトバウタ,HaNaMiNa,STD 2 | STD 5 | STD 10 | STD 12+,256,CHUNITHM NEW PLUS,
1044,ORIGINAL,アナタニナルノ,FANTAGIRAFF,STD 3 | STD 6 | STD 10 | STD 13,172,CHUNITHM NEW PLUS,
1043,ORIGINAL,愛のシンギュラリティ,yuichi NAGAO,STD 3 | STD 7 | STD 10+ | STD 13+,153,CHUNITHM NEW PLUS,爱奇点
1042,ゲキマイ,Komplexe,雄之助 feat. Sennzai,STD 3 | STD 6 | STD 10+ | STD 14,165,CHUNITHM NEW PLUS,黑姬|komplexe
1041,ゲキマイ,蒼穹舞楽,Capchii,STD 3 | STD 7 | STD 12+ | STD 14,195,CHUNITHM NEW PLUS,苍穹舞乐
1040,ゲキマイ,モ°ルモ°ル,sasakure. UK,STD 4 | STD 7+ | STD 13 | STD 14,256,CHUNITHM NEW PLUS,毛儿毛儿|毛儿
1039,ゲキマイ,星めぐり、果ての君へ。,TAKU1175 ft.駄々子,STD 3 | STD 6 | STD 9 | STD 12+,175,CHUNITHM NEW PLUS,
1038,ゲキマイ,とびだせ！TO THE COSMIC!!,t+pazolite feat. しゃま(CV:種﨑 敦美) & みるく(CV:伊藤 あすか),STD 3 | STD 7 | STD 10 | STD 13+,185,CHUNITHM NEW PLUS,宇宙牛奶
1037,ORIGINAL,Everlasting Liberty,Kobaryo,STD 4 | STD 7 | STD 13+ | STD 14+,242,CHUNITHM NEW PLUS,雅迪|el|永恒自由|反差|反差小女孩|玩很大妹妹
1036,ORIGINAL,Be4Step,tilt-six feat.バル,STD 3 | STD 6 | STD 10 | STD 13+,148,CHUNITHM NEW PLUS,
1035,ORIGINAL,パズルリボン,すりぃ feat.りょーくん,STD 3 | STD 6 | STD 9+ | STD 12+,215,CHUNITHM NEW PLUS,
1034,ORIGINAL,タイムカプセル,天月-あまつき-,STD 3 | STD 5 | STD 9+ | STD 12+,185,CHUNITHM NEW PLUS,
1033,イロドリミドリ,Forever and…,舞ヶ原シンセ研究会,STD 2 | STD 5 | STD 9+ | STD 12+,128,CHUNITHM NEW PLUS,
1032,VARIETY,竹,立秋 feat.ちょこ,STD 5 | STD 7+ | STD 13 | STD 14+,183,CHUNITHM NEW PLUS,屎|大便
1031,VARIETY,ENDYMION,fallen shepherd ft. RabbiTon Strings,STD 7+ | STD 12+ | STD 14+ | STD 15,440,CHUNITHM NEW PLUS,飞手|endy|飞龙交互
1030,東方Project,無間嫉妬劇場『666』,森羅万象,STD 3 | STD 6 | STD 10 | STD 13+,170,CHUNITHM NEW PLUS,无间嫉妒剧场
1029,niconico,初音天地開闢神話,cosMo＠暴走P,STD 5 | STD 7 | STD 13+ | STD 14+,240,CHUNITHM NEW PLUS,盘古|开辟天地|初音开天辟地|天地开辟|开天辟地
1028,niconico,ダーリンダンス,かいりきベア,STD 3 | STD 5 | STD 9+ | STD 12+,153,CHUNITHM NEW PLUS,darling dance
1027,niconico,エンヴィーベイビー,Kanaria,STD 3 | STD 6 | STD 9 | STD 12,171,CHUNITHM NEW PLUS,envy baby
1026,niconico,携帯恋話,まふまふ / 初音ミク / 25時、ナイトコードで。「プロジェクトセカイ カラフルステージ！ feat. 初音ミク」,STD 2 | STD 5 | STD 9 | STD 13+,150,CHUNITHM NEW PLUS,携带电话|携带恋话
1025,niconico,モア！ジャンプ！モア！,ナユタン星人 / 初音ミク / MORE MORE JUMP！「プロジェクトセカイ カラフルステージ！ feat. 初音ミク」,STD 3 | STD 6 | STD 9+ | STD 13,202,CHUNITHM NEW PLUS,mjm|more jump more|元气少女蹦蹦蹦
1024,POPS & ANIME,ギラギラ,Ado,STD 1 | STD 4 | STD 8+ | STD 11+,96,,
1023,POPS & ANIME,さんさーら！,ARuFa,STD 2 | STD 5 | STD 9+ | STD 12+,140,CHUNITHM NEW PLUS,
1022,POPS & ANIME,シル・ヴ・プレジデント,P丸様。,STD 3 | STD 6 | STD 9+ | STD 12+,176,CHUNITHM NEW PLUS,
1021,POPS & ANIME,明け星,LiSA  テレビアニメ「鬼滅の刃」無限列車編,STD 1 | STD 4 | STD 8+ | STD 11+,95,,鬼灭之刃|鬼灭
1020,POPS & ANIME,怪物,YOASOBI  テレビアニメ『BEASTARS』第2期,STD 3 | STD 6 | STD 9 | STD 12+,170,,
1019,POPS & ANIME,Cry Baby,Official髭男dism TVアニメ『東京リベンジャーズ』,STD 1 | STD 5 | STD 8 | STD 11,100,CHUNITHM NEW PLUS,
1018,ゲキマイ,Titania,xi,STD 5 | STD 8 | STD 13+ | STD 14+,212,CHUNITHM NEW PLUS,江江|江江比耶|泰坦尼亚|有栖|踢他娘
1017,ゲキマイ,ヤミツキ,MARETU,STD 2 | STD 5 | STD 10 | STD 13,208,CHUNITHM NEW,
1016,イロドリミドリ,CAT'S EYE,杏里 [covered by 舞ヶ原シンセ研究会],STD 3 | STD 5 | STD 9+ | STD 13,160,,
1015,VARIETY,J219,Cranky,STD 2 | STD 6 | STD 10+ | STD 14+,147,CHUNITHM NEW,
1014,POPS & ANIME,俺ら東京さ行ぐだ,吉幾三,STD 2 | STD 4 | STD 9 | STD 12+,118,,东京
1013,POPS & ANIME,違う、そうじゃない,鈴木雅之,STD 1 | STD 4 | STD 8+ | STD 12,118,,
1012,ゲキマイ,Valsqotch,owl＊tree feat.chi＊tree,STD 5 | STD 8+ | STD 13+ | STD 14+,125,CHUNITHM NEW PLUS,金熊
1011,ゲキマイ,夜明けのストリング,曲：DJ Genki／歌：東雲 つむぎ(CV：和泉 風花),STD 2 | STD 5 | STD 9 | STD 12,123,CHUNITHM NEW,夜明
1010,ゲキマイ,トリドリ⇒モリモリ! Lovely fruits☆,曲：やしきん／歌：柏木 美亜(CV：和氣 あず未),STD 3 | STD 6 | STD 10+ | STD 12+,185,CHUNITHM NEW,
1009,ORIGINAL,POTENTIAL,TAG,STD 5 | STD 10 | STD 14 | STD 15,200,CHUNITHM NEW,雅迪|ptt|潜力值|ppt|小满哥|雅迪电动车|b1是
1008,イロドリミドリ,Starting Over,イロドリミドリ,STD 3 | STD 6 | STD 9+ | STD 13+,220,CHUNITHM NEW,
1007,東方Project,宵闇の月に抱かれて,Tatsh feat.彩音,STD 4 | STD 5 | STD 10 | STD 14,176,CHUNITHM NEW,宵暗
1006,東方Project,妖々跋扈　～ Who done it！！！,Demetori,STD 4 | STD 6 | STD 12+ | STD 14,182,CHUNITHM NEW,妖跋扈|妖妖跋扈
1005,東方Project,Cinderella Story [BlackY Remix],Amateras Records feat. 柚之原りえ,STD 3 | STD 6 | STD 10 | STD 14,150,CHUNITHM NEW,灰姑娘|辛德瑞拉
1004,東方Project,SOUL 2 DIVIDE,SOUND HOLIC Vs. ZYTOKINE feat. 星野奏子,STD 3 | STD 5 | STD 9 | STD 13,145,CHUNITHM NEW,
1003,東方Project,回転 feat.あやぽんず＊,森羅万象,STD 3 | STD 5 | STD 9+ | STD 12,166,CHUNITHM NEW,
1002,niconico,クーネル・エンゲイザー,電ǂ鯨,STD 3 | STD 5 | STD 10 | STD 13,170,CHUNITHM NEW,进食睡眠凝视者
1001,niconico,帝国少女,R Sound Design ,STD 2 | STD 4 | STD 9 | STD 12,118,CHUNITHM NEW,
1000,niconico,ヴァンパイア,DECO*27,STD 3 | STD 6 | STD 9+ | STD 11+,164,CHUNITHM NEW,吸血鬼|vampire
999,niconico,ボッカデラベリタ,柊キライ,STD 3 | STD 6 | STD 10 | STD 13,170,CHUNITHM NEW,真理之口
998,niconico,テレキャスタービーボーイ,すりぃ,STD 3 | STD 5 | STD 9+ | STD 12+,182,CHUNITHM NEW,telecaster|telecaster b-boy
997,niconico,グッバイ宣言,Chinozo,STD 3 | STD 5 | STD 9 | STD 12,170,CHUNITHM NEW,再见宣言
996,ゲキマイ,花と、雪と、ドラムンベース。,kanone feat. せんざい,STD 3 | STD 5 | STD 10+ | STD 14+,180,CHUNITHM NEW,花一轮
995,ゲキマイ,Baqeela,owl＊tree,STD 3 | STD 5 | STD 10 | STD 14,130,CHUNITHM NEW,
994,ゲキマイ,Blows Up Everything,USAO,STD 4 | STD 8+ | STD 13+ | STD 14,215,CHUNITHM NEW,吹爆
993,ゲキマイ,天火明命,削除,STD 3 | STD 6 | STD 10 | STD 14,155,CHUNITHM NEW,屎|大便
992,POPS & ANIME,うっせぇわ,Ado,STD 3 | STD 5 | STD 9 | STD 12+,178,,
991,POPS & ANIME,うまぴょい伝説,スペシャルウィーク （CV.和氣あず未）、サイレンススズカ （CV.高野麻里佳）、トウカイテイオー （CV.Machico）,STD 3 | STD 6 | STD 9+ | STD 12+,170,,
990,POPS & ANIME,永遠のAria,雨宮天「七つの大罪 憤怒の審判」,STD 3 | STD 5 | STD 8+ | STD 12+,164,,
989,VARIETY,ピアノ協奏曲第１番”蠍火”,virkato,STD 4 | STD 9 | STD 14 | STD 15+,165,CHUNITHM NEW,蠍火|蝎火|歇火|键盘|键盘毕业|歇逼
988,POPS & ANIME,圧　倒　的　存　在　感,鈴原るる／でびでび・でびる,STD 3 | STD 6 | STD 10 | STD 13,180,,压倒的存在感|压倒存在感
987,VARIETY,NightTheater,わかどり,STD 3 | STD 6 | STD 11+ | STD 14+,151,CHUNITHM NEW,嘻嘻嘻|夜剧院|剧院
986,VARIETY,MEGALOVANIA,Toby Fox「UNDERTALE」,STD 4 | STD 8 | STD 13+ | STD 14,240,CHUNITHM NEW,传说之下|狂妄之人
985,POPS & ANIME,Long shot,前島麻由「Re:ゼロから始める異世界生活」,STD 2 | STD 5 | STD 9+ | STD 12,135,,
984,ORIGINAL,IMPACT,USAO feat.光吉猛修,STD 4 | STD 8 | STD 12+ | STD 14+,210,CHUNITHM NEW,impact|因怕|雅迪|银爬|银趴
983,ゲキマイ,Iudicium “Apocalypsis Mix”,曲：Powerless／歌：柏木 咲姫(CV：石見 舞菜香)、柏木 美亜(CV:和氣 あず未),STD 3 | STD 6 | STD 11 | STD 14,170,CHUNITHM NEW,萝莉拉丁人|屎|音击iud|小iud
982,VARIETY,プナイプナイたいそう,立秋 feat.ちょこ,STD 3 | STD 6 | STD 10+ | STD 14,271,CHUNITHM NEW,噗奶噗奶
981,VARIETY,Tuk Tuk Boshi,Shaman Cure-All,STD 3 | STD 7 | STD 10+ | STD 14+,148,CHUNITHM NEW,tuktuk|土块|小树林亲嘴|小特大|土块博士
980,VARIETY,カラッポ・ノンフィクション,Ino(chronoize) feat. 柳瀬マサキ,STD 3 | STD 6 | STD 9 | STD 13,170,CHUNITHM NEW,
979,VARIETY,88D,mommy,STD 3 | STD 5 | STD 10+ | STD 14,135,CHUNITHM NEW,
978,POPS & ANIME,なだめスかし Negotiation（TVsize）,鹿乃と宇崎ちゃん「宇崎ちゃんは遊びたい！」,STD 3 | STD 5 | STD 9+ | STD 12+,150,,
977,VARIETY,Akasagarbha -reincarnate-,wa. vs ETIA.,STD 4 | STD 7 | STD 12+ | STD 14+,192,CHUNITHM NEW,akasa
976,ORIGINAL,Strange Love,削除,STD 4 | STD 10 | STD 13+ | STD 15,190,CHUNITHM NEW,奇怪爱|雅迪|假卡没我高|假卡S+是什么歌|假卡S+
975,ORIGINAL,Inpaqq,owl＊tree feat. ka＊tree,STD 3 | STD 6 | STD 10 | STD 13+,118,CHUNITHM NEW,
974,ORIGINAL,parvorbital,Frums,STD 4 | STD 7+ | STD 13 | STD 15,197,CHUNITHM NEW,香草|明日香|老婆
973,ORIGINAL,SQUAD-Phvntom-,Getty vs DJ DiA,STD 4 | STD 7+ | STD 13 | STD 14+,200,CHUNITHM NEW,squad|squad phvntom
972,ORIGINAL,Qliphothgear,Juggernaut.,STD 4 | STD 7 | STD 13 | STD 14+,212,CHUNITHM NEW,泽拉斯2|剑圣
971,イロドリミドリ,NewStartでReadyGo!,明坂 芹菜(CV:新田 恵海)＆御形 アリシアナ(CV:福原 綾香)＆天王洲 なずな(CV:山本 彩乃),STD 2 | STD 5 | STD 9 | STD 12,130,CHUNITHM NEW,
970,東方Project,#FairyJoke,uno (IOSYS),STD 3 | STD 6 | STD 10 | STD 14,160,CHUNITHM NEW,
969,東方Project,ルナティックレッドアイズ,Innocent Key,STD 3 | STD 5 | STD 9 | STD 12+,180,CHUNITHM NEW,
968,POPS & ANIME,Mirage Game,ペコリーヌ（M・A・O）、コッコロ（伊藤美来）、キャル（立花理香）、ユイ（種田梨沙）、ヒヨリ（東山奈央）、レイ（早見沙織）、シェフィ（近藤玲奈）「プリンセスコネクト！Re:Dive」,STD 3 | STD 6 | STD 9+ | STD 12,180,,
967,POPS & ANIME,Lost Princess,ペコリーヌ（M・A・O）、コッコロ（伊藤美来）、キャル（立花理香）「プリンセスコネクト！Re:Dive」,STD 2 | STD 5 | STD 9 | STD 11+,150,,失落公主
966,ゲキマイ,Radiance,Nhato,STD 3 | STD 6 | STD 10+ | STD 13+,155,CHUNITHM NEW,江江|江江比耶|小江江比耶
965,ゲキマイ,どうぶつ☆パラダイス,曲：村井大／歌：珠洲島 有栖(CV：長縄 まりあ),STD 2 | STD 5 | STD 9+ | STD 11+,114,CHUNITHM NEW,
964,ゲキマイ,Rule the World!!,曲：八木雄一 feat. Marty Friedman／歌：逢坂 茜(CV：大空 直美),STD 3 | STD 6 | STD 10 | STD 14,126,CHUNITHM NEW,逢坂茜|逢坂茜统治世界
963,ゲキマイ,UTAKATA,曲：ゆよゆっぺ／歌：九條 楓(CV：佳村 はるか),STD 3 | STD 5 | STD 9 | STD 12+,185,CHUNITHM NEW,
962,POPS & ANIME,FLARE,Void_Chords feat. LIO「ありふれた職業で世界最強」,STD 3 | STD 5 | STD 9+ | STD 12+,164,,
961,イロドリミドリ,Kattobi舞高Riders,舞ヶ原Riders,STD 3 | STD 5 | STD 10 | STD 13+,164,PARADISE LOST,彩绿叮叮车
960,イロドリミドリ,Blueprint,HaNaMiNa,STD 3 | STD 5 | STD 9+ | STD 12+,175,CHUNITHM NEW,蓝图
959,niconico,ポジティブ・パレード,DECO*27,STD 2 | STD 6 | STD 8+ | STD 12,155,PARADISE LOST,
958,niconico,幽霊東京,Ayase,STD 2 | STD 5 | STD 8 | STD 11+,124,PARADISE LOST,幽灵东京
957,niconico,ラグトレイン,稲葉曇,STD 2 | STD 5 | STD 8+ | STD 11+,147,PARADISE LOST,延误列车
956,POPS & ANIME,Realize,鈴木このみ「Re:ゼロから始める異世界生活」,STD 3 | STD 6 | STD 10 | STD 13,206,,re0|realize
955,ゲキマイ,Don't Fight The Music,黒魔,STD 4 | STD 7 | STD 12 | STD 14+,200,CHUNITHM NEW,别打歌|老婆|刹那
954,POPS & ANIME,Virtual to LIVE,にじさんじ,STD 2 | STD 5 | STD 9+ | STD 11,156,CHUNITHM NEW,
953,POPS & ANIME,Say!ファンファーレ!,白上フブキ（ホロライブ）,STD 3 | STD 6 | STD 9 | STD 12,170,CHUNITHM NEW,
952,POPS & ANIME,ヒバリ,HIMEHINA,STD 3 | STD 6 | STD 9+ | STD 12+,140,CHUNITHM NEW,
951,POPS & ANIME,天空カフェテリア,Petit Rabbit's「ご注文はうさぎですか？BLOOM」,STD 3 | STD 5 | STD 8+ | STD 12,154,,点兔
950,イロドリミドリ,Limits,舞ヶ原シンセ研究会,STD 3 | STD 5 | STD 9 | STD 13,140,CHUNITHM NEW,极限
949,ORIGINAL,《偏愛》 ～ Shattered Memories,3R2,STD 3 | STD 6 | STD 13 | STD 14,170,CHUNITHM NEW,偏爱
948,ORIGINAL,《種子》 ～ Set You Free,Iris,STD 4 | STD 6 | STD 10+ | STD 13+,185,CHUNITHM NEW,种子
947,ORIGINAL,《紀律》 ～ As One,James Landino feat.Nikki Simmons,STD 3 | STD 6 | STD 11 | STD 13+,150,CHUNITHM NEW,纪律
946,ORIGINAL,《自戒》 ～ Paganelope,Warak,STD 3 | STD 5 | STD 10+ | STD 14+,128,CHUNITHM NEW,米粒|自戒
945,VARIETY,Love & Justice,BACO,STD 4 | STD 6 | STD 12+ | STD 15,200,PARADISE LOST,唉症噫|爱正义|爱与正义|哎症臆|癌症一|唉症臆
944,POPS & ANIME,乙女のルートはひとつじゃない！,angela「乙女ゲームの破滅フラグしかない悪役令嬢に転生してしまった…」,STD 3 | STD 5 | STD 9+ | STD 11+,192,,
943,東方Project,神々が恋した幻想郷,Unlucky Morpheus,STD 3 | STD 5 | STD 10 | STD 14,155,PARADISE LOST,幻想乡
942,東方Project,明星ロケット,岸田教団&THE明星ロケッツ,STD 2 | STD 5 | STD 9 | STD 13,163,PARADISE LOST,
941,東方Project,全力ハッピーライフ,森羅万象,STD 3 | STD 6 | STD 9+ | STD 13,190,PARADISE LOST,
940,東方Project,Yakumo >>JOINT STRUGGLE (2019 Update),くっちー (DARKSIDE APPROACH),STD 3 | STD 7 | STD 11 | STD 14+,187,PARADISE LOST,八云|八雲
939,東方Project,ロストワードクロニカル,東方LostWord feat.いとうかなこ,STD 3 | STD 5 | STD 9+ | STD 13+,184,PARADISE LOST,
938,イロドリミドリ,Get a Life！,箱部 なる(CV:M・A・O)＆小仏 凪(CV:佐倉 薫)＆月鈴 白奈(CV:高野 麻里佳),STD 3 | STD 6 | STD 9+ | STD 12+,185,PARADISE LOST,
937,niconico,アンヘル,かいりきベア,STD 3 | STD 6 | STD 9 | STD 13+,184,PARADISE LOST,
936,niconico,永遠にゲームで対戦したいキリタン,GYARI,STD 2 | STD 5 | STD 9+ | STD 12+,126,PARADISE LOST,切蒲英|永远对战
935,niconico,スーサイドパレヱド,ユリイ・カノン feat.GUMI,STD 3 | STD 6 | STD 9+ | STD 13,176,PARADISE LOST,决死行进
934,POPS & ANIME,I believe what you said,亜咲花「ひぐらしのなく頃に 業」,STD 2 | STD 5 | STD 9 | STD 11+,138,,
933,ゲキマイ,最強 the サマータイム!!!!!,曲：村カワ基成／歌：オンゲキシューターズ,STD 3 | STD 6 | STD 9+ | STD 12+,178,PARADISE LOST,
932,POPS & ANIME,FIRE BIRD,Roselia「バンドリ！ ガールズバンドパーティ！」,STD 3 | STD 5 | STD 9+ | STD 13+,150,,火鸟|烧鸡
931,POPS & ANIME,キズナミュージック♪,Poppin'Party「バンドリ！ ガールズバンドパーティ！」,STD 3 | STD 5 | STD 9 | STD 12,189,,kizuma music|kizuna
930,ORIGINAL,Spiral Fortune,Marpril,STD 3 | STD 6 | STD 9 | STD 13+,140,PARADISE LOST,
929,ORIGINAL,Glory Days,KMNZ,STD 3 | STD 5 | STD 10 | STD 12,155,PARADISE LOST,
928,ORIGINAL,妖怪ですから,ぼっちぼろまる,STD 3 | STD 6 | STD 9 | STD 13,180,PARADISE LOST,
927,ORIGINAL,Utopithm,memex,STD 3 | STD 6 | STD 10 | STD 13+,170,PARADISE LOST,
926,ORIGINAL,自分勝手Dazzling,星街すいせい（ホロライブ）,STD 3 | STD 5 | STD 9+ | STD 12,130,PARADISE LOST,自分胜手
925,ORIGINAL,Pre Paid Pog Punk Panic,Hercelot,STD 3 | STD 7 | STD 13 | STD 14,190,CHUNITHM NEW,ppppp|5p
924,ORIGINAL,Super Kitsch Mode,Avec Avec,STD 3 | STD 6 | STD 10 | STD 13+,174,CHUNITHM NEW,刻奇
923,ORIGINAL,Echoes,Aiobahn,STD 3 | STD 6 | STD 9+ | STD 13+,155,CHUNITHM NEW,
922,ORIGINAL,Fantasm,yuigot feat.菅野真衣,STD 3 | STD 6 | STD 10 | STD 13+,213,CHUNITHM NEW,
921,ORIGINAL,創世のコンツェルティーナ,大嶋啓之,STD 3 | STD 7 | STD 10+ | STD 13,142,CHUNITHM NEW,创世
920,ORIGINAL,ピュグマリオンの咒文,アリスシャッハと魔法の楽団,STD 3 | STD 6 | STD 11 | STD 14,190,CHUNITHM NEW,咒文
919,ORIGINAL,人生攻略☆Tips,れるりり feat.konoco,STD 3 | STD 5 | STD 9 | STD 11+,150,CHUNITHM NEW,人生攻略
918,ORIGINAL,夢路拍子,稲葉曇 feat.Rairu,STD 3 | STD 6 | STD 9+ | STD 12,143,CHUNITHM NEW,梦路拍子
917,ORIGINAL,コスモポップファンクラブ,ナユタン星人,STD 2 | STD 5 | STD 9+ | STD 12,129,CHUNITHM NEW,cosmo pop fanclub|cpfc|巴拉巴巴拉
916,ORIGINAL,蜘蛛の糸,きくお×cosMo＠暴走P feat.影縫英,STD 4 | STD 8+ | STD 13+ | STD 15,180,CHUNITHM NEW,蜘蛛丝|长城|不来方
915,ORIGINAL,STAR IN THE WORLD,片霧烈火,STD 3 | STD 6 | STD 10 | STD 12+,180,CHUNITHM NEW,
914,ORIGINAL,Crack,はるなば feat.すずしろ,STD 4 | STD 7 | STD 11 | STD 14,200,CHUNITHM NEW,
913,ORIGINAL,Give me Love♡,C.G mix feat. RINA,STD 3 | STD 5 | STD 9 | STD 11+,146,CHUNITHM NEW PLUS,给我爱|雌小鬼
912,ORIGINAL,Blazing Break,yksb feat.MiLO,STD 3 | STD 5 | STD 9+ | STD 13+,142,CHUNITHM NEW,
911,ORIGINAL,Ring,R Sound Design feat.向日葵,STD 3 | STD 5 | STD 8+ | STD 11+,132,CHUNITHM NEW,
910,ORIGINAL,DDDD,monaca:factory feat.NORISTRY,STD 3 | STD 6 | STD 9+ | STD 13,156,CHUNITHM NEW,4D
909,ORIGINAL,雪男,かねこちはる,STD 4 | STD 10 | STD 12 | STD 15,256,CHUNITHM NEW,蜜雪冰城|雪女|雪王
908,ORIGINAL,UltraNeon,eoll,STD 3 | STD 7+ | STD 11+ | STD 14,187,CHUNITHM NEW,
907,ゲキマイ,封焔の135秒,大国奏音,STD 4 | STD 8 | STD 13+ | STD 15,200,CHUNITHM NEW,封焰|135|激烈的打架场景
906,ゲキマイ,脳天直撃,黒沢ダイスケ VS 穴山大輔,STD 4 | STD 9 | STD 13 | STD 15,145,CHUNITHM NEW,脑天|脑天直击|nt|脑瘫
905,イロドリミドリ,召しませ！Rock'n Roll Party,イロドリミドリ,STD 2 | STD 6 | STD 10+ | STD 13,270,PARADISE LOST,
904,VARIETY,花たちに希望を,Sound piercer feat.DAZBEE,STD 4 | STD 7 | STD 10+ | STD 14,187,CHUNITHM NEW,花希望
903,VARIETY,BLUE ZONE,Tatsh x NAOKI,STD 3 | STD 7 | STD 10+ | STD 14+,168,CHUNITHM NEW,蓝色区域|蓝的区|蓝区
902,VARIETY,REDRAVE,Tatsh&NAOKI feat.Kent Alexander,STD 3 | STD 6 | STD 11+ | STD 14,165,CHUNITHM NEW,
901,VARIETY,ミュージック・リボルバー,世阿弥「ミュージックガンガン！2」,STD 3 | STD 7 | STD 11+ | STD 14+,168,CHUNITHM NEW,白左轮|左轮
900,VARIETY,DAZZLING♡SEASON,jun「CROSSxBEATS」,STD 3 | STD 7 | STD 9 | STD 13+,180,CHUNITHM NEW,
899,VARIETY,Satellite System ft.Diana Chiaki,GRATEC MOUR「CROSSxBEATS」,STD 4 | STD 7+ | STD 12+ | STD 14,128,CHUNITHM NEW,卫星系统|卫星
898,VARIETY,8OROCHI,REDALiCE「太鼓の達人」,STD 4 | STD 7+ | STD 12+ | STD 14,201,CHUNITHM NEW PLUS,八岐大蛇
897,VARIETY,Crimson Phoenix,xi vs MASAKI「グルーヴコースター」,STD 4 | STD 7+ | STD 13 | STD 14+,180,CHUNITHM NEW,凤凰
896,VARIETY,]-[|/34<#!,並木学（ナミキマナブ）「怒首領蜂大復活」,STD 4 | STD 8+ | STD 14 | STD 14+,225,,怒蜂|蜂|怒首领蜂|乱码歌|绯蜂|noob|乱码|牢蜂
895,VARIETY,SINister Evolution,TAK,STD 3 | STD 5 | STD 12 | STD 14+,149,CHUNITHM NEW,正弦|雅迪|雅迪电动车|sin|儿歌
894,niconico,二次元ドリームフィーバー,PolyphonicBranch,STD 4 | STD 6 | STD 10+ | STD 14,180,CHUNITHM NEW,
893,VARIETY,CHAOS,Æsir「Cytus Ⅱ」,STD 2 | STD 7 | STD 10 | STD 13+,150,CHUNITHM NEW,超死|傻逼|大粪|屎|粪便|超市
892,VARIETY,XL TECHNO -More Dance Remix-,from PACA PACA PASSION Special,STD 2 | STD 6 | STD 13+ | STD 14+,150,CHUNITHM NEW,特大
891,VARIETY,A Site De La Rue,KIEN (STREME REVERIE),STD 3 | STD 7 | STD 12+ | STD 15,186,CHUNITHM NEW,狗叫歌|狗叫|雅迪|asite
890,東方Project,ホイホイ☆幻想ホロイズム,COOL&CREATE × 宝鐘マリン with ホロイズムファンタジー,STD 3 | STD 6 | STD 10 | STD 13+,195,CHUNITHM NEW,
889,東方Project,キャプテン・ムラサのケツアンカー,ARM＋夕野ヨシミ (IOSYS) feat.山本椛,STD 3 | STD 6 | STD 9+ | STD 13,190,CHUNITHM NEW,
888,東方Project,"Little ""Sister"" Bitch",t+pazolite,STD 4 | STD 6 | STD 9+ | STD 13+,185,CHUNITHM NEW,小标志|小姐姐
887,東方Project,No Life Queen [DJ Command Remix],SOUND HOLIC Vs. Eurobeat Union feat. Nana Takahashi,STD 3 | STD 6 | STD 10 | STD 13,165,CHUNITHM NEW,
886,東方Project,Bad Apple!! feat.nomico (REDALiCE Remix),Masayoshi Minoshima × REDALiCE,STD 3 | STD 6 | STD 9+ | STD 12+,170,CHUNITHM NEW,
885,東方Project,ナイト・オブ・ナイツ (かめりあ’s“ワンス・アポン・ア・ナイト”Remix),ビートまりお × かめりあ,STD 3 | STD 7 | STD 10+ | STD 14,188,CHUNITHM NEW,夜骑|山茶花夜骑|花夜骑|花骑
884,niconico,深海のリトルクライ feat. 土岐麻子,sasakure.UK,STD 3 | STD 6 | STD 9+ | STD 13+,156,,
883,niconico,高音厨音域テスト,木村わいP,STD 4 | STD 6 | STD 8+ | STD 12,180,CHUNITHM NEW,
882,niconico,失敗作少女,かいりきベア・MARETU feat.初音ミク,STD 3 | STD 5 | STD 9 | STD 12+,235,CHUNITHM NEW,失败作少女
881,niconico,骸骨楽団とリリア,トーマ,STD 2 | STD 6 | STD 10 | STD 12+ | STD 14+,260,CHUNITHM NEW,骸骨乐团
880,niconico,ローリンガール,wowaka,STD 3 | STD 6 | STD 9 | STD 13,195,CHUNITHM NEW,rolling girl
879,niconico,セカイ,DECO*27×堀江晶太(kemu),STD 2 | STD 5 | STD 9+ | STD 12+,133,CHUNITHM NEW,sekai
878,niconico,拝啓、桜舞い散るこの日に,まふまふ,STD 3 | STD 6 | STD 9+ | STD 12+,186,,敬启2
877,niconico,心予報,Eve,STD 3 | STD 5 | STD 8+ | STD 12+,143,,心预报
876,niconico,電脳少女は歌姫の夢を見るか？,デスおはぎ,STD 3 | STD 6 | STD 10 | STD 14,240,CHUNITHM NEW,电脑少女
875,niconico,KING,Kanaria,STD 3 | STD 5 | STD 9 | STD 12,166,CHUNITHM NEW,哈哈你是王
874,niconico,ヴィラン,てにをは,STD 3 | STD 5 | STD 9+ | STD 13,102,CHUNITHM NEW,villain
873,POPS & ANIME,名前のない怪物,EGOIST CX系ノイタミナ「PSYCHO-PASS サイコパス」エンディングテーマ,STD 3 | STD 6 | STD 9 | STD 12+,180,,
872,POPS & ANIME,エクストラ・マジック・アワー,AKINO with bless4「甘城ブリリアントパーク」,STD 3 | STD 6 | STD 8+ | STD 12+,180,,
871,POPS & ANIME,廻廻奇譚,Eve TVアニメ「呪術廻戦」第1クールオープニングテーマ,STD 3 | STD 6 | STD 9 | STD 12,178,,回回奇谭
870,POPS & ANIME,GO! GO! MANIAC,放課後ティータイム「けいおん！！」,STD 3 | STD 6 | STD 10 | STD 13+,250,,ggm
869,POPS & ANIME,紅,X JAPAN [covered by 光吉猛修],STD 3 | STD 7 | STD 11 | STD 14+,156,,红
868,POPS & ANIME,夜に駆ける,YOASOBI,STD 2 | STD 5 | STD 9 | STD 11+,130,CHUNITHM NEW,夜驱
867,POPS & ANIME,残酷な天使のテーゼ,高橋洋子「新世紀エヴァンゲリオン」,STD 2 | STD 5 | STD 8 | STD 11,128,,残酷天使
866,POPS & ANIME,インフェルノ,Mrs. GREEN APPLE,STD 3 | STD 5 | STD 9+ | STD 12,185,,inferno|🔥
865,POPS & ANIME,猫 ～THE FIRST TAKE ver.～,DISH//,STD 1 | STD 4 | STD 8 | STD 11,77,,
864,POPS & ANIME,香水,瑛人,STD 2 | STD 4 | STD 7 | STD 10,122,,
863,POPS & ANIME,Yes! Party Time!!,島村卯月、渋谷 凛、本田未央、赤城みりあ、安部菜々「アイドルマスター シンデレラガールズ」,STD 3 | STD 5 | STD 9+ | STD 11+,148,PARADISE LOST,
862,POPS & ANIME,ザ・ライブ革命でSHOW！,星井美希、高槻やよい、菊地 真、双海亜美、双海真美、四条貴音「アイドルマスター」,STD 2 | STD 5 | STD 9 | STD 12,162,PARADISE LOST,
861,POPS & ANIME,No.1,DISH//「僕のヒーローアカデミア」,STD 3 | STD 6 | STD 9 | STD 11+,181,,str
860,ゲキマイ,アポカリプスに反逆の焔を焚べろ,cosMo＠暴走AlterEgo,STD 4 | STD 8 | STD 13+ | STD 15,222,PARADISE LOST,反逆焰|800块|八百块钱
859,ORIGINAL,再生不能,ろくろ feat.鹿乃,STD 3 | STD 8 | STD 10+ | STD 14,236,PARADISE LOST,再生低能
858,ORIGINAL,呪歌-JyuKa-,ガルナ(オワタP) feat.水槽,STD 3 | STD 6 | STD 9+ | STD 12+,160,PARADISE LOST,
857,ORIGINAL,Tattoo,みきとP feat. victream,STD 3 | STD 6 | STD 9 | STD 12+,155,PARADISE LOST,
856,ORIGINAL,Dark Diver,emon(Tes.) feat.ねんね,STD 3 | STD 5 | STD 8+ | STD 12+,136,PARADISE LOST,
855,ORIGINAL,ハルシナイト,かしこ。 feat.Cereus,STD 2 | STD 5 | STD 9 | STD 11+ | STD 13+,128,PARADISE LOST,
854,ORIGINAL,TECHNOPOLIS 2085,PRASTIK DANCEFLOOR,STD 2 | STD 7 | STD 12 | STD 14+,134,PARADISE LOST,雅迪|2085|啊🤪～啊🤪～啊咦😬啊咦😬啊→啊↑啊↓😨啊😰～嗯💥哎哎🤗哎哦哎嗯😋～哦哎🥳爱爱爱爱爱😍啊🤪～啊🤪～啊咦😬啊咦😬啊→啊↑啊↓😨啊😰～嗯💥嗯嗯👿滴嘚滴嘚😈唔😱嘟⬅️嘟↖️嘟⬆️嘟↗️嘟➡️嘟↘️嘟⬇️
853,niconico,セカイはまだ始まってすらいない,ピノキオピー / 初音ミク / ワンダーランズ×ショウタイム「プロジェクトセカイ カラフルステージ！ feat. 初音ミク」,STD 3 | STD 5 | STD 8+ | STD 12,138,PARADISE,
852,VARIETY,董卓討つべし,おもしろ三国志,STD 3 | STD 7 | STD 11+ | STD 14,140,PARADISE,董卓
851,VARIETY,ベースラインやってる？笑,かめりあ feat. ななひら,STD 3 | STD 5 | STD 10 | STD 14,128,PARADISE LOST,w|bassline|baseline
850,POPS & ANIME,Deep in Abyss,リコ（CV：富田美憂）、レグ（CV：伊瀬茉莉也）「メイドインアビス」,STD 2 | STD 5 | STD 8+ | STD 11+,135,,
849,ORIGINAL,[CRYSTAL_ACCESS],Blacklolita,STD 4 | STD 6 | STD 11 | STD 14+,160,CHUNITHM NEW,水晶通道|雅迪电动车
848,POPS & ANIME,Paradise Lost,茅原実里,STD 3 | STD 6 | STD 9+ | STD 12,165,,
847,VARIETY,真千年女王,しらいし,STD 4 | STD 8 | STD 12+ | STD 14+,160,PARADISE,
846,VARIETY,クロートーと星の観測者,しーけー,STD 4 | STD 6 | STD 10 | STD 14,230,PARADISE,观星者|星之观测者|观测者|星观测者
845,ゲキマイ,What color...,曲：NAOKI／歌：早乙女 彩華(CV：中島 唯),STD 2 | STD 6 | STD 10 | STD 12+,158,PARADISE LOST,
844,ゲキマイ,SWEET SHAKE!!,曲：佐藤純一（fhána）／歌：桜井 春菜(CV：近藤 玲奈),STD 2 | STD 5 | STD 9 | STD 12+,134,PARADISE LOST,
843,ゲキマイ,GranFatalité,曲：ZAQ／歌：柏木 咲姫(CV：石見 舞菜香),STD 3 | STD 6 | STD 9+ | STD 13+,240,PARADISE LOST,
842,ゲキマイ,GAME IS LIFE,曲：ヒゲドライバー／歌：井之原 小星(CV：ももの はるな),STD 3 | STD 6 | STD 10 | STD 13,160,PARADISE LOST,
841,ORIGINAL,祈 -我ら神祖と共に歩む者なり-,光吉猛修 VS 穴山大輔 VS Kai VS 水野健治 VS 大国奏音,STD 6 | STD 10 | STD 14+ | STD 15+,219,PARADISE LOST,雅迪|祈|老登
840,VARIETY,BATTLE NO.1,TANO*C Sound Team,STD 4 | STD 9+ | STD 12 | STD 14+,200,PARADISE LOST,打架第一名|战地一
839,ゲキマイ,BLACK ROSE,S!N・+α/あるふぁきゅん。×ALI PROJECT,STD 2 | STD 5 | STD 9+ | STD 12,145,PARADISE LOST,
838,ゲキマイ,福宿音屋魂音泉,魂音泉,STD 3 | STD 6 | STD 10 | STD 12+,162,PARADISE LOST,
837,ゲキマイ,ここからはじまるプロローグ。,ああああ,STD 2 | STD 5 | STD 10 | STD 13+,182,PARADISE LOST,
836,イロドリミドリ,正体判明ネームレスガール,HaNaMiNa feat.Minae,STD 3 | STD 6 | STD 9+ | STD 13+,190,PARADISE LOST,
835,POPS & ANIME,異世界かるてっと,アインズ（CV：日野 聡）、カズマ（CV：福島 潤）、スバル（CV：小林裕介）、ターニャ（CV：悠木 碧）「異世界かるてっと」,STD 3 | STD 5 | STD 9+ | STD 12+,148,PARADISE LOST,
834,ORIGINAL,X7124,Silentroom,STD 4 | STD 10 | STD 14 | STD 15,180,PARADISE LOST,香草|0721|7124|EXTRA
833,ORIGINAL,Elemental Ethnic,Yooh,STD 3 | STD 8 | STD 12+ | STD 14+,163,PARADISE LOST,狗叫机关枪|香草|老公|元素民族
832,ORIGINAL,Blessed Rain,ぺのれり,STD 3 | STD 7+ | STD 12+ | STD 14+,216,PARADISE LOST,祝福雨|干什么！
831,ORIGINAL,月詠に鳴る,Feryquitous feat.藍月なくる,STD 3 | STD 7 | STD 10+ | STD 14,180,PARADISE LOST,月咏
830,ORIGINAL,C & B,PSYQUI feat.Such,STD 3 | STD 7+ | STD 11+ | STD 14,170,PARADISE LOST,踩踩背|ccb|踩背|c&b
829,イロドリミドリ,ケ・セラ・セラ奇想曲,HaNaMiNa,STD 3 | STD 7 | STD 10 | STD 13,190,PARADISE LOST,
828,東方Project,ポーカーフェイス,少女フラクタル,STD 3 | STD 6 | STD 9+ | STD 14,170,PARADISE LOST,
827,東方Project,はたてのバッコイ殺人事件,ARM＋夕野ヨシミ (IOSYS) feat.miko,STD 3 | STD 6 | STD 10 | STD 13+,160,PARADISE LOST,
826,東方Project,Earthquake Super Shock,SOUND HOLIC feat. Nana Takahashi,STD 3 | STD 6 | STD 9 | STD 12+,175,PARADISE LOST,
825,東方Project,ふぃーばー,Silver Forest,STD 2 | STD 5 | STD 8+ | STD 11+,136,PARADISE LOST,
824,niconico,惑星ループ,ナユタン星人,STD 3 | STD 5 | STD 8+ | STD 11+,170,PARADISE LOST,行星环
823,niconico,こちら、幸福安心委員会です。,うたたP,STD 2 | STD 6 | STD 11 | STD 13+,128,PARADISE LOST,幸福安心委员会
822,niconico,アンドロイドガール,DECO*27,STD 3 | STD 6 | STD 10 | STD 13+,192,PARADISE LOST,安卓少女
821,ORIGINAL,Blazing:Storm,かゆき,STD 4 | STD 8+ | STD 12+ | STD 15,165,PARADISE LOST,火男|bs
820,ORIGINAL,"Athlete Killer ""Meteor""",LamazeP feat.月乃,STD 3 | STD 7+ | STD 10+ | STD 14,185,CHUNITHM NEW,akm|硅胶歌|鬼叫歌|诶啊啊
819,ORIGINAL,つっぱれ！にゃんきー魂,Neko Hacker feat.うごくちゃん,STD 3 | STD 6 | STD 10+ | STD 13+,160,PARADISE LOST,
818,ORIGINAL,萌豚♥功夫♥大乱舞,李 龟琍椏 feat.娜娜苤來,STD 4 | STD 7+ | STD 10+ | STD 13+,144,PARADISE LOST,臀萌|臀萌大飞舞
817,ORIGINAL,Charlatan,煮ル果実×びす,STD 2 | STD 6 | STD 9+ | STD 13,145,PARADISE LOST,
816,ORIGINAL,おいでよ！ 高須らいむランド,柏木るざりん feat.青葉りんご,STD 3 | STD 5 | STD 9 | STD 12+ | STD 14+,170,PARADISE LOST,
815,ORIGINAL,レイニーカラー・ウォーターカラー,烏屋茶房 feat.利香,STD 2 | STD 5 | STD 8 | STD 11+,142,PARADISE LOST,
814,ゲキマイ,"Good bye, Merry-Go-Round.",Yooh,STD 4 | STD 7 | STD 12+ | STD 14+,185,PARADISE LOST,旋转木马|旋转木妈
813,ゲキマイ,the EmpErroR,sasakure.UK,STD 5 | STD 7+ | STD 13 | STD 14+,240,CHUNITHM NEW,皇帝|emperor|the emperor|jmt
812,イロドリミドリ,Over Heart,芒崎 奏(CV:立花 理香),STD 2 | STD 6 | STD 9+ | STD 13+,140,PARADISE LOST,
811,イロドリミドリ,なんかノイズにきこえる,HaNaMiNa feat.Hana,STD 3 | STD 6 | STD 8+ | STD 13,158,PARADISE LOST,
810,東方Project,Wizdomiot,LeaF,STD 4 | STD 7 | STD 12 | STD 15,200,PARADISE LOST,dna|wiz
809,niconico,サクリファイス,まふまふ,STD 3 | STD 7 | STD 9+ | STD 13,192,,
808,POPS & ANIME,もってけ!セーラーふく,泉こなた（CV.平野 綾）、柊かがみ（CV.加藤英美里）、柊つかさ（CV.福原香織）、高良みゆき（CV.遠藤 綾）「らき☆すた」,STD 3 | STD 6 | STD 9 | STD 12,155,,
807,POPS & ANIME,脳裏上のクラッカー,ずっと真夜中でいいのに。,STD 2 | STD 5 | STD 8 | STD 11+,128,,
806,POPS & ANIME,Phantom Joke,UNISON SQUARE GARDEN,STD 3 | STD 6 | STD 10 | STD 13+,200,,
805,POPS & ANIME,君のせい,the peggies「青春ブタ野郎はバニーガール先輩の夢を見ない」,STD 3 | STD 6 | STD 9+ | STD 11+,174,,
804,VARIETY,ぷよぷよのうた ピコピコミックス,あんどうりんご（CV:今井麻美）「ぷよぷよ!!」,STD 3 | STD 6 | STD 8+ | STD 13+,155,PARADISE LOST,
803,POPS & ANIME,歩いていこう！,東山奈央「恋する小惑星」,STD 1 | STD 4 | STD 8 | STD 11,97,,
802,POPS & ANIME,町かどタンジェント,shami momo（吉田優子・千代田桃）／CV：小原好美・鬼頭明里「まちカドまぞく」,STD 3 | STD 6 | STD 9 | STD 11+,165,,街角魔族
801,VARIETY,BUCHiGiRE Berserker,REDALiCE vs MASAKI「グルーヴコースター」,STD 4 | STD 9+ | STD 13+ | STD 14+,200,PARADISE,狂战士
800,VARIETY,Lemegeton -little key of solomon-,Team Grimoire vs MASAKI「グルーヴコースター」,STD 3 | STD 9+ | STD 13 | STD 14+,185,PARADISE,所罗门|所罗门的小钥匙
799,VARIETY,SKYSCRAPER,Dr. ARM (IOSYS)「グルーヴコースター」,STD 2 | STD 6 | STD 10+ | STD 13+,140,PARADISE,
798,VARIETY,DX超性能フルメタル少女,IOSYS TRAX (uno with.ちよこ)「グルーヴコースター」,STD 3 | STD 7 | STD 11 | STD 14,160,PARADISE,超纵连少女
797,VARIETY,LINK LINK FEVER!!!,リンカ (CV: 豊田萌絵)「グルーヴコースター」,STD 3 | STD 6 | STD 9+ | STD 11+,182,PARADISE,
796,イロドリミドリ,恋はりんりん☆あーりんベル,御形 アリシアナ(CV:福原 綾香),STD 3 | STD 5 | STD 9 | STD 12+,170,CHUNITHM NEW PLUS,
795,ゲキマイ,Technicians High,HiTECH NINJA,STD 3 | STD 6 | STD 11+ | STD 14,165,CHUNITHM NEW,科技高
794,イロドリミドリ,Everything For A Reason,イロドリミドリ,STD 3 | STD 6 | STD 10 | STD 13+,147,PARADISE,
793,POPS & ANIME,甲賀忍法帖,陰陽座,STD 3 | STD 5 | STD 9 | STD 12+,178,,
792,ORIGINAL,赤壁、大炎上！！,Cranky feat.おもしろ三国志,STD 4 | STD 9+ | STD 13 | STD 15,200,PARADISE,大炎上|赤壁大炎上|刘备|刘备手|赤壁|猩猩毕业考
791,ORIGINAL,《本能》 ～ ReCoda,Spiegel vs Yukino,STD 3 | STD 8 | STD 10+ | STD 14+,156,PARADISE,本能
790,ORIGINAL,《選別》 ～ Refuge,Iris,STD 3 | STD 7+ | STD 11+ | STD 14,160,PARADISE,选别
789,ORIGINAL,《信仰》 ～ Eudaimonia,空氣載體 The AirCarrier,STD 3 | STD 7 | STD 11 | STD 13+,180,PARADISE,信仰
788,ORIGINAL,《投影》 ～ Oh My Baby Doll,Ring feat.SLSMusic,STD 3 | STD 6 | STD 10 | STD 14,120,PARADISE,投影
787,ORIGINAL,《狂乱》 ～ Cataclysm,3R2 as Katzeohr,STD 3 | STD 6 | STD 11+ | STD 13+,155,PARADISE,狂乱
786,イロドリミドリ,MELtin' 17,桔梗 小夜曲(CV:原田 彩楓),STD 3 | STD 6 | STD 10 | STD 14,175,PARADISE,
785,東方Project,LOVE EAST,暁Records,STD 2 | STD 6 | STD 9+ | STD 12+,168,PARADISE,
784,東方Project,しゅわスパ大作戦☆,SOUND HOLIC feat. Nana Takahashi,STD 2 | STD 5 | STD 9 | STD 13,140,PARADISE,
783,東方Project,疾走あんさんぶる,ビートまりお（COOL&CREATE）,STD 3 | STD 7 | STD 11+ | STD 13+,195,PARADISE,
782,POPS & ANIME,キラメキライダー☆,hololive IDOL PROJECT,STD 3 | STD 5 | STD 8+ | STD 12+,182,,
781,POPS & ANIME,Shiny Smily Story,hololive IDOL PROJECT,STD 3 | STD 5 | STD 8 | STD 11+,168,PARADISE,
780,niconico,白ゆき,n-buna,STD 3 | STD 6 | STD 9+ | STD 13,210,PARADISE,白雪
779,niconico,スターナイトスノウ,n-buna × Orangestar,STD 3 | STD 5 | STD 9 | STD 12+,180,PARADISE,星夜之雪
778,niconico,ぽかぽかの星,はるまきごはん,STD 1 | STD 5 | STD 7+ | STD 10+,114,PARADISE,
777,niconico,愛されなくても君がいる,ピノキオピー,STD 3 | STD 5 | STD 8+ | STD 12+,150,PARADISE,
776,POPS & ANIME,モノノケ・イン・ザ・フィクション,嘘とカメレオン「虚構推理」,STD 3 | STD 6 | STD 9 | STD 12+,195,,
775,ORIGINAL,ANU,sasakure.UK VS 穴山大輔,STD 4 | STD 9+ | STD 13+ | STD 15,240,PARADISE,阿牛|阿奴|澳洲国立大学
774,ORIGINAL,Parad'ox,Potwi,STD 3 | STD 7+ | STD 12 | STD 14+,168,PARADISE,paradox|大佛冷|悖论
773,ORIGINAL,Insane Gamemode,pan vs 7mai,STD 3 | STD 7 | STD 11 | STD 14,133,PARADISE,ig
772,ORIGINAL,Just You,サルケバ,STD 3 | STD 6 | STD 10+ | STD 13+,190,PARADISE,
771,ORIGINAL,宙の隣,くるぶっこちゃん,STD 3 | STD 6 | STD 11 | STD 14,130,PARADISE,宙之邻
770,イロドリミドリ,Jack the GAME,藤堂 陽南袴(CV:八島 さらら),STD 3 | STD 6 | STD 10 | STD 13+,145,PARADISE,
769,ORIGINAL,Paqqin (tpz Despair Remix),owl＊tree／t+pazolite,STD 4 | STD 8 | STD 12 | STD 14+,240,PARADISE,paqqintpz|怕亲
768,ゲキマイ,Viyella's Tears,Laur,STD 4 | STD 9 | STD 13 | STD 15,218,PARADISE,维也纳之泪|眼泪|vt|小圆|小圆射箭
767,ゲキマイ,Alea jacta est!,BlackY fused with WAiKURO,STD 3 | STD 8 | STD 13 | STD 14+,162,PARADISE,黑人|黑人打架|击剑
766,東方Project,ナイト・オブ・ナイツ (USAO Remix),ビートまりお × USAO,STD 3 | STD 7 | STD 11 | STD 14,205,PARADISE,兔夜骑|夜骑|usao夜骑
765,niconico,ベノム,かいりきベア,STD 3 | STD 6 | STD 9 | STD 12+,152,PARADISE,猛毒
764,niconico,アンクローズ・ヒューマン,作曲：カジャ　作詞：傘村トータ　編曲：ねじ式　調声：シリア,STD 3 | STD 6 | STD 9+ | STD 13+,178,PARADISE,unclose human
763,niconico,彗星ハネムーン,ナユタン星人,STD 2 | STD 5 | STD 8 | STD 11+,145,PARADISE LOST,彗星蜜月
762,niconico,ドラマツルギー,Eve,STD 3 | STD 5 | STD 10 | STD 12,149,PARADISE,拟剧论
761,POPS & ANIME,真赤な誓い,福山芳樹「武装錬金」,STD 3 | STD 6 | STD 9+ | STD 12+,185,,
760,POPS & ANIME,だから僕は音楽を辞めた,ヨルシカ,STD 2 | STD 5 | STD 7+ | STD 11+,125,PARADISE,
759,POPS & ANIME,ごまかし,TrySail,STD 3 | STD 6 | STD 8 | STD 12,189,,
758,POPS & ANIME,Pretender,Official髭男dism,STD 2 | STD 5 | STD 8 | STD 11,92,,
757,VARIETY,AttraqtiA,かめりあ「Arcaea」,STD 4 | STD 8 | STD 13 | STD 14+,202,PARADISE,大杯|雅迪|attr|att
756,VARIETY,Arcahv,Feryquitous「Arcaea」,STD 3 | STD 7+ | STD 11+ | STD 14,191,PARADISE,arcaea
755,VARIETY,Cyaegha,USAO「Arcaea」,STD 4 | STD 8 | STD 11 | STD 14,200,PARADISE,绿魔王|咲弥|老婆|塞伊格亚
754,ORIGINAL,Last Celebration,Laur vs CK,STD 4 | STD 9+ | STD 12+ | STD 14+,238,PARADISE,lc
753,ORIGINAL,B100d Hunter,DIVELA feat.いゔどっと,STD 3 | STD 8 | STD 11 | STD 14+,164,PARADISE,血猎|blood hunter|血猎人|寻血猎犬|b100
752,ORIGINAL,Hey Yeah!!,KOTONOHOUSE,STD 3 | STD 7 | STD 10+ | STD 13+,165,PARADISE,
751,ORIGINAL,Yume no hajimari,Virtual Cat,STD 2 | STD 6 | STD 10+ | STD 13+,98,PARADISE,狂2085|2085狂
750,ORIGINAL,絶対トキメキデリバリー,TOKOTOKO（西沢さんP） feat.あやぽんず＊,STD 3 | STD 5 | STD 10+ | STD 13+,138,PARADISE,
749,ORIGINAL,ROAD TO DREAM,達見 恵 featured by 佐野宏晃,STD 3 | STD 6 | STD 9+ | STD 13+,175,PARADISE,
748,ORIGINAL,テリトリーバトル,ツユ,STD 2 | STD 5 | STD 9 | STD 12,140,,领土战争|小南娘|小男娘|日服男刀
747,niconico,フィクサー,ぬゆり,STD 2 | STD 5 | STD 9+ | STD 13,135,CRYSTAL PLUS,fixer
746,POPS & ANIME,さよならエレジー,菅田将暉,STD 2 | STD 5 | STD 8 | STD 11,155,,
745,niconico,乙女解剖,DECO*27,STD 2 | STD 5 | STD 8 | STD 11+,134,CRYSTAL PLUS,
744,niconico,命に嫌われている,カンザキイオリ,STD 3 | STD 6 | STD 9 | STD 13,200,CRYSTAL PLUS,命嫌
743,ORIGINAL,The Metaverse -First story of the SeelischTact-,光吉猛修 VS 目黒将司,STD 5 | STD 10 | STD 14 | STD 15+,190,CRYSTAL PLUS,元宇宙|metaverse|小鸡鸡伸过来让我砸一下|the|元|meta
742,VARIETY,小悪魔の遊園地,光吉猛修の弟,STD 4 | STD 8 | STD 13+ | STD 15,183,CRYSTAL PLUS,游乐园|小恶魔|小恶魔的游乐园
741,東方Project,レータイスパークEx,ビートまりお（COOL&CREATE）,STD 4 | STD 7 | STD 11 | STD 14,210,CRYSTAL PLUS,
740,東方Project,Sweet Requiem,REDALiCE & aran,STD 4 | STD 6 | STD 10+ | STD 14,190,CRYSTAL PLUS,红蓝灵梦
739,VARIETY,Ascension to Heaven,xi,STD 4 | STD 8 | STD 13+ | STD 15,200,CRYSTAL PLUS,飞升天堂|ah|ath|飞升
738,POPS & ANIME,今宵mofumofu!!,仙狐（CV：和氣あず未）、シロ（CV：内田真礼）「世話やきキツネの仙狐さん」,STD 3 | STD 6 | STD 9 | STD 12+,206,,
737,ゲキマイ,P！P！P！P！がおー!!,曲：Tom-H@ck／歌：結城 莉玖(CV：朝日奈 丸佳),STD 3 | STD 6 | STD 10+ | STD 13+,250,CRYSTAL PLUS,
736,ゲキマイ,Here We Go,曲：TeddyLoid／歌：高瀬 梨緒(CV：久保 ユリカ),STD 3 | STD 5 | STD 9+ | STD 13+,150,CRYSTAL PLUS,黑喂狗
735,ゲキマイ,みんな Happy!!,曲：ヒゲドライバー／歌：藤沢 柚子(CV：久保田 梨沙),STD 2 | STD 5 | STD 8 | STD 11,135,CRYSTAL PLUS,
734,ゲキマイ,Perfect Shining!!,曲：宮崎誠／歌：星咲 あかり(CV：赤尾 ひかる),STD 3 | STD 6 | STD 9 | STD 12+,182,CRYSTAL PLUS,
733,ORIGINAL,宿星審判,suzu,STD 4 | STD 9+ | STD 13+ | STD 15+,189,CRYSTAL PLUS,雅迪|宿星审判|宿
732,ORIGINAL,Hainuwele,ETIA.,STD 4 | STD 8 | STD 13+ | STD 14+,175,CRYSTAL PLUS,超大杯|雅迪|华为完了|华为
731,ORIGINAL,ハードコア・シンドローム,t+pazolite (HARDCORE TANO*C) feat.TANO*C ALL STARS,STD 4 | STD 7+ | STD 12 | STD 14+,190,CRYSTAL PLUS,hardcore syndrome|打架第二名|hardcore|硬核|梅西哥拆机
730,ORIGINAL,U ARE,MK&Kanae Asaba,STD 2 | STD 6 | STD 10+ | STD 14+,130,CRYSTAL PLUS,你是
729,イロドリミドリ,We Are Us,舞ヶ原シンセ研究会,STD 2 | STD 7 | STD 10 | STD 13,145,PARADISE,
728,イロドリミドリ,君と、この瞬間,イロドリミドリ,STD 3 | STD 6 | STD 8+ | STD 12+,188,CRYSTAL PLUS,
727,VARIETY,Jade Star,SHIKI,STD 4 | STD 7 | STD 10+ | STD 14,152,CRYSTAL PLUS,翠星石
726,POPS & ANIME,禁じられた遊び,ALI PROJECT「ローゼンメイデン」,STD 2 | STD 5 | STD 8 | STD 12+,121,,
725,POPS & ANIME,殺人レコード恐怖のメロディ,作曲：宮内國郎「チャージマン研！」,STD 3 | STD 6 | STD 10 | STD 14,138,,
724,POPS & ANIME,チャージマン研！,歌：ひばり児童合唱団、作曲：宮内國郎、作詞：ナック企画部「チャージマン研！」,STD 2 | STD 5 | STD 8+ | STD 12+,141,,
723,VARIETY,檄！帝国華撃団＜新章＞,佐倉綾音（天宮さくら）、内田真礼（東雲初穂）、山村響（望月あざみ）、福原綾香（アナスタシア・パルマ）、早見沙織（クラリス）「新サクラ大戦」,STD 3 | STD 6 | STD 8 | STD 11+,143,CRYSTAL PLUS,新缴
722,イロドリミドリ,SUPER RESULT BEAT vol.1,V.I.(Various Irodorimidori),STD 3 | STD 6 | STD 10 | STD 13+,166,CRYSTAL PLUS,
721,イロドリミドリ,アイジャストロック,HaNaMiNa,STD 3 | STD 6 | STD 10 | STD 12+,200,CRYSTAL PLUS,
720,VARIETY,Blackmagik Blazing,かめりあ,STD 5 | STD 9+ | STD 13 | STD 15,256,CRYSTAL PLUS,黑魔法
719,VARIETY,インドア系ならトラックメイカー,Yunomi & nicamoq,STD 3 | STD 5 | STD 10 | STD 12+,128,CRYSTAL PLUS,室内系
718,POPS & ANIME,Lostorage,井口裕香「Lostorage incited WIXOSS」,STD 3 | STD 6 | STD 9+ | STD 12,189,,
717,POPS & ANIME,killy killy JOKER,分島花音「selector infected WIXOSS」,STD 3 | STD 6 | STD 9+ | STD 12,180,,
716,niconico,Jump for Joy,EasyPop,STD 2 | STD 5 | STD 9+ | STD 11+,126,CRYSTAL PLUS,
715,niconico,ブレス・ユア・ブレス,和田たけあき,STD 3 | STD 5 | STD 8 | STD 13,152,CRYSTAL PLUS,
714,niconico,グリーンライツ・セレナーデ,Omoi,STD 3 | STD 6 | STD 9 | STD 13+,200,CRYSTAL PLUS,绿灯小夜曲|绿灯|绿光小夜曲
713,POPS & ANIME,ALL FOR ONE★,Clutch!「八月のシンデレラナイン」,STD 3 | STD 5 | STD 8 | STD 11+,142,,
712,POPS & ANIME,かっとばせ！未来へ,HUiT「八月のシンデレラナイン」,STD 3 | STD 6 | STD 9 | STD 11,180,,
711,ORIGINAL,大天使ユリア★降臨!,MOSAIC.WAV,STD 4 | STD 8 | STD 11+ | STD 14,215,CRYSTAL PLUS,
710,ORIGINAL,エキセントリックコンコン,Clean Tears feat.kukuri,STD 3 | STD 5 | STD 10 | STD 13+,150,CRYSTAL PLUS,
709,ORIGINAL,ドルオタ忍道！楠子ノ巻,コバヤシユウヤ（IOSYS） feat.You-Re:,STD 3 | STD 6 | STD 10+ | STD 13+,175,CRYSTAL PLUS,
708,ORIGINAL,ちゅんちゅちゅチューン,さつき が てんこもり feat.kana,STD 3 | STD 6 | STD 10 | STD 13,173,CRYSTAL PLUS,
707,ORIGINAL,Jörqer,owl＊tree feat.yu＊tree,STD 3 | STD 6 | STD 10 | STD 13+,98,CRYSTAL PLUS,
706,イロドリミドリ,アフタースクール・エモーション,明坂 芹菜(CV:新田 恵海)＆天王洲 なずな(CV:山本 彩乃),STD 2 | STD 5 | STD 8 | STD 11+,85,CRYSTAL PLUS,
705,VARIETY,felys -final remix-,onoken,STD 4 | STD 7 | STD 12 | STD 14,180,CRYSTAL PLUS,凤梨酥
704,niconico,クレイジー・ビート,さつき が てんこもり「#コンパス」,STD 2 | STD 5 | STD 10 | STD 12+,130,CRYSTAL PLUS,crazy beat
703,niconico,残響,164「#コンパス」,STD 2 | STD 6 | STD 9 | STD 13,140,CRYSTAL PLUS,
702,niconico,アヤカシ,buzzG「#コンパス」,STD 3 | STD 6 | STD 9+ | STD 12,186,CRYSTAL PLUS,
701,niconico,KILLER B,梅とら「#コンパス」,STD 2 | STD 5 | STD 10 | STD 13+,130,CRYSTAL PLUS,杀B
700,niconico,バイオレンストリガー,八王子P「#コンパス」,STD 3 | STD 6 | STD 10+ | STD 13,196,CRYSTAL PLUS,暴力扳机
699,ORIGINAL,Therapeutic Hoedown,うどんゲルゲ,STD 4 | STD 8 | STD 12 | STD 14,165,CRYSTAL PLUS,煞笔|屎|神经病医生|地雷|神经病
698,ORIGINAL,パームカルマ,ポリスピカデリー feat.相宮零,STD 3 | STD 7 | STD 11 | STD 13+,153,CRYSTAL PLUS,
697,ORIGINAL,迷える薔薇に終わらぬ夜を,YM feat.かんせる,STD 3 | STD 6 | STD 10 | STD 12+,230,CRYSTAL PLUS,
696,ORIGINAL,ロング・スロー・アライブ,はるまきごはん feat.めらみぽっぷ,STD 3 | STD 6 | STD 9 | STD 11+,200,CRYSTAL PLUS,
695,イロドリミドリ,紅き魔汁、闇より降りて天啓の響きを導く,月鈴 白奈(CV:高野 麻里佳),STD 4 | STD 7+ | STD 10+ | STD 14,185,CRYSTAL PLUS,红魔汁
694,東方Project,悪戯センセーション,森羅万象,STD 4 | STD 6 | STD 9+ | STD 13,192,CRYSTAL PLUS,
693,東方Project,ARROW RAIN feat. Ayame,Alstroemeria Records,STD 3 | STD 7 | STD 10+ | STD 13+,180,CRYSTAL PLUS,
692,東方Project,メイドと血の懐中時計,岸田教団&THE明星ロケッツ,STD 3 | STD 6 | STD 9+ | STD 12+,184,CRYSTAL PLUS,
691,東方Project,7 days a week,Silver Forest,STD 2 | STD 5 | STD 8+ | STD 11+,144,CRYSTAL PLUS,
690,東方Project,Energy Booster ～ 上海紅茶館,激戦の人,STD 3 | STD 6 | STD 10+ | STD 13+,187,CRYSTAL PLUS,
689,イロドリミドリ,Day by Day CRiSiS Songs,御形 アリシアナ(CV:福原 綾香)＆箱部 なる(CV:M・A・O),STD 2 | STD 5 | STD 9 | STD 13+,138,CRYSTAL PLUS,
688,VARIETY,MARENOL,LeaF & Optie & Fiz,STD 5 | STD 7+ | STD 12+ | STD 15,140,CRYSTAL PLUS,骂人|骂人ol
687,POPS & ANIME,Kadenz,榊原 ゆい「Dies irae」,STD 3 | STD 7 | STD 10+ | STD 13+,230,CRYSTAL PLUS,
686,POPS & ANIME,ダイヤモンドハッピー,わか・ふうり・すなお from STAR☆ANIS「アイカツ！」,STD 3 | STD 6 | STD 8+ | STD 12+,190,,
685,POPS & ANIME,アイドル活動！オンパレード！ver.,らき・あいね・みお from BEST FRIENDS！/わか・るか・せな「アイカツオンパレード！」,STD 3 | STD 5 | STD 8 | STD 11+,190,,
684,niconico,だれかの心臓になれたなら,ユリイ・カノン,STD 2 | STD 6 | STD 8+ | STD 12+,145,CRYSTAL PLUS,想要成为谁的心脏
683,niconico,絶対にチョコミントを食べるアオイチャン,GYARI,STD 3 | STD 6 | STD 9 | STD 13+,140,CRYSTAL PLUS,琴叶葵
682,niconico,メルティランドナイトメア,はるまきごはん,STD 2 | STD 6 | STD 8+ | STD 11,140,CRYSTAL PLUS,melty land nightmare
681,POPS & ANIME,狩猟戦旗～REQUIEM,「白猫プロジェクト」,STD 3 | STD 6 | STD 9 | STD 14,139,,
680,POPS & ANIME,Ray ―はじまりのセカイ― (クロニクルアレンジver.),山崎寛子「白猫プロジェクト」,STD 2 | STD 5 | STD 8 | STD 12+,99,,
679,ORIGINAL,《破滅》 ～ Rhapsody for The End,Spiegel vs Ice,STD 4 | STD 8+ | STD 12+ | STD 15,180,CRYSTAL PLUS,破灭|猛料大杯
678,ORIGINAL,シャッキーーン！！,黒魔,STD 3 | STD 7 | STD 11 | STD 14,165,CRYSTAL PLUS,
677,ORIGINAL,モノクロトワイライト,カラフル・サウンズ・ポート,STD 2 | STD 5 | STD 9+ | STD 13+,128,CRYSTAL PLUS,
676,ORIGINAL,Ghost Dance,亜沙 feat.くろくも,STD 3 | STD 6 | STD 9 | STD 12+,154,CRYSTAL PLUS,
675,ゲキマイ,Secret Sleuth,島爺×蜂屋ななし,STD 2 | STD 6 | STD 10+ | STD 13+,288,CRYSTAL PLUS,
674,イロドリミドリ,エンドマークに希望と涙を添えて ～イロドリミドリアレンジ～,イロドリミドリ,STD 3 | STD 7 | STD 10 | STD 13+,220,CRYSTAL PLUS,彩绿希望泪
673,イロドリミドリ,やらなきゃいけないことばかり,小仏 凪(CV:佐倉 薫)＆月鈴 白奈(CV:高野 麻里佳),STD 2 | STD 6 | STD 9 | STD 13,140,CRYSTAL PLUS,
672,VARIETY,Sound Chimera,Laur,STD 4 | STD 9 | STD 11 | STD 14+,190,CRYSTAL PLUS,奇美拉
671,VARIETY,Auxesia,ginkiha「Arcaea」,STD 3 | STD 7 | STD 10+ | STD 13,183,CRYSTAL PLUS,
670,niconico,Catch the Wave,livetune,STD 2 | STD 6 | STD 9 | STD 12,153,CRYSTAL PLUS,
669,POPS & ANIME,God knows...,涼宮ハルヒ（CV.平野 綾） TVアニメ「涼宮ハルヒの憂鬱」,STD 2 | STD 6 | STD 9 | STD 12+,150,,
668,POPS & ANIME,五等分の気持ち,中野家の五つ子（花澤香菜・竹達彩奈・伊藤美来・佐倉綾音・水瀬いのり） TVアニメ「五等分の花嫁」,STD 3 | STD 5 | STD 9+ | STD 11,175,,
667,POPS & ANIME,紅蓮華,LiSA,STD 2 | STD 5 | STD 8 | STD 11+,135,,
666,POPS & ANIME,お願いマッスル,紗倉ひびき（CV:ファイルーズあい）＆街雄鳴造（CV:石川界人）「ダンベル何キロ持てる？」,STD 2 | STD 5 | STD 8 | STD 12+,132,,
665,POPS & ANIME,君色Everyday,ヘスティア（CV:水瀬いのり）「ダンジョンに出会いを求めるのは間違っているだろうか」,STD 3 | STD 5 | STD 8 | STD 11+,172,,
664,POPS & ANIME,HELLO to DREAM,井口裕香「ダンジョンに出会いを求めるのは間違っているだろうかⅡ」,STD 2 | STD 5 | STD 8 | STD 11,160,,
663,VARIETY,Be A Shooter！～NORMAL BIG BONUS～,Sammy sound team,STD 3 | STD 7 | STD 10 | STD 12,157,CRYSTAL,
662,VARIETY,チョウの標本,Bitplane,STD 3 | STD 7 | STD 11 | STD 14,170,CRYSTAL,标本|蝴蝶标本
661,イロドリミドリ,conflict(斉唱),イロドリミドリ,STD 4 | STD 7 | STD 10+ | STD 14,160,CRYSTAL PLUS,彩绿公交车
660,ゲキマイ,Zest of Blue,曲：上松範廉(Elements Garden)／歌：三角 葵(CV：春野 杏),STD 3 | STD 5 | STD 8+ | STD 12,144,CRYSTAL,
659,ゲキマイ,タテマエと本心の大乱闘,曲：鯨井国家／歌：藍原 椿(CV：橋本 ちなみ),STD 3 | STD 6 | STD 9 | STD 12,180,CRYSTAL,大乱斗|椿批金曲|蓝原椿
658,VARIETY,Life is PIANO,Junk,STD 3 | STD 6 | STD 11 | STD 13+,133,CRYSTAL,生命是钢琴|命是琴|生命如琴
657,VARIETY,7 colors*,Aliesrite* (Ym1024 feat. lamie*),STD 3 | STD 6 | STD 10 | STD 13,184,CRYSTAL,七色
656,VARIETY,Giselle,Sobrem a.k.a. Widowmaker,STD 3 | STD 7+ | STD 13+ | STD 15,152,CRYSTAL,鸡饲料|雅迪|吉赛尔
655,POPS & ANIME,Bull's Eye,ナノ「緋弾のアリアAA」,STD 3 | STD 6 | STD 9+ | STD 13+,197,,
654,VARIETY,音弾超人ゴリライザー,ゴリライザー制作委員会,STD 3 | STD 7 | STD 11 | STD 13+,138,CRYSTAL,音弹超人
653,POPS & ANIME,nowhere,FictionJunction YUUKA｢MADLAX｣,STD 2 | STD 5 | STD 8 | STD 10+,155,,
652,POPS & ANIME,巫女みこナース・愛のテーマ,Chu☆,STD 3 | STD 6 | STD 9+ | STD 12+,160,CRYSTAL,
651,POPS & ANIME,Rightfully,Mili「ゴブリンスレイヤー」,STD 3 | STD 6 | STD 8+ | STD 13,182,CRYSTAL,
650,VARIETY,SON OF SUN,Hosoe Shinji,STD 5 | STD 7+ | STD 13+ | STD 14 | STD 15,200,CRYSTAL,日儿子|地雷|雅迪|日之子
649,VARIETY,Memory of Beach,M2U,STD 2 | STD 5 | STD 10 | STD 13+,130,CRYSTAL,
648,VARIETY,Ladymade Star,ESTi,STD 2 | STD 5 | STD 8 | STD 11+,136,CRYSTAL,
647,POPS & ANIME,目覚めRETURNER,フランシュシュ「ゾンビランドサガ」,STD 3 | STD 5 | STD 8 | STD 12,145,,
646,POPS & ANIME,徒花ネクロマンシー,フランシュシュ「ゾンビランドサガ」,STD 3 | STD 6 | STD 8+ | STD 12,172,,
645,イロドリミドリ,Road without Road,HaNaMiNa feat.Nanase,STD 3 | STD 6 | STD 9 | STD 12+,174,CRYSTAL,
644,ORIGINAL,Trrricksters!!,s-don vs. 翡乃イスカ,STD 4 | STD 9+ | STD 13 | STD 15,155,CRYSTAL,雅迪|难|trickstar|！|!|trickster|1秒15.4|trrr|地雷|二见鸟
643,ORIGINAL,Megameteor,削除,STD 4 | STD 9 | STD 12+ | STD 15,187,CRYSTAL,大陨石|四大天王
642,ORIGINAL,Fidget Dancer,nora2r,STD 3 | STD 7+ | STD 11 | STD 14,175,CRYSTAL,
641,ORIGINAL,Destination,Nhato,STD 2 | STD 7 | STD 9+ | STD 13+,133,CRYSTAL,终点
640,ORIGINAL,ヴンダーカンマー,麹町養蚕館,STD 3 | STD 6 | STD 10 | STD 13+,145,CRYSTAL,
639,東方Project,Bad Apple!! feat.nomico (Nhato Remix),Masayoshi Minoshima × Nhato,STD 2 | STD 6 | STD 8+ | STD 12+,138,CRYSTAL,
638,東方Project,神楽,Liz Triangle,STD 3 | STD 6 | STD 10 | STD 13,175,CRYSTAL,神乐
637,東方Project,Cosmic Magic Shooter,SOUND HOLIC feat. Nana Takahashi,STD 3 | STD 6 | STD 9 | STD 12+,163,CRYSTAL,
636,東方Project,STRIPES feat. EL.J (2018 reinterpretation),発熱巫女～ず,STD 2 | STD 5 | STD 8+ | STD 11,128,CRYSTAL,
635,東方Project,Endless Seeker,A-One,STD 3 | STD 6 | STD 9 | STD 13,163,CRYSTAL,
634,東方Project,Pump!n,IOSYS TRAX (uno & D.watt),STD 2 | STD 6 | STD 10 | STD 13+,128,CRYSTAL,
633,niconico,magnet,minato(流星P),STD 3 | STD 5 | STD 8+ | STD 11+,108,CRYSTAL,磁铁
632,niconico,＊ハロー、プラネット。,sasakure.UK,STD 2 | STD 6 | STD 8 | STD 12+,150,CRYSTAL,hello planet
631,niconico,ダブルラリアット,アゴアニキ,STD 2 | STD 5 | STD 9 | STD 11,138,CRYSTAL,转圈歌
630,niconico,結んで開いて羅刹と骸,ハチ,STD 3 | STD 5 | STD 8+ | STD 12+,169,CRYSTAL,
629,POPS & ANIME,ストライク・ザ・ブラッド,岸田教団&THE明星ロケッツ「ストライク・ザ・ブラッド」,STD 3 | STD 7 | STD 10+ | STD 13+,208,,
628,ゲキマイ,MEGATON BLAST,BlackY vs. Yooh,STD 4 | STD 8 | STD 13 | STD 14+,194,CRYSTAL,百万爆|早濑优香|优香|体操服优香|百万吨爆炸|爆
627,VARIETY,AXION,削除,STD 3 | STD 7 | STD 11 | STD 14+,160,CRYSTAL,公理
626,POPS & ANIME,ハッピー・ハッピー・フレンズ,わたてん☆5「私に天使が舞い降りた！」,STD 3 | STD 6 | STD 9 | STD 12+,126,,happy happy friends|天使降临到我身边
625,POPS & ANIME,気ままな天使たち,わたてん☆5「私に天使が舞い降りた！」,STD 2 | STD 5 | STD 8+ | STD 11,126,,
624,ORIGINAL,とーきょー全域★アキハバラ？ (ver.にこる),MOSAIC.WAV／t+pazolite feat.ななひら,STD 3 | STD 7 | STD 10 | STD 13+,215,CRYSTAL,
623,イロドリミドリ,みなえをチェック！,小野 美苗(CV:伊藤 美来),STD 3 | STD 6 | STD 9 | STD 13+,178,CRYSTAL,
622,VARIETY,御旗のもとに,「サクラ大戦３ ～巴里は燃えているか～」,STD 2 | STD 5 | STD 9 | STD 12,147,CRYSTAL,
621,POPS & ANIME,輪舞-revolution,奥井雅美「少女革命ウテナ」,STD 2 | STD 5 | STD 8 | STD 10+,128,,
620,POPS & ANIME,Star Divine,スタァライト九九組「少女☆歌劇 レヴュースタァライト」,STD 3 | STD 6 | STD 9 | STD 12,160,CRYSTAL,
619,POPS & ANIME,Deal with the devil,Tia「賭ケグルイ」,STD 3 | STD 6 | STD 9 | STD 13,142,,
618,ORIGINAL,《運命》 ～ Ray of Hope,3R2,STD 4 | STD 8 | STD 11 | STD 14,177,CRYSTAL,命运|运命
617,ORIGINAL,《最愛》 ～ Curse,James Landino feat.N i i,STD 3 | STD 5 | STD 9+ | STD 13+,157,CRYSTAL,最爱
616,ORIGINAL,《逃避》 ～ The Deserter,Bo-Xun Lin 林柏勲,STD 2 | STD 6 | STD 10+ | STD 13+,160,CRYSTAL,逃避
615,ORIGINAL,《理想》 ～ Cloudland,Shi Kuang Lee feat.A-Tz,STD 2 | STD 4 | STD 9+ | STD 12+,123,CRYSTAL,理想
614,ORIGINAL,《混乱》 ～ Muspell,Norn,STD 3 | STD 6 | STD 11 | STD 13+,165,CRYSTAL,混乱
613,イロドリミドリ,単一指向性オーバーブルーム,葛城 華(CV:丸岡 和佳奈),STD 3 | STD 5 | STD 9 | STD 12+,158,CRYSTAL,单一指向性
612,東方Project,進捗どうですか？,sumijun(Halozy) feat. ななひら(Confetto),STD 3 | STD 6 | STD 9 | STD 12+,199,CRYSTAL,
611,POPS & ANIME,Baby Sweet Berry Love,小倉 唯「変態王子と笑わない猫。」,STD 3 | STD 5 | STD 9 | STD 11,170,,
610,POPS & ANIME,野良猫ハート,パトリシア・オブ・エンド(CV：高森奈津美)、黒木 未知(CV：仙台エリ)、夕莉 シャチ(CV：浅川悠)、明日原 ユウキ(CV：種﨑敦美)「ノラと皇女と野良猫ハート」,STD 3 | STD 5 | STD 8 | STD 11+,162,CRYSTAL,
609,POPS & ANIME,▲MEW▲△MEW△CAKE,KOTOKO「ネコぱら」,STD 3 | STD 6 | STD 8 | STD 11,171,CRYSTAL,艹猫
608,niconico,太陽系デスコ,ナユタン星人,STD 2 | STD 5 | STD 8 | STD 11,150,CRYSTAL,太阳系迪斯科
607,niconico,リンカーネイション,kemu,STD 3 | STD 6 | STD 9 | STD 13,185,CRYSTAL,灵魂转生|reincarnation
606,niconico,おねがいダーリン,ONE (song by ナナホシ管弦楽団),STD 3 | STD 6 | STD 8+ | STD 12,180,CRYSTAL,拜托了亲爱的
605,niconico,アカリがやってきたぞっ,GYARI,STD 2 | STD 5 | STD 8 | STD 13,136,CRYSTAL,绁星灯|akari来了哦
604,niconico,幾望の月,なきゃむりゃ,STD 2 | STD 6 | STD 10 | STD 13+ | STD 14,138,CRYSTAL,几望之月
603,ORIGINAL,まごころのカスクルゥト,Yu-dachi,STD 2 | STD 5 | STD 9+ | STD 14,112,CRYSTAL,
602,ORIGINAL,Lover's Trick,litmus*,STD 2 | STD 5 | STD 8 | STD 13,130,CRYSTAL,
601,ORIGINAL,Walzer für das Nichts,Aoi Sumito,STD 4 | STD 8 | STD 12 | STD 14+,215,CRYSTAL,德二|德国人2|德2
600,ORIGINAL,absolute rightness,Acotto,STD 4 | STD 7+ | STD 12+ | STD 14,194,CRYSTAL,绝对正义|小威猛先生|小世征
599,ORIGINAL,Trackless wilderness,Noah,STD 4 | STD 8 | STD 11+ | STD 14+,217,CRYSTAL,tracklesswilderness|无轨狂暴|狂暴键盘|tw|无轨荒原
598,ORIGINAL,せかいせいふく！ゆりあちゃん！,立秋,STD 3 | STD 7 | STD 12 | STD 14,195,CRYSTAL,电音蝌蚪
597,VARIETY,R.I.P.,eicateve,STD 4 | STD 7 | STD 11 | STD 14,192,CRYSTAL,rip|逝者安息|安息
596,VARIETY,Destr0yer,削除 feat. Nikki Simmons,STD 4 | STD 7 | STD 11 | STD 14+,90,CRYSTAL,destroyer|d0
595,ORIGINAL,Nijirate Fanatics,yukitani,STD 4 | STD 9 | STD 13+ | STD 14,210,CRYSTAL,
594,ORIGINAL,Surrogate Life,石渡太輔／アークシステムワークス,STD 4 | STD 8 | STD 12 | STD 14+,180,CRYSTAL,狗头|狗头人|代孕生活
593,ORIGINAL,レーイレーイ,かいりきベア feat.松下,STD 3 | STD 7 | STD 10+ | STD 13,188,CRYSTAL,
592,ORIGINAL,ハジマリノピアノ,ゆゆうた,STD 3 | STD 6 | STD 10+ | STD 14,190,CRYSTAL,最初的钢琴
591,ORIGINAL,【冒険】イングリット葛西降臨！【実況】,溝口ゆうま axel. 大瀬良あい,STD 3 | STD 6 | STD 10 | STD 13+,180,CRYSTAL,末白
590,ORIGINAL,ツクヨミステップ,ユリイ・カノン feat.nameless,STD 2 | STD 5 | STD 9+ | STD 13+,172,CRYSTAL,月读舞步
589,ORIGINAL,サヴァイバル・キリング・メーカー,じーざす（ワンダフル☆オポチュニティ！） ft.96猫,STD 3 | STD 6 | STD 9+ | STD 12+,192,CRYSTAL,survival killing maker
588,ORIGINAL,神威 (NAOKI × ZPP MIX),NAOKI MAEDA,STD 5 | STD 8+ | STD 13+ | STD 15,210,CRYSTAL,神威remix|神威naoki|小神威
587,ゲキマイ,Opfer,かねこちはる,STD 4 | STD 8 | STD 13+ | STD 15,175,CRYSTAL,op|元p|江江|叩|原批
586,ゲキマイ,Excalibur ～Revived resolution～,Project Grimoire,STD 4 | STD 8 | STD 12+ | STD 14+,200,CRYSTAL,圣剑2|生煎2
585,イロドリミドリ,"""STAR""T",HaNaMiNa feat.Nadeshiko,STD 3 | STD 6 | STD 8 | STD 12+,190,CRYSTAL,
584,東方Project,最終鬼畜妹フランドール・S,ビートまりお(COOL＆CREATE),STD 4 | STD 7 | STD 10+ | STD 14 | STD 14+,200,CRYSTAL,最终鬼畜妹|鬼畜妹
583,niconico,ヒバナ,DECO*27,STD 3 | STD 6 | STD 9+ | STD 13+ | STD 14,200,CRYSTAL,火花|七八十|7810
582,niconico,ロスタイムメモリー,じん,STD 3 | STD 6 | STD 9+ | STD 12+,210,CRYSTAL,回忆补时
581,niconico,ナンセンス文学,Eve,STD 2 | STD 5 | STD 8 | STD 12,154,CRYSTAL,无意义文学
580,POPS & ANIME,ただ君に晴れ,ヨルシカ,STD 2 | STD 5 | STD 8 | STD 11+,140,CRYSTAL,
579,POPS & ANIME,ハッピー☆マテリアル,麻帆良学園中等部2-A「魔法先生ネギま！」,STD 3 | STD 5 | STD 8 | STD 11,163,,
578,POPS & ANIME,ヒプノシスマイク -Division Battle Anthem-,Division All Stars「ヒプノシスマイク」,STD 2 | STD 5 | STD 9 | STD 12+,128,,
577,POPS & ANIME,BURST THE GRAVITY,ALTIMA「アクセル・ワールド」,STD 3 | STD 5 | STD 8 | STD 12,148,,烧重力
576,POPS & ANIME,Lemon,米津玄師,STD 2 | STD 4 | STD 7+ | STD 10+,87,,柠檬|lemon|时代少年团|马嘉祺|那一天的寂寞寂寞起来|那一天的鱿鱼鱿鱼起来|那一天的忧郁忧郁起来
575,POPS & ANIME,UNION,OxT「SSSS.GRIDMAN」,STD 3 | STD 6 | STD 9+ | STD 12,178,CRYSTAL,
574,POPS & ANIME,grilletto,GARNiDELiA「魔法科高校の劣等生」,STD 3 | STD 6 | STD 9 | STD 11+,163,,c2
573,VARIETY,BlythE,M2U,STD 3 | STD 7 | STD 11+ | STD 14 | STD 15,180,AMAZON PLUS,披萨|布莱|你喜欢我我喜欢你|我喜欢你你喜欢我永远|我喜欢你，你喜欢我|摩天轮
572,VARIETY,水晶世界 ～Fracture～,wa. remixed celas,STD 4 | STD 7 | STD 11 | STD 14+,180,AMAZON PLUS,水晶世界|水煎世界
571,イロドリミドリ,燃えてもエンジョイ！宛城、炎上！！,箱部孟徳 feat.小仏氏(イロドリミドリ),STD 5 | STD 7 | STD 11 | STD 14,190,AMAZON PLUS,萝莉炎上|小炎上|雅迪
570,ORIGINAL,Vibrant Verve,siqlo,STD 3 | STD 5 | STD 10+ | STD 14,156,AMAZON PLUS,vv
569,ゲキマイ,STARTLINER,曲：kz(livetune)／歌：オンゲキシューターズ,STD 1 | STD 5 | STD 7+ | STD 10,135,AMAZON PLUS,起跑线
568,東方Project,星の器～STAR OF ANDROMEDA,sun3,STD 4 | STD 7 | STD 11 | STD 14+,155,AMAZON PLUS,星之器|星器
567,niconico,デンパラダイム,lumo,STD 4 | STD 7 | STD 10+ | STD 14,220,AMAZON PLUS,电波模范
566,niconico,ハイセンスナンセンス,盛るP,STD 2 | STD 6 | STD 8+ | STD 14,120,AMAZON PLUS,黑白初音
565,niconico,テオ,Omoi,STD 3 | STD 6 | STD 8 | STD 13,185,AMAZON PLUS,将手|teo
564,niconico,命ばっかり,ぬゆり,STD 2 | STD 5 | STD 8 | STD 11+,128,AMAZON PLUS,只为生命
563,東方Project,待チ人ハ来ズ。,豚乙女,STD 2 | STD 5 | STD 9+ | STD 13,160,AMAZON PLUS,
562,東方Project,お嫁にしなさいっ！,ARM＋夕野ヨシミ (IOSYS),STD 3 | STD 5 | STD 8 | STD 13,180,AMAZON PLUS,
561,東方Project,Doll Judgment,ぬるはち,STD 2 | STD 6 | STD 10 | STD 13,230,AMAZON PLUS,
560,ORIGINAL,Rebellion,Kai,STD 4 | STD 11 | STD 14 | STD 15,250,AMAZON PLUS,反叛|reb
559,ORIGINAL,GIGA DRIVE,黒沢ダイスケ,STD 4 | STD 9 | STD 13+ | STD 15,144,AMAZON PLUS,电吉他男|千兆驱动器|李咏
558,ORIGINAL,Black Swan Lake,葉月ゆら,STD 3 | STD 7 | STD 10+ | STD 14,186,AMAZON PLUS,黑天鹅|地雷|黑天鹅湖
557,ORIGINAL,ユメキキョウ,RD-Sounds feat.中恵光城,STD 2 | STD 6 | STD 11 | STD 14,153,AMAZON PLUS,
556,ゲキマイ,YURUSHITE,t+pazolite,STD 4 | STD 9 | STD 13+ | STD 15,270,AMAZON PLUS,犹如史|逢坂茜|逢板茜|犹如屎|逢坂茜上桌|嬲你妈妈别|回娄底
555,イロドリミドリ,Shout Our Evidence!,イロドリミドリ,STD 4 | STD 6 | STD 10 | STD 13,194,AMAZON PLUS,
554,東方Project,Worlds End,あ～るの～と（いえろ～ぜぶら）,STD 3 | STD 5 | STD 8 | STD 12,155,AMAZON PLUS,
553,niconico,ワールズエンド・ダンスホール,wowaka,STD 2 | STD 6 | STD 9 | STD 12+,171,AMAZON PLUS,末世舞厅|世末舞厅
552,niconico,METEOR,DIVELA,STD 3 | STD 5 | STD 9+ | STD 11+,170,AMAZON PLUS,
551,ORIGINAL,Killing Rhythm,DJ Myosuke,STD 4 | STD 9+ | STD 14 | STD 15,200,AMAZON PLUS,杀节奏|杀戮节奏|kr
550,ORIGINAL,8-EM,Sampling Masters AYA,STD 4 | STD 8 | STD 12 | STD 14+,168,AMAZON PLUS,大扔子|大头照|atm|8em
549,ORIGINAL,暗晦にハイライト,igel,STD 4 | STD 7 | STD 11 | STD 14+,190,AMAZON PLUS,暗晦|晦暗
548,イロドリミドリ,Agitation！,舞ヶ原高校軽音部,STD 3 | STD 5 | STD 9 | STD 11,163,AMAZON PLUS,
547,VARIETY,ZEUS,ルゼ,STD 4 | STD 7 | STD 11+ | STD 14+,170,AMAZON PLUS,宙斯
546,VARIETY,Pangaea,sasakure.UK,STD 2 | STD 6 | STD 12 | STD 14,118,AMAZON PLUS,泛大陆
545,VARIETY,Funny Funky Freaky,mommy,STD 3 | STD 5 | STD 9+ | STD 13+,138,AMAZON PLUS,
544,niconico,39,sasakure.UK x DECO*27,STD 3 | STD 6 | STD 8+ | STD 11+,175,AMAZON PLUS,
543,イロドリミドリ,光線チューニング ～なずな妄想海フェスイメージトレーニングVer.～,ナズナン星人 with せりな・あーりん(イロドリミドリ),STD 3 | STD 6 | STD 9+ | STD 13,175,AMAZON PLUS,
542,VARIETY,The Pursuit of Speed,SoundDrive「龍が如く５　夢、叶えし者」,STD 3 | STD 6 | STD 9+ | STD 13,159,AMAZON PLUS,
541,VARIETY,Outlaw's Lullaby,庄司英徳「龍が如く２」,STD 3 | STD 7 | STD 10+ | STD 14,145,AMAZON PLUS,如龙
540,POPS & ANIME,Distance,村川梨衣「ヒナまつり」,STD 3 | STD 5 | STD 8 | STD 11,177,AMAZON PLUS,
539,ゲキマイ,Everlasting Today,void (Mournfinale),STD 4 | STD 7 | STD 12 | STD 14+,148,AMAZON PLUS,et|地雷|九条枫|永远今天
538,niconico,妄想感傷代償連盟,DECO*27,STD 2 | STD 5 | STD 9 | STD 11+,110,AMAZON PLUS,妄想|妄想感伤代偿联盟
537,niconico,カゲロウデイズ,じん,STD 3 | STD 6 | STD 8 | STD 13+,200,AMAZON PLUS,阳炎眩乱|阳炎
536,ORIGINAL,THE BRASS OF GOODSPEED!!,片霧烈火,STD 3 | STD 6 | STD 9 | STD 12+,180,AMAZON PLUS,
535,ORIGINAL,逃げろ！サテライトキャンパス！！,solfa feat.茶太,STD 3 | STD 5 | STD 9+ | STD 13+,195,AMAZON PLUS,
534,ORIGINAL,恋のチャイム,霜月はるか,STD 2 | STD 4 | STD 8 | STD 11,135,AMAZON PLUS,
533,イロドリミドリ,一世嬉遊曲‐ディヴェルティメント‐,月鈴 那知(CV:今村 彩夏),STD 4 | STD 6 | STD 9 | STD 13+,195,AMAZON PLUS,
532,VARIETY,Pure Ruby,SHIKI,STD 4 | STD 7 | STD 10+ | STD 14,178,AMAZON PLUS,雅迪|红宝石|真红|纯红|纯鲁比
531,VARIETY,CO5M1C R4ILR0AD,kanone,STD 3 | STD 7 | STD 11 | STD 14,155,AMAZON PLUS,小杯|星穹铁道|星铁|cosmic railroad
530,VARIETY,Grievous Lady,Team Grimoire vs Laur「Arcaea」,STD 4 | STD 9 | STD 12 | STD 14+,210,AMAZON PLUS,病女|gl
529,VARIETY,Axium Crisis,ak+q「Arcaea」,STD 3 | STD 7 | STD 10+ | STD 13+,170,AMAZON PLUS,公理危机|ac|arc|阿卡伊
528,VARIETY,Fracture Ray,削除「Arcaea」,STD 4 | STD 8 | STD 12+ | STD 14+,200,AMAZON PLUS,骨折光|雅迪
527,POPS & ANIME,咲かせよ 沸かせよ バンバンBURN！,温泉むすめ 下呂美月 役 佐伯伊織「温泉むすめ」,STD 2 | STD 5 | STD 8 | STD 12,170,AMAZON PLUS,
526,イロドリミドリ,Ever green Never end,月鈴 白奈(CV:高野 麻里佳),STD 3 | STD 6 | STD 9+ | STD 12+,195,AMAZON PLUS,
525,東方Project,【東方ニコカラ】秘神マターラ feat.魂音泉【IOSYS】,ARM (IOSYS),STD 2 | STD 5 | STD 9 | STD 13+,168,AMAZON PLUS,
524,東方Project,ゴールドビジョン,Pizuya's Cell,STD 3 | STD 7 | STD 10 | STD 14,208,AMAZON PLUS,gold vision
523,東方Project,トランスダンスアナーキー,暁Records,STD 3 | STD 6 | STD 9 | STD 12+,195,AMAZON PLUS,trance dance anarchy
522,東方Project,White Traveling Girl,A-One,STD 2 | STD 6 | STD 9 | STD 12,154,AMAZON PLUS,
521,東方Project,あうんどばいみー,森羅万象,STD 3 | STD 5 | STD 8+ | STD 12+,178,AMAZON PLUS,aund by me
520,niconico,雨とペトラ,バルーン,STD 3 | STD 5 | STD 9 | STD 12,195,AMAZON PLUS,雨与佩特拉
519,niconico,ちがう!!!,カルロス袴田(サイゼP),STD 3 | STD 6 | STD 8 | STD 13,181,AMAZON PLUS,不对的
518,niconico,はやくそれになりたい！,キノシタ feat. 音街ウナ,STD 3 | STD 6 | STD 8 | STD 12+,185,AMAZON PLUS,音街鳗
517,niconico,Seyana. ～何でも言うことを聞いてくれるアカネチャン～,GYARI,STD 2 | STD 5 | STD 8+ | STD 13,144,AMAZON PLUS,琴叶茜
516,niconico,サヨナラチェーンソー,くらげP,STD 2 | STD 5 | STD 8 | STD 11+,154,AMAZON PLUS,再见了电锯
515,ORIGINAL,strelitzia,zts,STD 3 | STD 6 | STD 9+ | STD 13+,140,AMAZON PLUS,
514,ORIGINAL,電光石火,HiTECH NINJA,STD 4 | STD 9 | STD 13+ | STD 15,165,AMAZON PLUS,电光石火|电光火石|裸男
513,ORIGINAL,アイリちゃんは暗黒魔導士!,MOSAIC.WAV,STD 3 | STD 7 | STD 10+ | STD 14,206,AMAZON PLUS,
512,ORIGINAL,Servant of Love,PandaBoY,STD 3 | STD 5 | STD 9+ | STD 13+,145,AMAZON PLUS,
511,ORIGINAL,エンジェデビ,中路もとめ feat.砂糖子,STD 3 | STD 6 | STD 10 | STD 12+,130,AMAZON PLUS,
510,ゲキマイ,Ai Nov,Feryquitous,STD 4 | STD 7+ | STD 12 | STD 14+,195,AMAZON PLUS,ai小说|ainov|优香
509,イロドリミドリ,サヨナラフリーウェイ,萩原 七々瀬(CV:東城 日沙子),STD 3 | STD 6 | STD 8 | STD 11+,170,AMAZON PLUS,
508,ゲキマイ,CITRUS MONSTER,D-Cee,STD 4 | STD 8 | STD 12 | STD 14+,220,AMAZON,橘子怪兽|橘子|citrusmonster|cm|理财产品
507,ORIGINAL,Innocent Truth,Endorfin.,STD 3 | STD 7 | STD 9+ | STD 14,190,AMAZON,
506,niconico,ロキ,みきとP,STD 2 | STD 5 | STD 9 | STD 12 | STD 14,150,AMAZON,roki
505,ゲキマイ,FEEL the BEATS,A-One,STD 3 | STD 6 | STD 9+ | STD 12,166,AMAZON,
504,ゲキマイ,夢花火,豚乙女,STD 2 | STD 5 | STD 9 | STD 13,186,AMAZON,梦花火
503,ゲキマイ,CYCLES,Masayoshi Minoshima feat. 綾倉盟,STD 2 | STD 5 | STD 8 | STD 11+,135,AMAZON,玛娃路|玛瓦鲁|圆圈|马瓦鲁
502,ゲキマイ,larva,ガリガリさむし,STD 4 | STD 8+ | STD 11+ | STD 14+,202,AMAZON,拉瓦|龟头结冰|说的道理
501,ORIGINAL,Climax,USAO,STD 4 | STD 9+ | STD 13 | STD 15,190,AMAZON,香草|高潮|妖艳魔男|魔男
500,ORIGINAL,Sqlupp,owl＊tree feat.yaki＊tree,STD 3 | STD 6 | STD 12 | STD 14,183,AMAZON,色情撸屁屁
499,ORIGINAL,Solstånd,Rigel Theatre feat.ミーウェル,STD 2 | STD 5 | STD 9+ | STD 13,136,AMAZON,
498,ORIGINAL,Life,Relect,STD 3 | STD 5 | STD 10 | STD 14,160,AMAZON,
497,ORIGINAL,中学2年生のアンドロイド,カルロス袴田(サイゼP) feat.あやぽんず＊,STD 3 | STD 8 | STD 10+ | STD 14,260,AMAZON,
496,ORIGINAL,コモリの怪物,盛るP feat.鈴森あおい,STD 4 | STD 7 | STD 11 | STD 14,255,AMAZON,
495,ORIGINAL,男装女形表裏一体発狂小娘の詐称疑惑と苦悩と情熱。,SLAVE.V-V-R feat.Fantastic Youth,STD 3 | STD 6 | STD 10 | STD 13+,190,AMAZON,男娘
494,ORIGINAL,Magic,niki feat.noire,STD 2 | STD 5 | STD 9 | STD 12,167,AMAZON,
493,ORIGINAL,涙色メモリア,キノシタ feat.YURiCa/花たん,STD 3 | STD 6 | STD 9+ | STD 12+,202,AMAZON,
492,ORIGINAL,スピカの天秤,Acotto,STD 4 | STD 8 | STD 12 | STD 14+,252,AMAZON,天平|天秤
491,ORIGINAL,StufeStern,Feryquitous,STD 3 | STD 5 | STD 10 | STD 14,140,AMAZON,ss
490,ORIGINAL,夕焼けのRed Parade,technoplanet,STD 4 | STD 8 | STD 13 | STD 14+,290,AMAZON,夕烧
489,ORIGINAL,ぜったい！昇天★鎮魂歌♂,NirNo,STD 4 | STD 6 | STD 9+ | STD 14,220,AMAZON,
488,ORIGINAL,2DVenture,dawn-system,STD 3 | STD 7 | STD 9+ | STD 13,210,AMAZON,
487,ORIGINAL,folern,ぬゆり,STD 4 | STD 8 | STD 13+ | STD 14+,200,AMAZON,佛冷
486,ORIGINAL,Summer is over,TORIENA,STD 3 | STD 6 | STD 9+ | STD 13+,175,AMAZON,
485,ORIGINAL,ハートアタック,Omoi feat.+α/あるふぁきゅん。,STD 3 | STD 7 | STD 10 | STD 14,225,AMAZON,心脏病|心攻击
484,ORIGINAL,Blaster Heaven,カヒーナムジカ,STD 3 | STD 6 | STD 9 | STD 12,166,AMAZON,
483,ORIGINAL,Seagull,Snail's House,STD 3 | STD 6 | STD 9 | STD 13+,176,AMAZON,海鸥
482,ORIGINAL,足立オウフwwww,笑う角を曲がる,STD 3 | STD 6 | STD 10+ | STD 14,175,AMAZON,
481,ORIGINAL,FRIDAY FRIDAY,emon(Tes.) feat.松平なな,STD 2 | STD 5 | STD 8 | STD 11,120,AMAZON,
480,ORIGINAL,Blessed,Palme,STD 3 | STD 5 | STD 9+ | STD 13+,165,AMAZON,
479,ORIGINAL,PAST,164 feat.ウォルピスカーター,STD 3 | STD 6 | STD 9+ | STD 13+,200,AMAZON,
478,ORIGINAL,朝焼けプラットホーム,40mP feat.シャノ,STD 3 | STD 5 | STD 9 | STD 11+,174,AMAZON,
477,イロドリミドリ,Fire me up,御形 アリシアナ(CV:福原 綾香)＆天王洲 なずな(CV:山本 彩乃),STD 3 | STD 5 | STD 9 | STD 12,161,AMAZON,
476,イロドリミドリ,ライトスピード・デイズ,明坂 芹菜(CV:新田 恵海)＆小仏 凪(CV:佐倉 薫),STD 3 | STD 5 | STD 9+ | STD 13+,174,AMAZON,
475,イロドリミドリ,Black'n White JAMMIN' CATS,箱部 なる(CV:M・A・O)＆月鈴 白奈(CV:高野 麻里佳),STD 3 | STD 6 | STD 9 | STD 12,135,AMAZON,
474,イロドリミドリ,オーケー？　オーライ！,五十嵐 撫子(CV:花井 美春),STD 3 | STD 6 | STD 9 | STD 11+,150,AMAZON,
473,VARIETY,Black Lair,削除 feat. void (Mournfinale),STD 2 | STD 6 | STD 9 | STD 13+,150,AMAZON,黑骗子
472,VARIETY,Papyrus,papyrus (orangentle),STD 3 | STD 5 | STD 9 | STD 13+,150,AMAZON,
471,VARIETY,Parousia,xi,STD 4 | STD 7 | STD 10+ | STD 14 | STD 15,158,AMAZON,帕罗西亚|拍肉丝
470,VARIETY,PUPA,モリモリあつし,STD 4 | STD 7 | STD 11+ | STD 14+,202,AMAZON,蝴蝶|扑爬|蓝色蝴蝶|蓝蝴蝶
469,VARIETY,Nhelv,Silentroom,STD 3 | STD 6 | STD 13 | STD 14+,175,AMAZON,你和驴
468,VARIETY,全ての人の魂の戦い (Daisuke Asakura Remix),目黒将司 Remixed by 浅倉大介「ペルソナ3 ダンシング・ムーンナイト」,STD 3 | STD 6 | STD 8+ | STD 12+,175,,
467,VARIETY,"Mass Destruction (""P3"" + ""P3F"" ver.)",目黒将司「ペルソナ3 ダンシング・ムーンナイト」,STD 2 | STD 5 | STD 9 | STD 12,119,,
466,VARIETY,GROOVY,小塚良太「ペルソナ5 ダンシング・スターナイト」,STD 3 | STD 6 | STD 9+ | STD 13,178,,
465,VARIETY,Blooming Villain (ATLUS Konishi Remix),目黒将司 Remixed by 小西利樹「ペルソナ5 ダンシング・スターナイト」,STD 2 | STD 5 | STD 9+ | STD 13,118,,
464,VARIETY,Taiko Drum Monster,steμ feat.siroa「太鼓の達人」より,STD 3 | STD 7 | STD 11 | STD 14,266,AMAZON,太鼓|太鼓怪兽
463,VARIETY,GERBERA,"BEMANI Sound Team ""TAG""「SOUND VOLTEX」より",STD 4 | STD 8 | STD 11+ | STD 14+,205,AMAZON,雅迪|大奈子|儿歌|Grace|几把热
462,VARIETY,ouroboros -twin stroke of the end-,Cranky VS MASAKI「グルーヴコースター 3EX ドリームパーティー」より,STD 3 | STD 8 | STD 10+ | STD 14+,188,AMAZON,衔尾蛇
461,VARIETY,Brain Power,NOMA,STD 3 | STD 7 | STD 11 | STD 14,173,AMAZON,地雷|脑力
460,東方Project,ナイト・オブ・ナイツ (Cranky Remix),ビートまりお × Cranky,STD 3 | STD 6 | STD 10 | STD 14,180,AMAZON,cranky夜骑|夜骑
459,東方Project,Paranoia,DiGiTAL WiNG feat. 花たん,STD 3 | STD 5 | STD 9+ | STD 12+,150,AMAZON,
458,東方Project,WARNING!,NJK Record,STD 3 | STD 5 | STD 9+ | STD 13,164,AMAZON,
457,東方Project,究極焼肉レストラン！お燐の地獄亭！,ARM＋夕野ヨシミ (IOSYS) feat.藤枝あかね,STD 3 | STD 6 | STD 8 | STD 12,185,AMAZON,
456,東方Project,聖少女サクリファイス,Silver Forest,STD 2 | STD 5 | STD 9 | STD 13+,168,AMAZON,
455,東方Project,地獄の端にて君を待つ,石鹸屋,STD 3 | STD 6 | STD 9+ | STD 13,188,AMAZON,
454,niconico,シャルル,バルーン,STD 3 | STD 5 | STD 8 | STD 11+,145,,夏露露
453,niconico,輪廻転生,まふまふ,STD 3 | STD 6 | STD 9+ | STD 13+,196,AMAZON,轮回转生
452,niconico,おちゃめ機能,ろん,STD 2 | STD 5 | STD 8 | STD 12+,150,,天真烂漫机能
451,niconico,バレリーコ,みきとP,STD 3 | STD 5 | STD 9 | STD 11+,150,AMAZON,芭蕾舞者
450,niconico,DAYBREAK FRONTLINE,Orangestar,STD 2 | STD 5 | STD 9 | STD 11+,136,AMAZON,黎明前线
449,niconico,フリィダム ロリィタ,ねじ式,STD 2 | STD 5 | STD 8+ | STD 11+,150,AMAZON,自由的洛丽塔
448,niconico,ブリキノダンス,日向電工,STD 3 | STD 5 | STD 9 | STD 13,172,AMAZON,马口铁之舞
447,niconico,ミリオン／ワンズ,じん×kemu,STD 3 | STD 6 | STD 9+ | STD 13+,195,AMAZON,million ones
446,VARIETY,むしとりのうた,清水一人(歌：近藤佳奈子)「新甲虫王者ムシキング」,STD 1 | STD 4 | STD 7 | STD 11,127,STAR PLUS,
445,東方Project,きゅうりバーにダイブ,ゆずひこ feat.めらみぽっぷ,STD 3 | STD 5 | STD 9+ | STD 14,176,STAR PLUS,黄瓜
444,niconico,放課後ストライド,Last Note.,STD 3 | STD 6 | STD 9+ | STD 12,225,STAR PLUS,放课后stride
443,東方Project,チルノおかんのさいきょう☆バイブスごはん,D.watt feat. ビートまりお (COOL&CREATE),STD 3 | STD 6 | STD 9+ | STD 13,204,STAR PLUS,
442,ゲキマイ,咲キ誇レ常世ノ華,Sou×マチゲリータ,STD 3 | STD 6 | STD 9 | STD 12+,210,STAR PLUS,
441,東方Project,つるぺったん,Silver Forest,STD 3 | STD 6 | STD 8+ | STD 12+,180,STAR PLUS,贫乳便当
440,niconico,初音ミクの激唱,Storyteller,STD 5 | STD 8+ | STD 13 | STD 14+,200,STAR PLUS,初音未来的激唱|初音未来激唱|机场|激唱
439,VARIETY,Candyland Symphony,Kai「Wonderland Wars」,STD 3 | STD 7 | STD 10 | STD 12+,120,STAR PLUS,
438,東方Project,サドマミホリック,ビートまりお（COOL&CREATE）,STD 3 | STD 6 | STD 11+ | STD 14 | STD 14+,200,STAR PLUS,灵梦撒币|撒币|灵梦撒比
437,東方Project,ゆけむり魂温泉 II,魂音泉,STD 2 | STD 4 | STD 8+ | STD 12+,140,STAR PLUS,
436,niconico,アンノウン・マザーグース,wowaka,STD 3 | STD 6 | STD 9 | STD 13+,222,STAR PLUS,不为人知的鹅妈妈童谣|鹅妈妈
435,VARIETY,volcanic,DETRO a.k.a ルゼ,STD 4 | STD 9 | STD 11+ | STD 14,191,STAR PLUS,火山|猩猩|臀萌金曲|小猩猩
434,VARIETY,End Time,Cres.,STD 3 | STD 8 | STD 13+ | STD 15,180,AMAZON,雅迪|et
433,ORIGINAL,業 -善なる神とこの世の悪について-,光吉猛修 VS 穴山大輔,STD 4 | STD 9+ | STD 14 | STD 15+,190,STAR PLUS,业善|雅迪|gou|业|红耶
432,ORIGINAL,Surveiller et punir,cybermiso,STD 3 | STD 7 | STD 12 | STD 15,145,STAR PLUS,法国人|监视|法|et
431,ORIGINAL,Drivessover,Taishi,STD 3 | STD 7 | STD 11 | STD 13+,182,STAR PLUS,
430,ORIGINAL,Dual Fractal,M2U,STD 2 | STD 6 | STD 10+ | STD 13+,160,STAR PLUS,
429,イロドリミドリ,Change Our MIRAI！ (Our 7 Lights),イロドリミドリ,STD 3 | STD 5 | STD 8+ | STD 13,256,STAR PLUS,
428,東方Project,Floating Darkness,Tatsh feat. 月子,STD 3 | STD 6 | STD 9+ | STD 13+,182,STAR PLUS,
427,東方Project,Spring of Dreams,3L (NJK Record),STD 3 | STD 5 | STD 8+ | STD 12,153,STAR PLUS,
426,東方Project,Scream out! -CHUNITHM Tuning-,A-One,STD 3 | STD 6 | STD 9+ | STD 12+,165,STAR PLUS,
425,東方Project,ウサテイ,あまね＋ビートまりお(COOL＆CREATE),STD 3 | STD 6 | STD 9+ | STD 13+,190,AMAZON PLUS,
424,イロドリミドリ,ここで一席！　Oshama Scramble!,なずな師匠＆小仏亭ちゃんなぎ(イロドリミドリ),STD 3 | STD 6 | STD 9+ | STD 13,212,STAR PLUS,
423,イロドリミドリ,管弦楽組曲 第3番 ニ長調「第2曲（G線上のアリア）」BWV.1068-2,月鈴 那知（ヴァイオリン） 伴奏：イロドリミドリ,STD 3 | STD 7 | STD 12 | STD 14+,180,STAR PLUS,地雷|二长调|管弦乐组曲
422,VARIETY,Chocolate Happy,Carotte☆（ripple＆めらみぽっぷ）,STD 3 | STD 5 | STD 9 | STD 11+,180,STAR PLUS,
421,VARIETY,Super Lovely (Heavenly Remix),EarBreaker feat. Mes w/光吉猛修,STD 4 | STD 6 | STD 9+ | STD 14,170,AMAZON PLUS,
420,POPS & ANIME,TOMORROW,Machico「この素晴らしい世界に祝福を！2」,STD 2 | STD 5 | STD 9 | STD 11,134,STAR PLUS,
419,niconico,頓珍漢の宴,ピノキオピー,STD 3 | STD 6 | STD 10 | STD 14,145,STAR PLUS,顿珍汉之宴
418,niconico,ゴーストルール,DECO*27,STD 3 | STD 5 | STD 9+ | STD 13+,210,STAR PLUS,幽灵法则|初音未来
417,niconico,StargazeR,骨盤P,STD 2 | STD 5 | STD 8+ | STD 12+,195,STAR PLUS,
416,niconico,厨病激発ボーイ,れるりり,STD 3 | STD 5 | STD 9 | STD 13,190,STAR PLUS,厨病激发
415,ORIGINAL,"NYAN-NYA, More! ラブシャイン、Chu♥",片霧烈火オンザみんマンション,STD 3 | STD 6 | STD 10+ | STD 13,158,STAR PLUS,
414,ORIGINAL,サンシャインサマー☆夏期講習,solfa feat.茶太,STD 3 | STD 6 | STD 11 | STD 13+,240,STAR PLUS,
413,ORIGINAL,Sentimental Snow,霜月はるか,STD 2 | STD 4 | STD 8 | STD 11,114,STAR PLUS,
412,イロドリミドリ,クレッシェンド・ストーリー,月鈴 白奈(CV:高野 麻里佳),STD 3 | STD 6 | STD 9 | STD 12+,180,STAR PLUS,
411,POPS & ANIME,ぶれいくるみるくらぶ！,みるくちゃん「ツインエンジェルBREAK」,STD 3 | STD 5 | STD 9 | STD 12+,197,STAR PLUS,
410,POPS & ANIME,ラブって♡ジュエリー♪えんじぇる☆ブレイク！！,あべにゅうぷろじぇくと feat.天月めぐる＆如月すみれ「ツインエンジェルBREAK」,STD 3 | STD 5 | STD 8+ | STD 13,238,STAR PLUS,
409,POPS & ANIME,碧き孤島のアングゥィス,電気式華憐音楽集団,STD 3 | STD 6 | STD 9+ | STD 13+,197,STAR PLUS,
408,VARIETY,La Flesvelka,Grand Thaw / Rigel Theatre,STD 3 | STD 6 | STD 9 | STD 13,134,STAR PLUS,
407,POPS & ANIME,ゴーゴー幽霊船,米津玄師,STD 3 | STD 5 | STD 9+ | STD 13,180,STAR PLUS,幽灵船
406,niconico,マトリョシカ,ハチ,STD 3 | STD 6 | STD 9+ | STD 12+,205,STAR PLUS,
405,POPS & ANIME,ネ！コ！,パトリシア・オブ・エンド(CV：高森奈津美)、黒木 未知(CV：仙台エリ)、夕莉 シャチ(CV：浅川悠)、明日原 ユウキ(CV：種﨑敦美)「ノラと皇女と野良猫ハート」,STD 3 | STD 6 | STD 9 | STD 11+ | STD 14,182,STAR PLUS,
404,東方Project,Grip & Break down !!,SOUND HOLIC feat. Nana Takahashi,STD 3 | STD 6 | STD 9+ | STD 12+,160,AMAZON,
403,東方Project,WARNING×WARNING×WARNING,暁Records,STD 3 | STD 5 | STD 9+ | STD 12+,172,STAR PLUS,
402,ゲキマイ,ねぇ、壊れタ人形ハ何処へ棄テらレるノ？,cosMo＠暴走P,STD 4 | STD 8 | STD 12+ | STD 14+,188,STAR PLUS,坏人形|坏人偶
401,ORIGINAL,Twilight,Pa's Lam System,STD 3 | STD 6 | STD 11 | STD 14,160,STAR PLUS,屎|地雷
400,ORIGINAL,CHOCOLATE BOMB!!!!,YUC'e,STD 3 | STD 7 | STD 10+ | STD 14,190,STAR PLUS,
399,ORIGINAL,はちみつアドベンチャー,Yunomi feat.nicamoq,STD 3 | STD 5 | STD 9 | STD 12+,160,STAR PLUS,
398,ORIGINAL,Pastel Party,Tomggg,STD 2 | STD 6 | STD 10+ | STD 14,125,STAR PLUS,
397,ORIGINAL,popcorn,happy machine,STD 2 | STD 6 | STD 9+ | STD 12,130,STAR PLUS,
396,イロドリミドリ,Very! Merry!! Session!!!,明坂 芹菜(CV:新田 恵海),STD 3 | STD 6 | STD 9 | STD 12+,180,STAR PLUS,
395,POPS & ANIME,青春サイダー,SPRiNGS「温泉むすめ」,STD 3 | STD 5 | STD 9 | STD 12+,160,STAR PLUS,
394,POPS & ANIME,純情-SAKURA-,SPRiNGS「温泉むすめ」,STD 3 | STD 6 | STD 9+ | STD 13+,174,STAR PLUS,
393,POPS & ANIME,未来イマジネーション！,SPRiNGS「温泉むすめ」,STD 3 | STD 5 | STD 9 | STD 11+,175,STAR PLUS,
392,ORIGINAL,otorii INNOVATED -[i]3-,NAOKI underground,STD 4 | STD 9+ | STD 13 | STD 15,210,STAR PLUS,大鸟居|鸟居|电所有人前列腺|电所有人|前列腺
391,イロドリミドリ,イロドリミドリ杯花映塚全一決定戦公式テーマソング『ウソテイ』,イロドリミドリ,STD 3 | STD 6 | STD 9+ | STD 12+,190,STAR PLUS,
390,niconico,レトロマニア狂想曲,PolyphonicBranch「#コンパス」,STD 3 | STD 5 | STD 9+ | STD 13+,180,STAR PLUS,复古疯狂狂想曲
389,niconico,グラーヴェ,niki「#コンパス」,STD 2 | STD 5 | STD 9 | STD 12,185,STAR PLUS,grave
388,niconico,キレキャリオン,ポリスピカデリー「#コンパス」,STD 2 | STD 5 | STD 9 | STD 13,170,STAR PLUS,电锯娘
387,niconico,アルカリレットウセイ,かいりきベア「#コンパス」,STD 3 | STD 5 | STD 8+ | STD 11,158,STAR PLUS,碱性劣等生
386,niconico,ダンスロボットダンス,ナユタン星人「#コンパス」,STD 3 | STD 6 | STD 9 | STD 12+,190,STAR PLUS,dance robot dance
385,ORIGINAL,Gate of Doom,Masahiro “Godspeed” Aoki,STD 4 | STD 8 | STD 13 | STD 14+,208,STAR PLUS,god|螃蟹2
384,ORIGINAL,Sparking Revolver,xi,STD 4 | STD 7+ | STD 11+ | STD 14+,357,STAR PLUS,手枪老头|地雷|闪光左轮|左轮|xi左轮|357
383,イロドリミドリ,ポルカドット,天王洲 なずな(CV:山本 彩乃),STD 3 | STD 5 | STD 8 | STD 11,170,STAR PLUS,
382,東方Project,色は匂へど散りぬるを,幽閉サテライト,STD 2 | STD 5 | STD 8+ | STD 11,138,STAR PLUS,
381,VARIETY,Doppelganger,LeaF,STD 6 | STD 9+ | STD 12+ | STD 14+,280,STAR PLUS,分身|二重身
380,niconico,拝啓ドッペルゲンガー,kemu,STD 3 | STD 6 | STD 10 | STD 14,181,STAR PLUS,敬启|敬启我的分身
379,niconico,砂の惑星 feat. HATSUNE MIKU,ハチ,STD 3 | STD 5 | STD 8 | STD 12+,95,STAR,砂之惑星
378,ゲキマイ,AMAZING MIGHTYYYY!!!!,WAiKURO,STD 4 | STD 8+ | STD 12 | STD 14+,185,STAR,am
377,niconico,Change me,shu-t,STD 3 | STD 6 | STD 9+ | STD 13,135,STAR,
376,ORIGINAL,BlazinG AIR,kanone,STD 3 | STD 6 | STD 10 | STD 14,150,STAR PLUS,中杯|提丰
375,POPS & ANIME,終わりなき物語,クーナ(CV.喜多村英梨)「PHANTASY STAR ONLINE 2」,STD 3 | STD 5 | STD 8 | STD 12+,150,STAR,
374,POPS & ANIME,Cosmic twinkle star,クーナ(CV.喜多村英梨)「PHANTASY STAR ONLINE 2」,STD 3 | STD 5 | STD 8+ | STD 12+,175,STAR,
373,東方Project,チルノのパーフェクトさんすう教室　⑨周年バージョン,IOSYSと愉快な⑨周年フレンズ,STD 3 | STD 5 | STD 9+ | STD 14,175,STAR,九周年|算数|算数教室|9周年|9
372,POPS & ANIME,ようこそジャパリパークへ,どうぶつビスケッツ×PPP「けものフレンズ」,STD 3 | STD 5 | STD 9+ | STD 12,170,,
371,POPS & ANIME,Paradisus-Paradoxum,MYTH & ROID「Re:ゼロから始める異世界生活」,STD 3 | STD 6 | STD 9 | STD 13,201,STAR,papa
370,VARIETY,ETERNAL DRAIN,カラフル・サウンズ・ポート,STD 3 | STD 5 | STD 9+ | STD 13+,149,STAR,
369,ゲキマイ,高気圧ねこロック,小野隊長とJimmy親分,STD 3 | STD 6 | STD 10 | STD 13,260,AMAZON,高气压
368,niconico,WAVE,niki,STD 3 | STD 5 | STD 8 | STD 12+,130,STAR,
367,niconico,ヒビカセ,GigaReol,STD 3 | STD 5 | STD 9 | STD 13,140,STAR PLUS,让其响彻
366,niconico,木彫り鯰と右肩ゾンビ,hanzo,STD 3 | STD 5 | STD 9+ | STD 12+,150,STAR,木雕
365,niconico,Absolunote,Lemm,STD 3 | STD 6 | STD 9+ | STD 13,189,STAR,
364,niconico,フラジール,ぬゆり,STD 2 | STD 5 | STD 9 | STD 11+,127,STAR,易碎
363,niconico,サイバーサンダーサイダー,EZFG,STD 3 | STD 5 | STD 10 | STD 14,145,CHUNITHM NEW,Cyber Thunder Cider
362,VARIETY,G e n g a o z o,-45,STD 4 | STD 8 | STD 13+ | STD 14+,153,STAR,跟哥走|gengaozo|晋高祖
361,東方Project,Melody！,あ～るの～と（いえろ～ぜぶら）,STD 3 | STD 6 | STD 9 | STD 12,175,STAR,
360,東方Project,Calamity Fortune,LeaF,STD 4 | STD 8+ | STD 11+ | STD 14+,200,STAR,cf|穿越火线
359,niconico,スイートマジック,ろん×Junky,STD 2 | STD 5 | STD 8 | STD 11+,123,STAR,
358,POPS & ANIME,Clover Heart's,真理絵,STD 2 | STD 5 | STD 8+ | STD 11+,156,STAR,
357,イロドリミドリ,プリズム,御形 アリシアナ(CV:福原 綾香),STD 2 | STD 5 | STD 8 | STD 11+,140,STAR,
356,ゲキマイ,Caliburne ～Story of the Legendary sword～,Project Grimoire,STD 4 | STD 8 | STD 12+ | STD 14+,190,STAR,圣剑|生煎|生煎1|圣剑1
355,ゲキマイ,D✪N’T ST✪P R✪CKIN’ ～[✪_✪] MIX～,EB (aka EarBreaker),STD 3 | STD 6 | STD 9+ | STD 13,140,STAR,dsr|星星
354,ゲキマイ,L'épilogue,SOUND HOLIC feat. Nana Takahashi,STD 2 | STD 5 | STD 9+ | STD 13,145,STAR,lepilogue|钟离
353,ゲキマイ,Hyper Active,HiTECH NINJA,STD 3 | STD 7 | STD 10+ | STD 14,160,STAR,泥头车
352,ORIGINAL,EXECUTOR,doriko feat.VALSHE,STD 3 | STD 6 | STD 9 | STD 13+,181,STAR,
351,ORIGINAL,Rendezvous,Crusher-P,STD 3 | STD 7 | STD 10 | STD 13+,160,STAR,
350,ORIGINAL,時の冒険者,40mP feat.シャノ,STD 3 | STD 6 | STD 9+ | STD 13+,192,STAR,
349,ORIGINAL,The Darkness of Valhalla,うたたP,STD 3 | STD 5 | STD 9+ | STD 13+,128,STAR PLUS,
348,ORIGINAL,bubble attack,HALFBY,STD 2 | STD 6 | STD 10+ | STD 14,130,STAR,
347,ORIGINAL,La Baguette Magique,OSTER project feat.ジェム,STD 2 | STD 5 | STD 9 | STD 13,230,STAR,
346,イロドリミドリ,夢と夢～あの日のメロディ～,月鈴姉妹(イロドリミドリ),STD 2 | STD 4 | STD 8 | STD 11,123,STAR,
345,イロドリミドリ,-OutsideR:RequieM-,箱部 なる(CV:M・A・O),STD 3 | STD 6 | STD 10+ | STD 13+,181,STAR,
344,ゲキマイ,VERTeX,Hiro「maimai」より,STD 4 | STD 8+ | STD 12 | STD 14+,237,STAR,水神|vertex|芙宁娜
343,POPS & ANIME,Our Fighting,クーナ(CV.喜多村英梨)「PHANTASY STAR ONLINE 2」,STD 3 | STD 6 | STD 9 | STD 11+,165,STAR,
342,VARIETY,Burning Hearts ～炎のANGEL～,光吉猛修「バーニングレンジャー」,STD 3 | STD 5 | STD 9+ | STD 13+,155,STAR,
341,POPS & ANIME,セハガガガンバッちゃう！！,Hi☆sCoool! セハガール,STD 3 | STD 6 | STD 9+ | STD 13,202,STAR,
340,イロドリミドリ,イロトリドリのメロディ,小仏 凪(CV:佐倉 薫),STD 3 | STD 5 | STD 9 | STD 13+,140,STAR,
339,niconico,卑怯戦隊うろたんだー,シンP,STD 3 | STD 5 | STD 9 | STD 12+,152,STAR,
338,niconico,Fire◎Flower,halyosy,STD 3 | STD 6 | STD 8 | STD 12+,175,STAR,
337,niconico,炉心融解,iroha(sasaki)／kuma(alfred),STD 3 | STD 5 | STD 8+ | STD 11+,165,STAR,
336,niconico,Just Be Friends,Dixie Flatline,STD 3 | STD 5 | STD 9 | STD 11+,128,STAR,
335,POPS & ANIME,ホシトハナ,讃州中学勇者部(照井春佳、三森すずこ、内山夕実、黒沢ともよ、長妻樹里)「結城友奈は勇者である」,STD 3 | STD 5 | STD 9 | STD 11,162,STAR,
334,VARIETY,Scarlet Lance,MASAKI（ZUNTATA）「グルーヴコースター 3EX ドリームパーティー」より,STD 4 | STD 7+ | STD 12 | STD 14+,185,STAR,红枪|sl|戟|红叉
333,VARIETY,極圏,cosMo VS dj TAKA「SOUND VOLTEX」より,STD 4 | STD 7 | STD 11+ | STD 14+,207,STAR,NTR|黄毛|极圈|人妻
332,VARIETY,セイクリッド　ルイン,Drop＆祇羽 feat. 葉月ゆら「太鼓の達人」より,STD 3 | STD 7 | STD 11 | STD 14,186,STAR,
331,ORIGINAL,Xevel,Tatsh,STD 4 | STD 8 | STD 12 | STD 15,185,STAR,高塔|X
330,イロドリミドリ,奏者はただ背中と提琴で語るのみ,月鈴 那知(CV:今村 彩夏),STD 4 | STD 7 | STD 10+ | STD 14,230,STAR,
329,ORIGINAL,Twice up Scenery,q/stol,STD 2 | STD 5 | STD 10 | STD 14,114,STAR,
328,ORIGINAL,Iudicium,Powerless feat.kakichoco,STD 3 | STD 7 | STD 11+ | STD 15,170,STAR,拉丁人|iud
327,ORIGINAL,macrocosmos,LeaF,STD 4 | STD 9+ | STD 13 | STD 15,42,STAR PLUS,宏宇宙|小猫过河|宏
326,ORIGINAL,World Vanquisher,void (Mournfinale),STD 4 | STD 9+ | STD 13+ | STD 15+,170,STAR,市政|世征|切比|噔噔噔|噔噔噔噔噔|mothervanquisher|mother vanquisher|世界征服者|wv
325,ORIGINAL,Wake up Dreamer,Junk,STD 3 | STD 6 | STD 9+ | STD 13,151,STAR,
324,東方Project,物凄い勢いでけーねが物凄いうた,Halozy,STD 3 | STD 6 | STD 9 | STD 12 | STD 13+,180,STAR PLUS,
323,東方Project,星色夜空,あ～るの～と（いえろ～ぜぶら＆電開製作所）,STD 2 | STD 4 | STD 8 | STD 10+,124,STAR PLUS,
322,東方Project,天狗の落とし文 feat. ｙｔｒ,魂音泉,STD 3 | STD 5 | STD 9+ | STD 12+,160,STAR,
321,東方Project,風に乗せた願い,豚乙女,STD 2 | STD 6 | STD 9+ | STD 13+,188,STAR,风乘
320,東方Project,Last Moments,NJK Record (3L&maria♂polo),STD 3 | STD 6 | STD 9 | STD 13+,168,STAR,
319,東方Project,ケロ⑨destiny,Silver Forest,STD 3 | STD 5 | STD 9+ | STD 13+,172,STAR,
318,POPS & ANIME,Vampire,電気式華憐音楽集団,STD 3 | STD 5 | STD 9+ | STD 13 | STD 15,175,STAR,
317,niconico,害虫,鬱P,STD 4 | STD 7 | STD 10 | STD 14,190,STAR,
316,niconico,のぼれ！すすめ！高い塔,きくお,STD 3 | STD 6 | STD 9+ | STD 14,142,STAR,高塔
315,niconico,パーフェクト生命,ナユタン星人,STD 3 | STD 6 | STD 10 | STD 13,200,STAR,完美生命
314,niconico,アマツキツネ,まらしぃ,STD 3 | STD 6 | STD 9 | STD 11+,190,STAR,天狐
313,niconico,Palette,ゆよゆっペ/meola,STD 3 | STD 5 | STD 8 | STD 12+,180,STAR,
312,niconico,エレクトロサチュレイタ,tilt-six,STD 2 | STD 5 | STD 9 | STD 12,141,STAR,电子饱和器
311,ORIGINAL,Glorious Crown (tpz over-Over-OVERCUTE REMIX),t+pazolite,STD 4 | STD 9+ | STD 13+ | STD 15,236,STAR,皇冠|荣耀皇冠
310,ORIGINAL,Kattobi KEIKYU Rider,Sampling Masters MEGA,STD 4 | STD 8 | STD 13 | STD 14+,220,STAR,叮叮电车|叮叮|电车|叮叮车
309,ORIGINAL,キラメケ→Shoot it Now!,t+pazolite feat.ななひら,STD 3 | STD 6 | STD 9+ | STD 13+,205,STAR,
308,ORIGINAL,哀しみ集め,幽閉サテライト,STD 2 | STD 5 | STD 9 | STD 12+,155,STAR,
307,ORIGINAL,WE GOTTA SOUL,魂音泉,STD 3 | STD 6 | STD 8 | STD 12+ | STD 13+,170,STAR,
306,ORIGINAL,トリスメギストス,bermei.inazawa,STD 4 | STD 6 | STD 10 | STD 14,147,STAR,
305,ORIGINAL,PinqPiq,owl＊tree feat.awao＊tree,STD 3 | STD 5 | STD 10 | STD 13+,117,STAR,
304,ORIGINAL,JIGOKU STATION CENTRAL GATE,鬱P feat.000,STD 4 | STD 7+ | STD 12 | STD 14 | STD 14+,160,STAR,
303,ORIGINAL,眠れぬ夜君を想フ,baker,STD 3 | STD 5 | STD 10 | STD 14,130,STAR,
302,ORIGINAL,立川浄穢捕物帳,青島探偵事務所器楽捜査部B担,STD 3 | STD 6 | STD 9+ | STD 14,210,STAR,立川净秽捕物帐
301,ORIGINAL,光線チューニング,ナユタン星人,STD 3 | STD 6 | STD 9+ | STD 12,190,STAR,光线|ray|ray turning
300,イロドリミドリ,Session High⤴,イロドリミドリ,STD 3 | STD 6 | STD 10 | STD 13,200,STAR,
299,イロドリミドリ,ＧＯ！ＧＯ！ラブリズム♥ ～あーりん書類審査通過記念Ver.～,御形アリシアナオンザイロドリマンション(イロドリミドリ),STD 3 | STD 5 | STD 9+ | STD 12,180,STAR,
298,VARIETY,Black Lotus,wa.,STD 4 | STD 7 | STD 11 | STD 14,200,CRYSTAL,黑莲
297,東方Project,儚きもの人間,豚乙女,STD 3 | STD 6 | STD 9+ | STD 13,180,STAR,
296,東方Project,華鳥風月,幽閉サテライト,STD 2 | STD 5 | STD 8+ | STD 11+,123,STAR,
295,POPS & ANIME,前前前世,RADWIMPS「君の名は。」,STD 3 | STD 5 | STD 8+ | STD 12,190,STAR,你的名字
294,POPS & ANIME,Redo,鈴木このみ「Re:ゼロから始める異世界生活」,STD 3 | STD 6 | STD 9+ | STD 12+ | STD 13+,190,,re0|艾米莉亚|重做|redo|从零开始的异世界生活|从零开始的异世界
293,VARIETY,Through The Tower,SoundTeMP「ラグナロクオンライン」,STD 2 | STD 5 | STD 9+ | STD 12+,140,AIR PLUS,
292,ORIGINAL,We Gonna Party -Feline Groove Mix-,Morrigan feat.Lily,STD 4 | STD 7 | STD 12 | STD 14,170,AIR PLUS,
291,イロドリミドリ,The wheel to the Night ～インド人が夢に!?～,Sampling Masters なる＆せりな(イロドリミドリ),STD 3 | STD 6 | STD 10+ | STD 14,220,STAR PLUS,夜轮|彩绿印度人|彩绿电锯人|彩绿右轮
290,niconico,地球最後の告白を,kemu,STD 3 | STD 6 | STD 9 | STD 13,190,AIR PLUS,地球最后的告白
289,VARIETY,Finite,Sta,STD 3 | STD 7 | STD 11+ | STD 15,178,AIR PLUS,双色球|抽奖
288,ORIGINAL,混沌を越えし我らが神聖なる調律主を讃えよ,穴山大輔,STD 5 | STD 10 | STD 14 | STD 15+,240,AIR PLUS,大蟑螂|广东大蟑螂|飞天大蟑螂|混沌|蟑螂|广东蟑螂|广东特产|混沌越
287,ゲキマイ,相思創愛,伊東歌詞太郎・ろん×まらしぃ,STD 3 | STD 6 | STD 9+ | STD 12+,195,STAR,
286,ゲキマイ,分からない,ろん×黒魔,STD 3 | STD 7 | STD 10+ | STD 14,200,AIR PLUS,不知道|哇卡拉奶|我不知道|我不到啊|这
285,ゲキマイ,Barbed Eye,柿チョコ×みきとP,STD 3 | STD 5 | STD 9 | STD 12,135,AIR PLUS,
284,ゲキマイ,りばーぶ,高橋菜々×岡部啓一(MONACA),STD 2 | STD 5 | STD 8 | STD 11,120,AIR PLUS,
283,ゲキマイ,悪戯,ろん×田中秀和(MONACA),STD 3 | STD 5 | STD 9+ | STD 12+,140,AIR PLUS,恶戏
282,ORIGINAL,最愛テトラグラマトン,片霧烈火,STD 3 | STD 6 | STD 9+ | STD 13+ | STD 14,176,AIR PLUS,
281,ゲキマイ,天国と地獄 -言ノ葉リンネ-,伊東歌詞太郎・ろん×れるりり,STD 2 | STD 5 | STD 9+ | STD 12,138,AIR PLUS,天国地狱
280,ゲキマイ,Like the Wind [Reborn],sampling masters MEGA「パワードリフト」,STD 4 | STD 8 | STD 11 | STD 14,200,AIR PLUS,一块钱
279,イロドリミドリ,あねぺったん,月鈴姉妹(イロドリミドリ),STD 3 | STD 6 | STD 9 | STD 12,180,AIR PLUS,
278,VARIETY,レッツゴー!陰陽師,「新豪血寺一族 -煩悩解放-」,STD 2 | STD 5 | STD 8 | STD 11+,150,AIR PLUS,阴阳师
277,POPS & ANIME,若い力 -SEGA HARD GIRLS MIX-,セガ・ハード・ガールズ,STD 3 | STD 6 | STD 8 | STD 11+,162,AIR PLUS,
276,VARIETY,Dengeki Tube,BACO,STD 4 | STD 7+ | STD 12+ | STD 15,155,AIR PLUS,电管|15
275,VARIETY,オモイヨシノ,loos feat. 柊莉杏,STD 3 | STD 5 | STD 8 | STD 11+,168,STAR PLUS,
274,VARIETY,Bird Sprite,syatten,STD 3 | STD 5 | STD 8+ | STD 13,146,AIR PLUS,
273,VARIETY,Name of oath,void (Mournfinale) feat. コツキミヤ (Gt. えば),STD 3 | STD 7 | STD 11 | STD 14+,174,AIR PLUS,noo
272,VARIETY,GOODTEK,EBIMAYO,STD 4 | STD 7 | STD 10+ | STD 14,190,AIR PLUS,锤子|良锤|好锤子
271,VARIETY,神威,TJ.hangneil,STD 5 | STD 8+ | STD 13+ | STD 15,210,AIR PLUS,
270,VARIETY,Evans,DJ YOSHITAKA,STD 3 | STD 7 | STD 10+ | STD 14 | STD 14+,185,AIR PLUS,
269,東方Project,キュアリアス光吉古牌　－祭－,光吉猛修「東方幻想麻雀」,STD 3 | STD 5 | STD 10 | STD 12+,155,AIR PLUS,光吉猛修
268,東方Project,仙酌絶唱のファンタジア,博麗神社例大祭コラボユニット,STD 3 | STD 5 | STD 9 | STD 13+,160,AIR PLUS,
267,東方Project,"Help me, ERINNNNNN!! -Cranky remix-",ビートまりお × Cranky,STD 3 | STD 6 | STD 9 | STD 12+,180,AIR PLUS,
266,東方Project,Witches night,Liz Triangle,STD 3 | STD 6 | STD 8 | STD 12,154,AIR PLUS,
265,東方Project,Starlight Dance Floor,発熱巫女～ず,STD 3 | STD 5 | STD 8 | STD 11+,128,AIR PLUS,
264,東方Project,愛き夜道 feat. ランコ、雨天決行,魂音泉,STD 2 | STD 5 | STD 8 | STD 12+,136,AIR PLUS,
263,東方Project,泡沫、哀のまほろば,幽閉サテライト,STD 3 | STD 5 | STD 8 | STD 11+,155,AIR PLUS,
262,niconico,ECHO,CIRCRUSH,STD 3 | STD 5 | STD 9+ | STD 12+,140,AIR PLUS,回声|恶臭
261,niconico,だんだん早くなる,40mP,STD 3 | STD 5 | STD 9 | STD 11+,126,AIR PLUS,末白|逐渐变快
260,niconico,チュルリラ・チュルリラ・ダッダッダ！,和田たけあき(くらげP),STD 3 | STD 6 | STD 10 | STD 13+,220,AIR PLUS,哒哒哒
259,niconico,デリヘル呼んだら君が来た,ナナホシ管弦楽団,STD 3 | STD 6 | STD 8+ | STD 13,190,AIR PLUS,应召女郎
258,niconico,すきなことだけでいいです,ピノキオピー,STD 2 | STD 5 | STD 8 | STD 13,140,AIR PLUS,
257,niconico,アンハッピーリフレイン,wowaka,STD 3 | STD 7 | STD 9+ | STD 13+,205,AIR PLUS,unhappy refrain|ur
256,niconico,虎視眈々,梅とら,STD 3 | STD 5 | STD 8 | STD 12+,134,AIR PLUS,虎视眈眈
255,niconico,エイリアンエイリアン,ナユタン星人,STD 3 | STD 5 | STD 9+ | STD 11+,152,AIR PLUS,alien alien|外星人
254,niconico,おこちゃま戦争,ギガ/れをる,STD 4 | STD 7 | STD 10 | STD 13+,175,AIR PLUS,孩子气的战争
253,niconico,いーあるふぁんくらぶ,みきとP,STD 2 | STD 5 | STD 8 | STD 11,145,AIR PLUS,一二粉丝俱乐部
252,niconico,桜ノ雨,halyosy,STD 1 | STD 5 | STD 8 | STD 11,76,AIR PLUS,
251,POPS & ANIME,true my heart -Lovable mix-,ave;new feat.佐倉紗織,STD 2 | STD 5 | STD 8 | STD 11+,135,AIR PLUS,
250,POPS & ANIME,Face of Fact,KOTOKO,STD 3 | STD 5 | STD 9+ | STD 12,135,AIR PLUS,
249,POPS & ANIME,ラブリー☆えんじぇる!!,あべにゅうぷろじぇくと feat.佐倉紗織&井上みゆ「パチスロ快盗天使ツインエンジェル」,STD 3 | STD 6 | STD 9+ | STD 12+,173,AIR PLUS,
248,POPS & ANIME,Daydream café,Petit Rabbit's「ご注文はうさぎですか？」,STD 3 | STD 5 | STD 8 | STD 11 | STD 12+,150,,点兔
247,ORIGINAL,オススメ☆♂♀☆でぃすとぴあ,ULTRA-PRISM,STD 4 | STD 7+ | STD 10+ | STD 14,130,AIR PLUS,男娘
246,ORIGINAL,おまかせ！！トラブルメイ娘☆とれびちゃん,かたほとり feat.桃箱,STD 3 | STD 6 | STD 9+ | STD 14,192,AIR PLUS,男娘
245,イロドリミドリ,Still,イロドリミドリ,STD 3 | STD 5 | STD 9 | STD 13,176,AIR PLUS,
244,ORIGINAL,RevolutionGame,れるりり feat.ろん,STD 2 | STD 5 | STD 8+ | STD 12,147,AIR PLUS,
243,イロドリミドリ,SPICY SWINGY STYLE,明坂 芹菜(CV:新田 恵海),STD 3 | STD 6 | STD 9+ | STD 12+,242,AIR PLUS,
242,イロドリミドリ,Tic Tac DREAMIN’,天王洲 なずな(CV:山本 彩乃),STD 3 | STD 5 | STD 8+ | STD 11+,125,AIR PLUS,
241,niconico,シジョウノコエ VOCALO ver.,OSTER project,STD 3 | STD 5 | STD 9+ | STD 12+,170,AIR,
240,ORIGINAL,Supersonic Generation,Massive New Krew,STD 4 | STD 7 | STD 11+ | STD 14,155,AIR PLUS,轩辕十四|超音速代
239,VARIETY,FLOATED CALM,from PACA PACA PASSION,STD 3 | STD 5 | STD 10 | STD 12+,130,AIR PLUS,
238,ゲキマイ,Oshama Scramble!,t+pazolite,STD 4 | STD 8 | STD 11 | STD 14 | STD 15,190,CRYSTAL PLUS,牛奶|牛奶猫
237,ゲキマイ,空威張りビヘイビア,un:c・ろん×じーざすP,STD 3 | STD 6 | STD 9 | STD 13 | STD 14,186,AIR,
236,イロドリミドリ,猛進ソリストライフ！,月鈴 那知(CV:今村 彩夏),STD 4 | STD 7 | STD 9+ | STD 12+ | STD 14+,252,AIR,
235,イロドリミドリ,ドキドキDREAM!!!,イロドリミドリ,STD 3 | STD 6 | STD 9+ | STD 12+ | STD 13+,210,AIR,
234,VARIETY,STAIRWAY TO GENERATION,Yosh(Survive Said The Prophet)「ボーダーブレイク」,STD 3 | STD 5 | STD 9+ | STD 13,150,AIR,
233,VARIETY,★LittlE HearTs★,ねこみみ魔法使い,STD 4 | STD 8 | STD 11+ | STD 15,200,AIR,小心心
232,VARIETY,JULIAN,Queen P.A.L.,STD 3 | STD 6 | STD 10+ | STD 13+,153,AIR,
231,VARIETY,Sakura Fubuki,Street,STD 3 | STD 7 | STD 9 | STD 13,175,AIR,樱吹雪
230,VARIETY,Her Majesty,naotyu-,STD 3 | STD 6 | STD 9 | STD 13+,222,AIR,
229,VARIETY,STAGER,Ras,STD 3 | STD 5 | STD 10 | STD 13+,146,AIR,
228,VARIETY,Dreadnought,Mastermind(xi+nora2r),STD 4 | STD 7+ | STD 10+ | STD 14+ | STD 14+,192,AIR,手电筒|无畏舰|无畏契约|瓦|无畏
227,東方Project,Imperishable Night 2006 (2016 Refine),ゆうゆ / 篠螺悠那,STD 4 | STD 7+ | STD 11+ | STD 14+,161,AIR,2006
226,VARIETY,ERIS -Legend of Gaidelia-,Grand Thaw / Rigel Theatre,STD 3 | STD 6 | STD 9 | STD 13+ | STD 15,162,AIR,
225,VARIETY,010,eoll,STD 2 | STD 6 | STD 9+ | STD 13+,180,AIR,
224,VARIETY,Say A Vengeance,ETIA. feat.Jenga,STD 3 | STD 6 | STD 9+ | STD 13+,185,AIR,
223,VARIETY,DataErr0r,Lunatic Sounds,STD 3 | STD 7 | STD 10 | STD 14 | STD 15,180,AIR,dataerror|你没保存数据
222,VARIETY,Air,SHIKI,STD 3 | STD 7 | STD 10 | STD 14+ | STD 15,180,AIR,雅迪|唉呀|空气|工业革命空气
221,niconico,みくみくにしてあげる♪【してやんよ】,ika,STD 3 | STD 5 | STD 8 | STD 11+,160,AIR,
220,ORIGINAL,覚醒楽奏メタフィクション,マチゲリータ,STD 3 | STD 7+ | STD 12 | STD 14,200,AIR PLUS,
219,ORIGINAL,Paqqin,owl＊tree,STD 3 | STD 6 | STD 10 | STD 13+,110,AIR,pq
218,VARIETY,凛として咲く花の如く,紅色リトマス,STD 3 | STD 5 | STD 9 | STD 12+ | STD 14,163,AIR,凛笑花如|凛花|如花凛然绽放
217,東方Project,幻想のサテライト,豚乙女,STD 3 | STD 7 | STD 11 | STD 14,230,AIR,幻想卫星
216,VARIETY,In The Blue Sky '01,電脳戦機バーチャロンフォース,STD 3 | STD 5 | STD 8 | STD 11+,167,AIR,
215,VARIETY,Dreams Dreams:Kids Ver.,Tomoko Sasaki「NiGHTS～星降る夜の物語～」,STD 1 | STD 5 | STD 7+ | STD 10,99,AIR,
214,VARIETY,Strahv,Feryquitous feat.Sennzai,STD 4 | STD 7+ | STD 11 | STD 14,191,AIR,
213,niconico,白い雪のプリンセスは,のぼる↑,STD 3 | STD 6 | STD 9+ | STD 12,200,AIR,
212,東方Project,No Routine,A-One,STD 2 | STD 6 | STD 9 | STD 12+,163,AIR,
211,VARIETY,PRIVATE SERVICE,from PACA PACA PASSION 2,STD 3 | STD 5 | STD 9+ | STD 13+ | STD 14+,160,AIR,
210,VARIETY,風仁雷仁,カラフル・サウンズ・ポート,STD 3 | STD 5 | STD 9 | STD 13 | STD 14+,142,AIR,
209,ORIGINAL,響,志方あきこ,STD 3 | STD 5 | STD 9+ | STD 12,115,AIR PLUS,
208,niconico,人生リセットボタン,kemu,STD 4 | STD 7 | STD 10 | STD 13+,200,AIR,人生重来键
207,niconico,インビジブル,kemu,STD 4 | STD 7 | STD 10+ | STD 14,192,AIR,透明人间
206,東方Project,月に叢雲華に風,幽閉サテライト,STD 3 | STD 5 | STD 8 | STD 12,160,AIR,
205,VARIETY,Kronos,削除,STD 3 | STD 5 | STD 9+ | STD 13,156,AIR,克罗诺斯
204,VARIETY,檄!帝国華撃団,真宮寺さくら（横山智佐）＆帝国歌劇団「サクラ大戦」,STD 3 | STD 6 | STD 8 | STD 11,143,AIR,缴
203,ORIGINAL,ウソラセラ,ピノキオピー,STD 3 | STD 6 | STD 10+ | STD 13,188,AIR,
202,ORIGINAL,First Twinkle,折戸伸治 feat.北沢綾香,STD 3 | STD 5 | STD 8+ | STD 11 | STD 13+,154,AIR,
201,niconico,ロミオとシンデレラ,doriko,STD 3 | STD 6 | STD 10 | STD 11+,170,AIR,罗密欧与辛德瑞拉
200,niconico,Tell Your World,livetune,STD 3 | STD 5 | STD 8 | STD 11,150,,pjsk新手教程
199,niconico,メルト,supercell,STD 2 | STD 5 | STD 8 | STD 11,170,AMAZON PLUS,melt|溶解
198,niconico,幸せになれる隠しコマンドがあるらしい,うたたP,STD 3 | STD 5 | STD 10 | STD 13+,142,AIR,幸隐
197,niconico,神曲,おにゅうP,STD 3 | STD 5 | STD 8 | STD 12,163,AIR,懂得欣赏
196,niconico,アカツキアライヴァル,Last Note.,STD 2 | STD 5 | STD 9+ | STD 11+,125,AIR,拂晓抵达
195,niconico,ラクガキスト,cosMo＠暴走P,STD 4 | STD 7 | STD 11 | STD 14,199,AIR,涂鸦者|rkgk
194,niconico,リモコン,じーざすP（ワンダフル☆オポチュニティ！）,STD 3 | STD 5 | STD 8 | STD 11+,165,AIR,遥控器
193,niconico,深海少女,ゆうゆ,STD 3 | STD 5 | STD 8 | STD 11+,137,AIR,
192,niconico,からくりピエロ,40mP,STD 2 | STD 5 | STD 8 | STD 11+,102,AIR,活动小丑
191,イロドリミドリ,TRUST,小仏 凪(CV:佐倉 薫),STD 3 | STD 6 | STD 9+ | STD 13,190,AIR PLUS,
190,ORIGINAL,後夜祭,田口囁一／感傷ベクトル,STD 3 | STD 5 | STD 9+ | STD 13,200,AIR,後夜祭|后夜祭|后夜
189,niconico,愛言葉,DECO*27,STD 2 | STD 5 | STD 8 | STD 11,137,AIR,爱言叶
188,ORIGINAL,願い星,霜月はるか,STD 3 | STD 5 | STD 8 | STD 11+,140,AIR PLUS,
187,niconico,ビバハピ,Mitchie M,STD 3 | STD 6 | STD 9 | STD 11+,148,,快乐万岁
186,niconico,有頂天ビバーチェ,Last Note.,STD 2 | STD 6 | STD 8 | STD 11+,133,AIR,
185,niconico,鬼KYOKAN,じーざすP（ワンダフル☆オポチュニティ！）,STD 4 | STD 6 | STD 10 | STD 14,182,AIR,鬼教官
184,niconico,エンヴィキャットウォーク,トーマ,STD 3 | STD 6 | STD 9+ | STD 13,160,AIR,嫉妒猫步
183,イロドリミドリ,Bang Babang Bang!!!,御形 アリシアナ(CV:福原 綾香),STD 3 | STD 6 | STD 10+ | STD 13+,200,AIR PLUS,邦邦
182,ORIGINAL,心象蜃気楼,Orangestar,STD 3 | STD 5 | STD 9+ | STD 11,190,AIR,
181,ORIGINAL,ゲシュタルト！テスト期間！！,solfa feat.茶太,STD 3 | STD 5 | STD 9+ | STD 13+,170,AIR PLUS,
180,イロドリミドリ,猫祭り,箱部 なる(CV:M・A・O),STD 3 | STD 6 | STD 9+ | STD 12,160,AIR PLUS,猫寄|猫祭
179,イロドリミドリ,My Dearest Song,月鈴 白奈(CV:高野 麻里佳),STD 3 | STD 5 | STD 8+ | STD 13,145,AIR,
178,niconico,Hand in Hand,livetune,STD 3 | STD 5 | STD 8+ | STD 11+,128,AIR,手拉手
177,ORIGINAL,Tidal Wave,D-Cee,STD 4 | STD 7+ | STD 10+ | STD 14,175,AIR,
176,ORIGINAL,ロボットプラネットユートピア,lumo,STD 3 | STD 6 | STD 9+ | STD 13,150,AIR,
175,ORIGINAL,D.E.A.D.L.Y.,さつき が てんこもり feat.YURiCa/花たん,STD 3 | STD 6 | STD 9+ | STD 12+,175,AIR,
174,ORIGINAL,Oshama Scramble! (Cranky Remix),Cranky,STD 4 | STD 7 | STD 11 | STD 14,190,AIR,cranky牛奶|牛奶
173,ORIGINAL,TiamaT:F minor,Team Grimoire,STD 4 | STD 9+ | STD 13+ | STD 15,215,AIR PLUS,提亚马特|提|大猩猩|猩猩|猩|提暗示|提暗示？|提提提|提你妈|不要再提了
172,ORIGINAL,BOKUTO,じーざすP feat.kradness,STD 3 | STD 7+ | STD 10 | STD 14,188,AIR,破裤头|剥裤头
171,ORIGINAL,札付きのワル　～マイケルのうた～,ひーちゃんとあーちゃんとたーちゃん,STD 3 | STD 6 | STD 10 | STD 13+,184,AIR PLUS,
170,ORIGINAL,その群青が愛しかったようだった,n-buna feat.ヤギヌマカナ,STD 3 | STD 6 | STD 10 | STD 11+,220,AIR,
169,ORIGINAL,Warcry,YATAGARASU,STD 3 | STD 7 | STD 10 | STD 14,190,AIR PLUS,
168,niconico,愛迷エレジー,DECO*27,STD 3 | STD 6 | STD 9+ | STD 12+,210,CHUNITHM PLUS,疯狂星期四|爱迷
167,niconico,Crazy ∞ nighT,ひとしずく×やま△,STD 3 | STD 6 | STD 8+ | STD 13,204,CHUNITHM PLUS,
166,ORIGINAL,Philosopher,少女病,STD 4 | STD 7 | STD 12 | STD 14+,145,AIR,哲学家
165,ORIGINAL,ドライヴ・オン・ザ・レインボー,並木晃一,STD 2 | STD 5 | STD 10+ | STD 13+,112,AIR PLUS,
164,ORIGINAL,Schrecklicher Aufstand,Katzeohr & Spiegel,STD 5 | STD 9 | STD 13 | STD 15,180,AIR,德国人|闪击波兰|巴巴罗萨计划
163,イロドリミドリ,なるとなぎのパーフェクトロックンロール教室,イロドリミドリ,STD 3 | STD 6 | STD 10+ | STD 13+,216,CHUNITHM PLUS,
162,イロドリミドリ,"Help me, あーりん！",イロドリミドリ,STD 3 | STD 5 | STD 9+ | STD 11+,183,CHUNITHM PLUS,
161,POPS & ANIME,回レ！雪月花,歌組雪月花 夜々(原田 ひとみ)/いろり(茅野 愛衣)/小紫(小倉 唯) 「機巧少女は傷つかない」,STD 3 | STD 5 | STD 9+ | STD 12+ | STD 14,160,CHUNITHM PLUS,雪月花
160,niconico,夜咄ディセイブ,じん 「カゲロウプロジェクト」,STD 3 | STD 6 | STD 10 | STD 13+,130,CHUNITHM PLUS,夜咄
159,ORIGINAL,Devastating Blaster,INNOCENT NOIZE,STD 3 | STD 8 | STD 13 | STD 15,160,AIR PLUS,机械头|恐怖机械头|飞天机械头
158,VARIETY,アルストロメリア,TAG,STD 3 | STD 5 | STD 9+ | STD 12+ | STD 14+,144,CHUNITHM PLUS,alstroemeria|六出花
157,VARIETY,Elemental Creation,dj TAKA meets DJ YOSHITAKA,STD 3 | STD 7 | STD 11 | STD 14+ | STD 15,212,CHUNITHM PLUS,忍者|少打音游多读书|读书|读书郎|元素创造
156,ORIGINAL,Hyperion,Maozon,STD 3 | STD 6 | STD 10 | STD 13+ | STD 14+,135,AIR,亥伯龙
155,ORIGINAL,紅華刑,-45,STD 4 | STD 7 | STD 12+ | STD 14,165,AIR,红华刑
154,niconico,このふざけた素晴らしき世界は、僕の為にある,n.k,STD 3 | STD 5 | STD 8 | STD 12,152,CHUNITHM PLUS,
153,ゲキマイ,洗脳,ゆりん・柿チョコ×Neru,STD 2 | STD 5 | STD 8 | STD 11+,125,CHUNITHM PLUS,洗脑
152,ゲキマイ,Garakuta Doll Play,t+pazolite,STD 5 | STD 8+ | STD 13 | STD 15,256,CHUNITHM PLUS,gdp|四大天王|国民生产总值|小丑
151,niconico,ウミユリ海底譚,n-buna,STD 3 | STD 5 | STD 9+ | STD 12+,120,CHUNITHM PLUS,海底谭|地雷|屎|百合花
150,niconico,恋愛裁判,40mP,STD 2 | STD 5 | STD 8+ | STD 11+,134,CHUNITHM PLUS,恋爱裁判
149,niconico,カミサマネジマキ,kemu,STD 3 | STD 7 | STD 11 | STD 14,284,CHUNITHM PLUS,神明发条
148,niconico,Mr. Wonderland,sasakure.UK,STD 3 | STD 6 | STD 11+ | STD 14,140,CHUNITHM PLUS,mr wonderland
147,niconico,如月アテンション,じん 「カゲロウプロジェクト」,STD 2 | STD 5 | STD 9+ | STD 12+,200,CHUNITHM PLUS,
146,ORIGINAL,玩具狂奏曲 -終焉-,きくお,STD 5 | STD 9 | STD 13+ | STD 15,130,AIR,玩具|玩具狂奏曲|出生狂奏曲
145,ORIGINAL,サウンドプレイヤー,tilt-six feat.バル,STD 3 | STD 5 | STD 9 | STD 13,143,AIR,
144,niconico,楽園ファンファーレ,放課後楽園部 「ミカグラ学園組曲」,STD 3 | STD 5 | STD 9+ | STD 11+,180,CHUNITHM PLUS,
143,niconico,放課後革命,放課後楽園部 「ミカグラ学園組曲」,STD 3 | STD 6 | STD 9+ | STD 12+,205,CHUNITHM PLUS,
142,niconico,星屑ユートピア,otetsu,STD 3 | STD 6 | STD 9+ | STD 11+,240,CHUNITHM PLUS,星屑
141,niconico,いろは唄,銀サク,STD 3 | STD 5 | STD 9 | STD 12+,172,CHUNITHM PLUS,
140,niconico,天樂,ゆうゆ,STD 3 | STD 6 | STD 9+ | STD 12,232,CHUNITHM PLUS,天乐
139,niconico,アスノヨゾラ哨戒班,Orangestar,STD 3 | STD 6 | STD 9+ | STD 12+ | STD 14,185,CHUNITHM PLUS,烧鸡班
138,VARIETY,SAMBISTA,DOT96,STD 3 | STD 7 | STD 10 | STD 13+,152,CHUNITHM PLUS,
137,ORIGINAL,SNIPE WHOLE,Masayoshi Minoshima feat.Mei Ayakura,STD 4 | STD 6 | STD 10+ | STD 13+,172,CHUNITHM PLUS,
136,VARIETY,ちくわパフェだよ☆CKP,日向美ビタースイーツ♪,STD 3 | STD 6 | STD 9 | STD 11+ | STD 14,205,CHUNITHM,
135,VARIETY,FLOWER,DJ YOSHITAKA,STD 3 | STD 5 | STD 9+ | STD 13 | STD 14,173,CHUNITHM,花|扶老二|街机公交车
134,ORIGINAL,GEMINI -C-,Tatsh,STD 4 | STD 7 | STD 11 | STD 14,180,CHUNITHM PLUS,双子星
133,ORIGINAL,Contrapasso -inferno-,t+pazolite,STD 4 | STD 9+ | STD 12+ | STD 15,243,CHUNITHM PLUS,齿轮
132,イロドリミドリ,無敵We are one!!,イロドリミドリ,STD 3 | STD 6 | STD 9+ | STD 12+,190,CHUNITHM PLUS,
131,イロドリミドリ,ハート・ビート,明坂 芹菜(CV:新田 恵海),STD 3 | STD 6 | STD 10 | STD 12,212,CHUNITHM PLUS,
130,VARIETY,AVALON,sasakure.UK,STD 4 | STD 7+ | STD 12 | STD 14,200,STAR PLUS,阿瓦隆
129,VARIETY,Jack-the-Ripper◆,sasakure.UK,STD 4 | STD 8 | STD 11+ | STD 14,210,CHUNITHM PLUS,jack the ripper|开膛手杰克|杰克
128,VARIETY,FREEDOM DiVE,xi,STD 5 | STD 8 | STD 11+ | STD 15,222,CHUNITHM PLUS,fd|自由落体|222.22
127,東方Project,永遠のメロディ,あ～るの～と（いえろ～ぜぶら）,STD 3 | STD 5 | STD 8 | STD 12+,155,AIR PLUS,
126,東方Project,Phantasm Brigade,Silver Forest,STD 3 | STD 5 | STD 9 | STD 14,168,AIR PLUS,幻影旅队
125,東方Project,Club Ibuki in Break All,void＋夕野ヨシミ (IOSYS) feat.藤原鞠菜,STD 3 | STD 6 | STD 9+ | STD 13,175,AIR PLUS,
124,東方Project,Starlight Vision,矢鴇つかさ feat. 三澤秋,STD 3 | STD 6 | STD 9+ | STD 13,180,AIR PLUS,
123,東方Project,幽闇に目醒めしは,セブンスヘブンMAXION,STD 2 | STD 5 | STD 8 | STD 11+,120,AIR PLUS,
122,東方Project,エテルニタス・ルドロジー,IRON ATTACK!,STD 3 | STD 7 | STD 10 | STD 13+,178,AIR,
121,東方Project,ひれ伏せ愚民どもっ！,ARM＋夕野ヨシミ (IOSYS) feat.miko,STD 3 | STD 6 | STD 10 | STD 13+,180,AIR,
120,東方Project,患部で止まってすぐ溶ける～狂気の優曇華院,ARM＋夕野ヨシミ (IOSYS) feat.miko,STD 3 | STD 7 | STD 11 | STD 14 | STD 15,200,AIR,患部
119,東方Project,ってゐ！　～えいえんてゐVer～,石鹸屋,STD 3 | STD 5 | STD 9+ | STD 11+,159,AIR,
118,POPS & ANIME,euphoric field（English）,ELISA「ef - a tale of memories.」,STD 2 | STD 5 | STD 8 | STD 11+,150,,
117,niconico,ユクエシレズ,こじろー,STD 2 | STD 5 | STD 8 | STD 11+,132,CHUNITHM,
116,ORIGINAL,怒槌,光吉猛修,STD 6 | STD 9+ | STD 14 | STD 15,200,CHUNITHM,怒锤|屎|初代大便|怒怒|理财产品|把你妈妈抓走|怒！！
115,niconico,すろぉもぉしょん,ピノキオピー,STD 3 | STD 5 | STD 8 | STD 11+ | STD 14,160,CHUNITHM,slow motion
114,ORIGINAL,stella=steLLa,marasy,STD 3 | STD 6 | STD 10 | STD 13+,190,CHUNITHM,拉拉
113,東方Project,Jimang Shot,じまんぐ,STD 3 | STD 5 | STD 9+ | STD 13+,164,CHUNITHM PLUS,
112,VARIETY,Halcyon,xi,STD 3 | STD 7 | STD 10+ | STD 14+ | STD 15,191,CHUNITHM PLUS,翡翠鸡|小公交车
111,VARIETY,XL TECHNO,from PACA PACA PASSION,STD 2 | STD 5 | STD 12+ | STD 13+,130,CHUNITHM PLUS,特小
110,イロドリミドリ,DETARAME ROCK&ROLL THEORY,箱部 なる(CV:M・A・O),STD 3 | STD 6 | STD 9 | STD 12,140,CHUNITHM,DETARAME
109,VARIETY,elegante,Junk,STD 2 | STD 5 | STD 10 | STD 12+ | STD 13+,133,CHUNITHM,
108,niconico,ネトゲ廃人シュプレヒコール,さつき が てんこもり,STD 3 | STD 6 | STD 9 | STD 12+ | STD 14,175,CHUNITHM,网游废人
107,niconico,脳漿炸裂ガール,れるりり,STD 3 | STD 7 | STD 10+ | STD 13+ | STD 15,155,CHUNITHM,脑浆|脑浆炸裂|脑浆炸裂女孩
106,niconico,裏表ラバーズ,wowaka,STD 3 | STD 6 | STD 9+ | STD 12 | STD 14,159,CHUNITHM,里表情人
105,niconico,ぼくらの16bit戦争,sasakure.UK,STD 3 | STD 6 | STD 9+ | STD 14,122,CHUNITHM,我的16bit战争|16bit战争|16bit
104,ORIGINAL,幾四音-Ixion-,M.S.S Project,STD 3 | STD 6 | STD 9+ | STD 12 | STD 14,210,CHUNITHM,几四音
103,イロドリミドリ,私の中の幻想的世界観及びその顕現を想起させたある現実での出来事に関する一考察,小仏 凪(CV:佐倉 薫),STD 3 | STD 6 | STD 9 | STD 13+,175,CHUNITHM,名字很长的歌|一考察
102,ゲキマイ,言ノ葉遊戯,S!N・高橋菜々×ひとしずく・やま△,STD 3 | STD 6 | STD 9+ | STD 11+,164,CHUNITHM,言叶游戏
101,POPS & ANIME,ジングルベル,SEGA Sound Unit[H.],STD 2 | STD 5 | STD 8+ | STD 14+ | STD 15,100,CHUNITHM,圣诞歌|圣诞|屎|鸡公煲|金钩表
100,イロドリミドリ,フォルテシモBELL,天王洲 なずな(CV:山本 彩乃),STD 2 | STD 5 | STD 8 | STD 11,121,CHUNITHM,
99,niconico,ギガンティックO.T.N,ギガ,STD 3 | STD 6 | STD 10 | STD 14,190,CHUNITHM,otn
98,niconico,FREELY TOMORROW,Mitchie M,STD 2 | STD 4 | STD 8 | STD 11,129,,自由明天|神兽遇见神兽|春晚金曲
97,ORIGINAL,Gustav Battle,伊藤 賢治,STD 4 | STD 7 | STD 12+ | STD 14 | STD 14+,156,CHUNITHM,古斯塔夫
96,ORIGINAL,Alma,光田 康典,STD 3 | STD 5 | STD 9+ | STD 14,132,CHUNITHM,
95,イロドリミドリ,brilliant better,御形 アリシアナ(CV:福原 綾香),STD 3 | STD 5 | STD 10 | STD 12 | STD 13+,172,CHUNITHM,
94,東方Project,緋色のDance,岸田教団＆THE明星ロケッツ,STD 3 | STD 6 | STD 10 | STD 12+,155,CHUNITHM,绯色
93,ORIGINAL,Theme of SeelischTact,植松 伸夫,STD 3 | STD 6 | STD 9 | STD 12 | STD 14,137,CHUNITHM,
92,ORIGINAL,こころここから,ふわりP,STD 2 | STD 5 | STD 8 | STD 10,88,CHUNITHM,神秘盗摄男
91,ORIGINAL,夕暮れワンルーム,40mP feat.シャノ,STD 3 | STD 6 | STD 10 | STD 12,220,CHUNITHM,
90,イロドリミドリ,Change Our MIRAI！,イロドリミドリ,STD 3 | STD 5 | STD 8+ | STD 12 | STD 14+,256,CHUNITHM,
89,VARIETY,Aragami,xi,STD 3 | STD 6 | STD 9 | STD 14+,196,CHUNITHM,荒神|ara
88,niconico,ODDS&ENDS,ryo(supercell),STD 2 | STD 5 | STD 9 | STD 10+ | STD 13+,192,CHUNITHM,
87,VARIETY,Altale,削除,STD 3 | STD 5 | STD 9+ | STD 13+,90,CHUNITHM,altale
86,ORIGINAL,閃鋼のブリューナク,sasakure.UK,STD 4 | STD 9 | STD 13+ | STD 14+,140,CHUNITHM,闪钢
85,ORIGINAL,Guilty,MintJam,STD 3 | STD 6 | STD 9 | STD 12+ | STD 14,195,CHUNITHM,有罪
84,VARIETY,conflict,siromaru + cranky,STD 4 | STD 6 | STD 10+ | STD 14,160,CHUNITHM,公交车|冲突
83,VARIETY,Angel dust,LV.4,STD 4 | STD 7 | STD 11+ | STD 15,170,AIR,天使尘
82,VARIETY,Äventyr,Grand Thaw / Rigel Theatre,STD 3 | STD 6 | STD 9+ | STD 13+,132,CHUNITHM,冒险
81,VARIETY,Vallista,削除,STD 4 | STD 6 | STD 10 | STD 14+,180,CHUNITHM,
80,VARIETY,HAELEQUIN (Original Remaster),orangentle,STD 5 | STD 8 | STD 12+ | STD 15,167,CHUNITHM,哈勒奎因|奎因|哈利群
79,niconico,シリョクケンサ,40mP,STD 3 | STD 5 | STD 7 | STD 12,135,CHUNITHM,视力检查|检查视力|近视眼
78,niconico,イカサマライフゲイム,kemu,STD 3 | STD 6 | STD 9+ | STD 12+ | STD 14,200,CHUNITHM,骗人的life game
77,niconico,チルドレンレコード,じん 「カゲロウプロジェクト」,STD 3 | STD 6 | STD 10 | STD 13+,210,CHUNITHM PLUS,孩童记录
76,VARIETY,The Formula,Junk,STD 4 | STD 6 | STD 9+ | STD 13+,144,CHUNITHM,
75,東方Project,橙の幻想郷音頭,発熱巫女～ず,STD 1 | STD 4 | STD 8 | STD 10+,136,CHUNITHM PLUS,幻想乡音头
74,東方Project,少女幻葬戦慄曲　～　Necro Fantasia,どぶウサギ,STD 3 | STD 6 | STD 9+ | STD 13+,182,CHUNITHM PLUS,少女幻葬
73,東方Project,東方妖々夢 ～the maximum moving about～,石鹸屋,STD 3 | STD 6 | STD 9+ | STD 14,198,CHUNITHM PLUS,妖梦
72,東方Project,四次元跳躍機関,koutaq,STD 2 | STD 5 | STD 8 | STD 13+,135,CHUNITHM,四次元跳跃机关
71,niconico,アウターサイエンス,じん,STD 3 | STD 6 | STD 9 | STD 12+,195,AIR,界外科学
70,niconico,腐れ外道とチョコレゐト,ピノキオピー,STD 3 | STD 6 | STD 9+ | STD 13+ | STD 14+,260,CHUNITHM,腐外道|异端巧克力
69,niconico,M.S.S.Planet,M.S.S Project,STD 2 | STD 5 | STD 8 | STD 12,145,CHUNITHM,
68,東方Project,Dreaming,Alstroemeria Records,STD 2 | STD 5 | STD 8 | STD 11+,135,CHUNITHM,
67,niconico,Sweet Devil,八王子P,STD 2 | STD 6 | STD 9 | STD 12+,132,CHUNITHM,恶魔|wqn cheng
66,niconico,ストリーミングハート,DECO*27,STD 3 | STD 6 | STD 8 | STD 11+ | STD 14,210,CHUNITHM,
65,ORIGINAL,The ether,浜渦 正志,STD 3 | STD 5 | STD 11+ | STD 13,98,CHUNITHM,以太|屎|大便|构思
64,ORIGINAL,We Gonna Journey,Queen P.A.L.,STD 3 | STD 6 | STD 11 | STD 14 | STD 14+,160,CHUNITHM,我们要旅行|wgj|我与神祖共旅行
63,ORIGINAL,宛城、炎上！！,Cranky feat.おもしろ三国志,STD 5 | STD 9+ | STD 12+ | STD 15,175,CHUNITHM PLUS,四大天王|宛城炎上|炎上
62,ORIGINAL,overcome,景山 将太,STD 2 | STD 6 | STD 8+ | STD 11,140,CHUNITHM,
61,ORIGINAL,とーきょー全域★アキハバラ？,MOSAIC.WAV,STD 3 | STD 7 | STD 10 | STD 13,212,CHUNITHM,
60,ORIGINAL,エンドマークに希望と涙を添えて,cosMo＠暴走P,STD 4 | STD 7 | STD 11+ | STD 15,257,CHUNITHM,希望泪|四大天王
59,ORIGINAL,Tuning Rangers,COOL&CREATE,STD 3 | STD 5 | STD 9+ | STD 13+,160,AIR,
58,ORIGINAL,Tango Rouge,Yoko Shimomura,STD 3 | STD 7+ | STD 12 | STD 14+,152,CHUNITHM,探戈|谈个肉鸽
57,ORIGINAL,After the rain,霜月はるか,STD 2 | STD 5 | STD 8 | STD 12 | STD 13,132,CHUNITHM,
56,ゲキマイ,言ノ葉カルマ,そらる・ろん×れるりり,STD 3 | STD 7 | STD 9+ | STD 13 | STD 14,150,CHUNITHM,言叶
55,東方Project,魔理沙は大変なものを盗んでいきました,ARM＋夕野ヨシミ (IOSYS) feat.藤咲かりん,STD 3 | STD 6 | STD 8 | STD 12 | STD 15,170,CHUNITHM,魔理沙|魔理沙大变|魔理沙偷大便|魔理沙大便
54,東方Project,"Help me, ERINNNNNN!!（Band ver.）",ビートまりお,STD 3 | STD 5 | STD 8 | STD 10+,184,CHUNITHM,
53,東方Project,チルノのパーフェクトさんすう教室,ARM＋夕野ヨシミ (IOSYS) feat.miko,STD 3 | STD 5 | STD 8 | STD 12+,175,CHUNITHM,数学教室|9
52,ORIGINAL,砂漠のハンティングガール♡,海田 明里,STD 3 | STD 5 | STD 9 | STD 12+ | STD 14,139,CHUNITHM,沙漠
51,niconico,セツナトリップ,Last Note.,STD 2 | STD 5 | STD 8 | STD 13+,145,CHUNITHM,刹那旅程|册那旅途
50,東方Project,蒼空に舞え、墨染の桜,Silver Forest,STD 3 | STD 5 | STD 8+ | STD 12+,150,CHUNITHM PLUS,
49,東方Project,最終鬼畜妹・一部声,ビートまりお,STD 3 | STD 7 | STD 10 | STD 14,200,CHUNITHM,最终鬼畜妹
48,東方Project,Yet Another ”drizzly rain”,myu314 feat.あまね（COOL&CREATE）,STD 3 | STD 5 | STD 9+ | STD 12,175,CHUNITHM,
47,ORIGINAL,L'épisode,Osamu Kubota,STD 4 | STD 7+ | STD 12 | STD 14+,118,CHUNITHM PLUS,大琴师|钟离
46,VARIETY,JET,from PACA PACA PASSION Special,STD 2 | STD 5 | STD 8 | STD 12 | STD 13+,164,CHUNITHM,飞机|私人飞机|jet
45,VARIETY,The Concept of Love,長沼 英樹,STD 3 | STD 6 | STD 10+ | STD 13,122,CHUNITHM,
44,niconico,ロストワンの号哭,Neru,STD 3 | STD 6 | STD 9 | STD 13 | STD 14,162,CHUNITHM,号哭
43,ORIGINAL,Memories of Sun and Moon,Aiko Oi,STD 4 | STD 6 | STD 8 | STD 13+,110,CHUNITHM,日月记忆|日月回忆|屎
42,ORIGINAL,Grab your sword,古代 祐三,STD 3 | STD 6 | STD 8 | STD 10,138,CHUNITHM,握住剑
41,ORIGINAL,ＧＯ！ＧＯ！ラブリズム♥,片霧烈火オンザみんマンション,STD 3 | STD 5 | STD 9+ | STD 11+,176,CHUNITHM,
40,ORIGINAL,ケモノガル,ゼッケン屋,STD 4 | STD 6 | STD 9+ | STD 13+,205,AIR,
39,ORIGINAL,luna blu,WASi303,STD 3 | STD 9 | STD 13 | STD 14+ | STD 15,160,CHUNITHM,luna|屎|大便|蓝月|死神
38,ORIGINAL,Counselor,DECO*27 feat.echo,STD 3 | STD 6 | STD 9+ | STD 12 | STD 13,135,CHUNITHM,顾问
37,ORIGINAL,リリーシア,TaNaBaTa,STD 2 | STD 5 | STD 8+ | STD 11 | STD 12+,167,CHUNITHM,
36,ORIGINAL,MUSIC PЯAYER,A-One,STD 3 | STD 6 | STD 10 | STD 14 | STD 14+,168,CHUNITHM PLUS,music prayer
35,ORIGINAL,Genesis,Morrigan feat.Lily,STD 3 | STD 5 | STD 10 | STD 14+,150,CHUNITHM PLUS,原神|屎|地雷|150bpm单手切|起源
34,ORIGINAL,Infantoon Fantasy,t+pazolite,STD 5 | STD 7 | STD 9+ | STD 13 | STD 14,185,CHUNITHM,银莲花幻想|银莲花|NEO比中指
33,ORIGINAL,STAR,SEXY-SYNTHESIZER,STD 3 | STD 5 | STD 9+ | STD 13+,136,CHUNITHM,
32,ORIGINAL,The wheel to the right,Sampling Masters MEGA,STD 4 | STD 9+ | STD 11+ | STD 14,200,CHUNITHM,印度人|电锯人|到右边的轮子|向右的轮子|轮子|小鸡鸡伸过来让我锯一下|右轮
31,ORIGINAL,乗り切れ受験ウォーズ,solfa feat.茶太,STD 2 | STD 5 | STD 8+ | STD 11+,161,CHUNITHM,
30,ORIGINAL,昵懇レファレンス,halyosy,STD 3 | STD 5 | STD 9 | STD 11+ | STD 13,178,CHUNITHM,
29,ORIGINAL,明るい未来,豚乙女,STD 4 | STD 6 | STD 9+ | STD 12+,228,AIR,
28,ORIGINAL,Anemone,ESTi,STD 2 | STD 5 | STD 9+ | STD 11 | STD 13,140,CHUNITHM,海葵
27,ORIGINAL,今ぞ♡崇め奉れ☆オマエらよ！！～姫の秘メタル渇望～,あべにゅうぷろじぇくと feat.佐倉 紗織　produced by ave;new,STD 3 | STD 6 | STD 9+ | STD 14,214,CHUNITHM,
26,ORIGINAL,Gate of Fate,Godspeed,STD 6 | STD 9 | STD 12+ | STD 14+ | STD 15,128,CHUNITHM,gof|电音老牛|螃蟹|🦀|命运之门|命运石之门|石之门|命运门
25,ORIGINAL,名も無い鳥,六弦アリス,STD 3 | STD 6 | STD 9+ | STD 13,180,CHUNITHM PLUS,
24,ORIGINAL,GOLDEN RULE,Morrigan,STD 4 | STD 7 | STD 11+ | STD 14+,165,CHUNITHM PLUS,黄金律
23,ORIGINAL,Invitation,れるりり feat.ろん,STD 3 | STD 6 | STD 8 | STD 11+ | STD 13+,147,CHUNITHM,邀请|邀请函
22,ORIGINAL,Teriqma,owl＊tree,STD 2 | STD 5 | STD 10 | STD 13+ | STD 14+,128,CHUNITHM,terqima|屎|粪便|大便
21,ORIGINAL,Cyberozar,削除,STD 4 | STD 7+ | STD 11 | STD 14,186,CHUNITHM PLUS,赛博牛杂
20,ORIGINAL,My First Phone,cubesato,STD 2 | STD 6 | STD 10 | STD 14,114,CHUNITHM,我的手机|我的第一个手机|小灵通|iPhone15ProMax
19,東方Project,エピクロスの虹はもう見えない,SYNC.ART'S feat.美里,STD 2 | STD 5 | STD 8 | STD 11,155,CHUNITHM,
18,東方Project,Unlimited Spark!,t+pazolite feat.鈴木 ななこ,STD 3 | STD 5 | STD 9+ | STD 12 | STD 14,185,CHUNITHM,
17,niconico,六兆年と一夜物語,kemu,STD 3 | STD 5 | STD 9+ | STD 13 | STD 14,186,CHUNITHM,六兆年|lzn
16,東方Project,Bad Apple!! feat.nomico,Masayoshi Minoshima,STD 1 | STD 5 | STD 8 | STD 11+,138,CHUNITHM,坏苹果|好华为|badapple|bad apple|烂苹果
15,VARIETY,L9,paraoka,STD 4 | STD 6 | STD 9+ | STD 13+ | STD 15,252,CHUNITHM,l9|屎|大便
14,東方Project,sweet little sister,Silver Forest,STD 3 | STD 5 | STD 9+ | STD 11+,168,CHUNITHM,甜心小姐姐|甜二妹
13,niconico,天ノ弱,164,STD 2 | STD 5 | STD 8 | STD 11 | STD 13+,200,CHUNITHM,天弱|天之弱
12,POPS & ANIME,鳥の詩,Lia「AIR」,STD 2 | STD 5 | STD 8 | STD 11 | STD 12,122,AIR,鸟之诗
11,VARIETY,Lapis,SHIKI,STD 3 | STD 6 | STD 9+ | STD 13 | STD 14+,146,CHUNITHM PLUS,苍星石
10,VARIETY,Blue Noise,from PACA PACA PASSION,STD 2 | STD 7 | STD 10 | STD 14+,150,CHUNITHM,蓝噪音|屎|答辩|大便|粪便
9,niconico,タイガーランペイジ,sasakure.UK,STD 3 | STD 6 | STD 9+ | STD 13+ | STD 15,150,CHUNITHM,tiger rampage
8,niconico,ドーナツホール,ハチ,STD 2 | STD 5 | STD 9+ | STD 13,252,STAR PLUS,甜甜圈|甜甜圈洞
7,niconico,一触即発☆禅ガール,れるりり,STD 3 | STD 6 | STD 9+ | STD 13,190,CHUNITHM,一触即发
6,東方Project,ナイト・オブ・ナイツ,ビートまりお,STD 3 | STD 6 | STD 9 | STD 12,188,CHUNITHM,夜骑
5,東方Project,taboo tears you up,REDALiCE (HARDCORE TANO*C),STD 3 | STD 6 | STD 9+ | STD 13+ | STD 15,180,AIR PLUS,淘宝|淘宝撕碎你
4,VARIETY,DRAGONLADY,Nankumo/CUBE3,STD 4 | STD 6 | STD 11+ | STD 14,150,CHUNITHM PLUS,龙女士
3,niconico,千本桜,黒うさP,STD 3 | STD 5 | STD 8 | STD 12+ | STD 13+,154,CHUNITHM,千本樱
2,niconico,初音ミクの消失,cosMo＠暴走P,STD 5 | STD 8 | STD 12 | STD 14+,240,AIR,消失
1,VARIETY,B.B.K.K.B.K.K.,nora2r,STD 4 | STD 6 | STD 10 | STD 12+ | STD 13+,170,CHUNITHM,bbkkbkk|bk
