曲名,舞萌ID,舞萌类型,舞萌分类,舞萌谱面,舞萌BPM,舞萌版本,舞萌追加日期,舞萌是否锁定,舞萌别名,中二No.,中二分类,中二创作者,中二谱面,中二BPM,中二版本,中二别名
LEMON MELON COOKIE,1809,DX,niconico＆ボーカロイド,DX 3 | DX 7 | DX 10+ | DX 11+ | DX 13,180,CiRCLE PLUS,2026-05-29,否,,1865,niconico,TAK,STD 3 | STD 6 | STD 10 | STD 12+,180,X-VERSE-X,
うたかたよいかないで,1806,DX,POPS＆アニメ,DX 3 | DX 7 | DX 10 | DX 13,166,CiRCLE PLUS,2026-05-14,否,,1910,POPS & ANIME,HIMEHINA,STD 3 | STD 6 | STD 10 | STD 13,166,X-VERSE-X,
WWW,1805,DX,POPS＆アニメ,DX 2 | DX 6 | DX 10+ | DX 13,146,CiRCLE PLUS,2026-05-14,否,,1907,POPS & ANIME,HIMEHINA,STD 3 | STD 5 | STD 9 | STD 12+ | STD 14,146,X-VERSE-X,
キスキツネ,1804,DX,POPS＆アニメ,DX 2 | DX 6 | DX 10 | DX 13+,148,CiRCLE PLUS,2026-05-14,否,,1906,POPS & ANIME,HIMEHINA,STD 3 | STD 6 | STD 10 | STD 13+,148,X-VERSE-X,
RE Aoharu,1799,DX,ゲーム＆バラエティ,DX 3 | DX 7 | DX 10+ | DX 13+,180,CiRCLE PLUS,2026-05-01,否,,1729,VARIETY,Nor「ブルーアーカイブ -Blue Archive-」,STD 2 | STD 6 | STD 10 | STD 13,180,X-VERSE,
ZEUS,1794,DX,ゲーム＆バラエティ,DX 5 | DX 8 | DX 12+ | DX 14,180,CiRCLE PLUS,2026-04-03,否,,547,VARIETY,ルゼ,STD 4 | STD 7 | STD 11+ | STD 14+,170,AMAZON PLUS,宙斯
AiAe,1778,DX,ゲーム＆バラエティ,DX 5 | DX 8 | DX 12 | DX 14,180,CiRCLE PLUS,2026-03-19,否,,1826,VARIETY,DJ'TEKINA//SOMETHING a.k.a ゆよゆっぺ,STD 3 | STD 6 | STD 13 | STD 15,180,X-VERSE-X,
Colorful Starting Line,1770,DX,POPS＆アニメ,DX 3 | DX 7 | DX 10 | DX 13,162,CiRCLE PLUS,2026-03-19,否,,1871,POPS & ANIME,涼宮ハルヒ(CV.平野綾),STD 3 | STD 5 | STD 9 | STD 13,162,X-VERSE-X,
Chasing destiny,1769,DX,POPS＆アニメ,DX 4 | DX 7+ | DX 10+ | DX 13+,186,CiRCLE PLUS,2026-03-19,否,,1870,POPS & ANIME,涼宮ハルヒ(CV.平野綾),STD 3 | STD 6 | STD 10+ | STD 14,186,X-VERSE-X,
無敵的ハピネス！(SOS団5人Ver.),1768,DX,POPS＆アニメ,DX 3 | DX 7 | DX 10 | DX 13,185,CiRCLE PLUS,2026-03-19,否,,1869,POPS & ANIME,"涼宮ハルヒ(CV.平野綾),長門有希(CV.茅原実里),朝比奈みくる(CV.後藤邑子)、キョン(CV.杉田智和)、古泉一樹(CV.小野大輔)",STD 3 | STD 7 | STD 10+ | STD 13,185,X-VERSE-X,
BOW AND ARROW （アニメ・オープニングver.）,1767,DX,POPS＆アニメ,DX 3 | DX 7 | DX 10 | DX 11+ | DX 13,180,CiRCLE PLUS,2026-03-19,否,,1815,POPS & ANIME,米津玄師,STD 3 | STD 5 | STD 9+ | STD 13 | STD 14,180,X-VERSE-X,
Galaxy Blaster,1766,DX,オンゲキ＆CHUNITHM,DX 5 | DX 7+ | DX 11 | DX 14,208,CiRCLE PLUS,2026-03-19,是,,1728,ゲキマイ,ああああ,STD 5 | STD 8 | STD 12 | STD 14+,208,VERSE,
TECHNOPOLIS 2085,1765,DX,オンゲキ＆CHUNITHM,DX 4 | DX 6 | DX 10+ | DX 13+,134,CiRCLE PLUS,2026-03-19,是,,854,ORIGINAL,PRASTIK DANCEFLOOR,STD 2 | STD 7 | STD 12 | STD 14+,134,PARADISE LOST,雅迪|2085|啊🤪～啊🤪～啊咦😬啊咦😬啊→啊↑啊↓😨啊😰～嗯💥哎哎🤗哎哦哎嗯😋～哦哎🥳爱爱爱爱爱😍啊🤪～啊🤪～啊咦😬啊咦😬啊→啊↑啊↓😨啊😰～嗯💥嗯嗯👿滴嘚滴嘚😈唔😱嘟⬅️嘟↖️嘟⬆️嘟↗️嘟➡️嘟↘️嘟⬇️
WakeUP MakeUP FEVER!,1757,DX,オンゲキ＆CHUNITHM,DX 2 | DX 6 | DX 10 | DX 13,126,CiRCLE,2026-03-05,否,,1827,ゲキマイ,曲：アオワイファイ／歌：オンゲキシューターズ,STD 2 | STD 5 | STD 10 | STD 12+,126,X-VERSE-X,
Paranoia,1744,DX/STD,東方Project,DX 4 | DX 7 | DX 9 | DX 13 ; STD 3 | STD 7 | STD 10 | STD 13+,150,CiRCLE,2020-09-17,否,paranoia|镶金灵梦|妄想症|金色灵梦,459,東方Project,DiGiTAL WiNG feat. 花たん,STD 3 | STD 5 | STD 9+ | STD 12+,150,AMAZON,
うい麦畑でつかまえて,1738,DX,POPS＆アニメ,DX 3 | DX 7 | DX 10+ | DX 13,168,CiRCLE,2026-01-09,否,,1764,POPS & ANIME,しぐれうい,STD 3 | STD 5 | STD 9+ | STD 13+,168,X-VERSE,
化けの花,1737,DX,niconico＆ボーカロイド,DX 4 | DX 7 | DX 11 | DX 13,180,CiRCLE,2026-01-09,否,,1821,niconico,なきそ,STD 3 | STD 6 | STD 10+ | STD 13+ | STD 14+,180,X-VERSE-X,
ラストピースに祝福と栄光を,1724,DX,オンゲキ＆CHUNITHM,DX 7 | DX 9 | DX 12+ | DX 14+,280,CiRCLE,2025-12-05,否,,1491,ORIGINAL,cosMo＠暴走P,STD 5 | STD 10 | STD 14 | STD 15+,280,LUMINOUS,祝福荣光|祝福|荣光|希望泪2|红豆泥私密马赛
最愛人生ランナー,1722,DX,niconico＆ボーカロイド,DX 4 | DX 7+ | DX 11 | DX 13+,180,CiRCLE,2025-11-20,否,,1796,niconico,かいりきベア,STD 3 | STD 6 | STD 10 | STD 13+,180,X-VERSE,
トレジャーガーデン,1721,DX,niconico＆ボーカロイド,DX 4 | DX 7+ | DX 11+ | DX 13+,268,CiRCLE,2025-11-20,否,,1799,niconico,Ponchi♪ feat.初音ミク,STD 3 | STD 6 | STD 10+ | STD 14,268,X-VERSE,
ジェットブラック,1720,DX,niconico＆ボーカロイド,DX 4 | DX 7 | DX 10 | DX 13,170,CiRCLE,2025-11-20,否,,1798,niconico,雄之助,STD 3 | STD 5 | STD 10 | STD 13,170,X-VERSE,
ウィーアーピコピコハンマーズ!!!!,1719,DX,niconico＆ボーカロイド,DX 5 | DX 8 | DX 10+ | DX 13+,202,CiRCLE,2025-11-20,否,,1797,niconico,cosMo＠暴走P,STD 3 | STD 7 | STD 11+ | STD 14,202,X-VERSE,
電光刹歌,1718,DX,niconico＆ボーカロイド,DX 4 | DX 7+ | DX 11+ | DX 13+,207,CiRCLE,2025-11-20,否,,1800,niconico,かめりあ,STD 3 | STD 6 | STD 11+ | STD 14,207,X-VERSE,
ヒアソビ,1713,DX,niconico＆ボーカロイド,DX 3 | DX 7 | DX 10 | DX 13+,134,CiRCLE,2025-10-30,否,,1520,niconico,かめりあ,STD 2 | STD 6 | STD 10+ | STD 13+,134,LUMINOUS,
Worlders,1709,DX,niconico＆ボーカロイド,DX 2 | DX 6 | DX 9+ | DX 12+,137,CiRCLE,2025-10-16,否,,1789,niconico,じん / バーチャル・シンガー、Leo/need、MORE MORE JUMP！、Vivid BAD SQUAD、ワンダーランズ×ショウタイム、25時、ナイトコードで。「劇場版プロジェクトセカイ　壊れたセカイと歌えないミク」,STD 2 | STD 5 | STD 9 | STD 12+,138,X-VERSE,
はじまりの未来,1708,DX,niconico＆ボーカロイド,DX 3 | DX 6 | DX 10 | DX 13,156,CiRCLE,2025-10-16,否,,1788,niconico,40mP × sasakure.UK / 初音ミク「劇場版プロジェクトセカイ　壊れたセカイと歌えないミク」,STD 2 | STD 5 | STD 9 | STD 12+,156,X-VERSE,
ニルヴの心臓,1692,DX,ゲーム＆バラエティ,DX 6 | DX 8 | DX 12+ | DX 14,256,CiRCLE,2025-09-18,否,,1739,VARIETY,TJ.hangneil + Atomic Sphere feat.Annabel,STD 4 | STD 7 | STD 13 | STD 15,256,X-VERSE,
有頂天ドリーマーズ,1690,DX,東方Project,DX 4 | DX 7 | DX 10+ | DX 13,188,CiRCLE,,否,,1625,東方Project,森羅万象,STD 3 | STD 6 | STD 9 | STD 12+,188,VERSE,
テトリス,1689,DX,niconico＆ボーカロイド,DX 4 | DX 7 | DX 10+ | DX 12 | DX 13+,170,CiRCLE,2025-09-18,否,,1736,niconico,柊マグネタイト,STD 3 | STD 5 | STD 10 | STD 14,170,X-VERSE,
モニタリング,1688,DX,niconico＆ボーカロイド,DX 3 | DX 6 | DX 10+ | DX 11+ | DX 13,132,CiRCLE,,否,,1820,niconico,DECO*27,STD 3 | STD 5 | STD 10 | STD 13,132,X-VERSE-X,
彩りキャンバス,1682,DX,ゲーム＆バラエティ,DX 3 | DX 6 | DX 10 | DX 13,180,CiRCLE,2025-09-18,否,,1731,VARIETY,SUGAR RUSH「ブルーアーカイブ -Blue Archive-」,STD 3 | STD 5 | STD 9+ | STD 13+,180,X-VERSE,
Unwelcome School,1681,DX,ゲーム＆バラエティ,DX 4 | DX 7 | DX 10+ | DX 12 | DX 14,180,CiRCLE,2025-09-18,否,,1730,VARIETY,Mitsukiyo「ブルーアーカイブ -Blue Archive-」,STD 3 | STD 6 | STD 10+ | STD 13+ | STD 15,180,X-VERSE,
イーヴィルガール,1679,DX,オンゲキ＆CHUNITHM,DX 4 | DX 7+ | DX 11 | DX 13+,180,CiRCLE,2025-09-18,否,,1547,ORIGINAL,Fushi feat.吉乃,STD 3 | STD 7 | STD 11 | STD 14,180,LUMINOUS PLUS,
帝国少女,1671,DX,niconico＆ボーカロイド,DX 2 | DX 6 | DX 9 | DX 13,118,PRiSM PLUS,2025-08-22,否,,1001,niconico,R Sound Design ,STD 2 | STD 4 | STD 9 | STD 12,118,CHUNITHM NEW,
少女A,1670,DX,niconico＆ボーカロイド,DX 2 | DX 6 | DX 9+ | DX 13,130,PRiSM PLUS,2025-08-22,否,,1757,niconico,椎名もた,STD 2 | STD 6 | STD 10 | STD 14,260,X-VERSE,
少女レイ,1669,DX,niconico＆ボーカロイド,DX 2 | DX 6 | DX 9+ | DX 12+,150,PRiSM PLUS,2025-08-22,否,,1316,niconico,みきとP,STD 3 | STD 5 | STD 9 | STD 12,150,SUN,少女灵
Tidal Wave,1659,DX,オンゲキ＆CHUNITHM,DX 4 | DX 7+ | DX 12 | DX 13+,175,PRiSM PLUS,2025-07-16,否,,177,ORIGINAL,D-Cee,STD 4 | STD 7+ | STD 10+ | STD 14,175,AIR,
Drivessover,1658,DX,オンゲキ＆CHUNITHM,DX 4 | DX 7+ | DX 12 | DX 13+,182,PRiSM PLUS,2025-07-16,否,,431,ORIGINAL,Taishi,STD 3 | STD 7 | STD 11 | STD 13+,182,STAR PLUS,
crazy (about you),1657,DX,オンゲキ＆CHUNITHM,DX 3 | DX 7 | DX 10+ | DX 13+,145,PRiSM PLUS,2025-07-16,否,,1515,ORIGINAL,kamome sano,STD 3 | STD 5 | STD 11+ | STD 14,145,LUMINOUS,
サウンドプレイヤー,1651,DX,オンゲキ＆CHUNITHM,DX 3 | DX 7 | DX 10 | DX 13+,143,PRiSM PLUS,2025-07-11,否,,145,ORIGINAL,tilt-six feat.バル,STD 3 | STD 5 | STD 9 | STD 13,143,AIR,
Lover's Trick,1647,DX,オンゲキ＆CHUNITHM,DX 3 | DX 7 | DX 10+ | DX 13+,130,PRiSM PLUS,2025-07-04,否,,602,ORIGINAL,litmus*,STD 2 | STD 5 | STD 8 | STD 13,130,CRYSTAL,
㋰責任集合体,1645,DX,niconico＆ボーカロイド,DX 3 | DX 7 | DX 9+ | DX 13,135,PRiSM PLUS,2025-06-27,否,,1843,niconico,マサラダ,STD 2 | STD 5 | STD 9+ | STD 13,135,X-VERSE-X,
JIGOKU STATION CENTRAL GATE,1644,DX,オンゲキ＆CHUNITHM,DX 4 | DX 7+ | DX 11 | DX 14,160,PRiSM PLUS,2025-06-27,否,,304,ORIGINAL,鬱P feat.000,STD 4 | STD 7+ | STD 12 | STD 14 | STD 14+,160,STAR,
BlackFlagBreaker!!,1643,DX,POPS＆アニメ,DX 4 | DX 8 | DX 11 | DX 13+,163,PRiSM PLUS,2025-06-20,否,,1143,POPS & ANIME,社築 × sasakure.UK,STD 3 | STD 7+ | STD 10+ | STD 14,163,CHUNITHM NEW PLUS,社筑
なんかノイズにきこえる,1639,DX,オンゲキ＆CHUNITHM,DX 3 | DX 7 | DX 9+ | DX 13+,158,PRiSM PLUS,2025-06-20,否,,811,イロドリミドリ,HaNaMiNa feat.Hana,STD 3 | STD 6 | STD 8+ | STD 13,158,PARADISE LOST,
クーネル・エンゲイザー,1634,DX,niconico＆ボーカロイド,DX 3 | DX 7 | DX 9+ | DX 12+,170,PRiSM PLUS,2025-06-06,否,,1002,niconico,電ǂ鯨,STD 3 | STD 5 | STD 10 | STD 13,170,CHUNITHM NEW,进食睡眠凝视者
Destined Marionette,1631,DX,ゲーム＆バラエティ,DX 4 | DX 8 | DX 12 | DX 14,186,PRiSM PLUS,2025-05-21,否,,1713,VARIETY,ビートまりお,STD 3 | STD 6 | STD 12+ | STD 14+,186,VERSE,
超最終鬼畜妹フランドール・S,1630,DX,東方Project,DX 5 | DX 8 | DX 12+ | DX 13+,210,PRiSM PLUS,2025-05-21,否,,1711,東方Project,ビートまりお×まろん,STD 4 | STD 7+ | STD 12 | STD 15,210,VERSE,超最终鬼畜妹
"Help me, ERINNNNNN!!",1629,DX,東方Project,DX 4 | DX 7+ | DX 10+ | DX 13,185,PRiSM PLUS,2025-05-21,否,"help me, erinnnnnn!!|erin|救我|帮我|帮帮我永琳姐|救救我",1712,東方Project,ビートまりお,STD 3 | STD 6 | STD 10+ | STD 14,185,VERSE,
好きな惣菜発表ドラゴン,1621,DX,niconico＆ボーカロイド,DX 3 | DX 6 | DX 9 | DX 12,160,PRiSM PLUS,2025-05-09,否,,1624,niconico,ンバヂ,STD 3 | STD 5 | STD 7+ | STD 13+,160,VERSE,
ハオ,1617,DX,niconico＆ボーカロイド,DX 3 | DX 7 | DX 9+ | DX 13,176,PRiSM PLUS,2025-04-24,否,,1699,niconico,DECO*27,STD 3 | STD 6 | STD 9 | STD 12+,176,VERSE,
あいたい星人,1616,DX,niconico＆ボーカロイド,DX 3 | DX 6 | DX 9+ | DX 13,150,PRiSM PLUS,2025-04-24,否,,1698,niconico,DECO*27,STD 3 | STD 5 | STD 9+ | STD 13,150,VERSE,
DATAERR0R,1615,DX,ゲーム＆バラエティ,DX 5 | DX 8 | DX 11+ | DX 14,180,PRiSM PLUS,2025-04-11,否,,223,VARIETY,Lunatic Sounds,STD 3 | STD 7 | STD 10 | STD 14 | STD 15,180,AIR,dataerror|你没保存数据
M@GICAL☆CURE! LOVE ♥ SHOT!,1613,DX,niconico＆ボーカロイド,DX 4 | DX 7+ | DX 11 | DX 13+,192,PRiSM PLUS,2025-04-11,否,,1864,niconico,SAWTOWNE,STD 3 | STD 6 | STD 10 | STD 13,192,X-VERSE-X,
モエチャッカファイア,1608,DX,POPS＆アニメ,DX 3 | DX 6 | DX 10 | DX 13+,163,PRiSM PLUS,2025-03-28,否,モエチャッカファイア|绝区零|萌萌点火|鲨鱼娘,1733,POPS & ANIME,弌誠「ゲーム『ゼンレスゾーンゼロ』エレン・ジョー 同人イメージソング」,STD 3 | STD 6 | STD 10 | STD 12+ | STD 14,163,X-VERSE,
Synthesis.,1600,DX,ゲーム＆バラエティ,DX 5 | DX 8+ | DX 12+ | DX 14,180,PRiSM PLUS,2025-03-13,否,synthesis.,1627,VARIETY,tn-shi,STD 3 | STD 8 | STD 12 | STD 15,180,VERSE,综合
Idoratrize World,1599,DX,東方Project,DX 3 | DX 6 | DX 10 | DX 13,170,PRiSM PLUS,2025-03-13,否,idoratrize world,1785,東方Project,A-One,STD 3 | STD 6 | STD 10 | STD 14,170,X-VERSE,
ももいろの鍵,1597,DX,niconico＆ボーカロイド,DX 2 | DX 6 | DX 9 | DX 12+,165,PRiSM PLUS,2025-03-13,否,ももいろの鍵|桃键|桃色钥匙,1671,niconico,いよわ,STD 3 | STD 5 | STD 10 | STD 13+,165,VERSE,桃色
メズマライザー,1596,DX,niconico＆ボーカロイド,DX 3 | DX 7 | DX 10 | DX 11+ | DX 13+,185,PRiSM PLUS,2025-03-13,否,メズマライザー|催眠术,1622,niconico,サツキ feat.初音ミク・重音テト,STD 3 | STD 6 | STD 10+ | STD 13 | STD 14+,185,VERSE,催眠术
ビビデバ,1594,DX,POPS＆アニメ,DX 2 | DX 6 | DX 9+ | DX 11+ | DX 13,120,PRiSM PLUS,2025-03-13,否,ビビデバ|bibbideba,1619,POPS & ANIME,星街すいせい（ホロライブ）,STD 3 | STD 5 | STD 10+ | STD 12+ | STD 14,120,VERSE,
はいよろこんで,1593,DX,POPS＆アニメ,DX 3 | DX 6 | DX 9+ | DX 11+ | DX 13,147,PRiSM PLUS,2025-03-13,否,はいよろこんで|乐意效劳,1734,POPS & ANIME,こっちのけんと,STD 2 | STD 6 | STD 9 | STD 12+,147,X-VERSE,
月光,1592,DX,niconico＆ボーカロイド,DX 4 | DX 8 | DX 11 | DX 13+,195,PRiSM PLUS,2025-03-13,否,月光,1714,niconico,歌：V.I.P 作詞：廉　作曲：廉 「神椿市協奏中。」,STD 4 | STD 7+ | STD 11 | STD 14,195,VERSE,月光
ゆりかご,1591,DX,niconico＆ボーカロイド,DX 2 | DX 6 | DX 9 | DX 13,120,PRiSM PLUS,2025-03-13,否,ゆりかご,1715,niconico,歌：可不 作詞：MIMI　作曲：MIMI 「神椿市協奏中。」,STD 2 | STD 4 | STD 9 | STD 13,120,VERSE,
きゅびびびびずむ,1590,DX,POPS＆アニメ,DX 5 | DX 8 | DX 12 | DX 13+,185,PRiSM PLUS,2025-03-13,否,きゅびびびびずむ|cubibibibism|立体体体体主义,1767,POPS & ANIME,超てんちゃん,STD 5 | STD 9 | STD 12+ | STD 14+,185,X-VERSE,
きゅびずむ,1589,DX,POPS＆アニメ,DX 3 | DX 7 | DX 10 | DX 12+,185,PRiSM PLUS,2025-03-13,否,きゅびずむ|cubism|立体主义,1766,POPS & ANIME,超てんちゃん,STD 4 | STD 6 | STD 9+ | STD 12+,185,X-VERSE,
Supersonic Generation,1587,DX,オンゲキ＆CHUNITHM,DX 4 | DX 8 | DX 11+ | DX 13+,155,PRiSM PLUS,2025-03-13,否,supersonic generation,240,ORIGINAL,Massive New Krew,STD 4 | STD 7 | STD 11+ | STD 14,155,AIR PLUS,轩辕十四|超音速代
Radiance,1573,DX,オンゲキ＆CHUNITHM,DX 4 | DX 6 | DX 10+ | DX 13+,155,PRiSM,2025-02-07,否,radiance|江江比耶2|江江比耶,966,ゲキマイ,Nhato,STD 3 | STD 6 | STD 10+ | STD 13+,155,CHUNITHM NEW,江江|江江比耶|小江江比耶
Resolution,1571,DX,オンゲキ＆CHUNITHM,DX 5 | DX 7+ | DX 11 | DX 13+,190,PRiSM,2025-02-07,否,resolution,1322,ゲキマイ,曲：ANCHOR／歌：皇城 セツナ(CV：八巻 アンナ),STD 3 | STD 7 | STD 10+ | STD 13+,190,SUN,决心|刹那|老婆
MORNINGLOOM,1569,DX,ゲーム＆バラエティ,DX 4 | DX 8 | DX 11 | DX 13+,102,PRiSM,2025-01-24,否,morningloom|早八,1824,VARIETY,saaa,STD 3 | STD 6 | STD 11 | STD 14+,204,X-VERSE-X,
迷える音色は恋の唄,1564,DX,ゲーム＆バラエティ,DX 3 | DX 6 | DX 10+ | DX 13+,165,PRiSM,2025-01-10,否,迷える音色は恋の唄|恋歌|音色迷人的恋歌,1305,VARIETY,からとPαnchii少年 feat.はるの「Arcaea」,STD 3 | STD 5 | STD 10 | STD 13+,165,SUN,恋歌1|恋歌
On your mark (104期 Ver.),1557,DX,POPS＆アニメ,DX 3 | DX 6 | DX 9 | DX 12+,154,PRiSM,2024-12-12,否,on your mark (104期 ver.)|莲之空,1617,POPS & ANIME,蓮ノ空女学院スクールアイドルクラブ「Link！Like！ラブライブ！」,STD 3 | STD 6 | STD 9+ | STD 12+ | STD 14,154,VERSE,
ウルトラトレーラー,1553,DX,niconico＆ボーカロイド,DX 4 | DX 7 | DX 11 | DX 13+,155,PRiSM,2024-12-06,否,ウルトラトレーラー|ultra trailer|超预告篇|超预告片|超予告编|炒鱼糕片,1880,niconico,マサラダ,STD 3 | STD 6 | STD 9+ | STD 13+,155,X-VERSE-X,
オーバーライド,1551,DX,niconico＆ボーカロイド,DX 4 | DX 7+ | DX 11 | DX 13,204,PRiSM,2024-12-06,否,オーバーライド|覆写|override|重写|重新改写,1685,niconico,吉田夜世,STD 4 | STD 6 | STD 10 | STD 13+ | STD 14+,204,VERSE,覆盖
てらてら,1546,DX,niconico＆ボーカロイド,DX 3 | DX 7 | DX 10 | DX 13,190,PRiSM,2024-11-22,否,てらてら|忒啦忒啦|熠熠闪光|天马咲希,1472,niconico,和田たけあき / 初音ミク / Leo/need「プロジェクトセカイ カラフルステージ！ feat. 初音ミク」,STD 3 | STD 7 | STD 9 | STD 12+,190,LUMINOUS,
snooze,1545,DX,niconico＆ボーカロイド,DX 4 | DX 6 | DX 10+ | DX 13+,150,PRiSM,2024-11-22,否,snooze,1395,niconico,wotaku feat. SHIKI,STD 2 | STD 7+ | STD 10 | STD 13+,150,SUN PLUS,屎
無間嫉妬劇場『666』,1542,DX,東方Project,DX 3 | DX 7 | DX 10 | DX 13,108,PRiSM,2024-11-08,否,無間嫉妬劇場『666』,1030,東方Project,森羅万象,STD 3 | STD 6 | STD 10 | STD 13+,170,CHUNITHM NEW PLUS,无间嫉妒剧场
シリウスの輝きのように,1539,DX,POPS＆アニメ,DX 4 | DX 7+ | DX 10+ | DX 12 | DX 14,158,PRiSM,2024-11-08,否,シリウスの輝きのように|天狼星,1704,POPS & ANIME,鳳 ここな(CV.石見舞菜香)、静香(CV.長谷川育美)、カトリナ・グリーベル(CV.天城サリー)、新妻八恵(CV.長縄まりあ)、柳場ぱんだ(CV.大空直美)、流石知冴(CV.佐々木李子)「ワールドダイスター 夢のステラリウム」,STD 3 | STD 6 | STD 10 | STD 13 | STD 14+,158,VERSE,
ゆけむり魂温泉 II,1532,DX,東方Project,DX 4 | DX 6 | DX 10 | DX 13+,140,PRiSM,2024-10-11,否,ゆけむり魂温泉 ii|魂温泉,437,東方Project,魂音泉,STD 2 | STD 4 | STD 8+ | STD 12+,140,STAR PLUS,
イガク,1529,DX,niconico＆ボーカロイド,DX 4 | DX 7 | DX 11 | DX 13+,170,PRiSM,2024-09-27,否,イガク|医学|我有ユユ症|ユ,1707,niconico,原口沙輔 feat.重音テト,STD 3 | STD 6 | STD 10+ | STD 13+,170,VERSE,
人マニア,1528,DX,niconico＆ボーカロイド,DX 3 | DX 6 | DX 10+ | DX 13+,150,PRiSM,2024-09-27,否,人マニア|人狂|人狂热症|人狂热者,1684,niconico,原口沙輔 feat.重音テト,STD 3 | STD 5 | STD 10 | STD 14,150,VERSE,
リアライズ,1521,DX,niconico＆ボーカロイド,DX 3 | DX 6 | DX 10 | DX 13,150,PRiSM,2024-09-12,否,リアライズ|realize,1673,niconico,柊マグネタイト,STD 3 | STD 5 | STD 9+ | STD 12+,150,VERSE,
Chronomia,1520,DX,ゲーム＆バラエティ,DX 6 | DX 8 | DX 12 | DX 14,227,PRiSM,2024-09-12,否,chronomia|天文钟,1628,VARIETY,Lime,STD 4 | STD 8 | STD 12+ | STD 14+,227,VERSE,天文钟
Ultimate taste,1519,DX,東方Project,DX 5 | DX 7+ | DX 11 | DX 13+,200,PRiSM,2024-09-12,否,ultimate taste|芙兰教你认曲风,1823,東方Project,ぱらどっと,STD 4 | STD 7+ | STD 12+ | STD 14+,200,X-VERSE-X,
ずんだパーリナイ,1518,DX,niconico＆ボーカロイド,DX 4 | DX 7 | DX 10 | DX 13+,150,PRiSM,2024-09-12,否,ずんだパーリナイ|俊达派对之夜|俊达萌派对|俊达萌派对之夜,1591,niconico,なみぐる feat.ずんだもん,STD 3 | STD 6 | STD 8+ | STD 13+,150,LUMINOUS PLUS,俊达萌派对之夜|俊达萌
デビルじゃないもん,1517,DX,niconico＆ボーカロイド,DX 3 | DX 6 | DX 9+ | DX 13,154,PRiSM,2024-09-12,否,デビルじゃないもん|才不是恶魔呢|才不是恶魔,1551,niconico,"DECO*27, ピノキオピー",STD 3 | STD 6 | STD 9+ | STD 12,154,LUMINOUS PLUS,
マツケンサンバⅡ,1516,DX,POPS＆アニメ,DX 3 | DX 6 | DX 9+ | DX 12+,133,PRiSM,2024-09-12,否,マツケンサンバⅱ,1435,POPS & ANIME,松平健 [covered by 光吉猛修],STD 2 | STD 5 | STD 9+ | STD 12+,133,LUMINOUS,
愛包ダンスホール,1515,DX,POPS＆アニメ,DX 3 | DX 6 | DX 9 | DX 13,141,PRiSM,2024-09-12,否,愛包ダンスホール|爱派dancehall|爱包|爱包舞厅,1620,POPS & ANIME,HIMEHINA,STD 3 | STD 6 | STD 9+ | STD 12+ | STD 14,141,VERSE,
唱,1514,DX,POPS＆アニメ,DX 2 | DX 6 | DX 9 | DX 11+ | DX 13,132,PRiSM,2024-09-12,否,唱,1535,POPS & ANIME,Ado,STD 2 | STD 5 | STD 8 | STD 12+ | STD 14,132,LUMINOUS PLUS,
ダーリンダンス,1513,DX,niconico＆ボーカロイド,DX 3 | DX 7 | DX 9+ | DX 11+ | DX 13,153,PRiSM,2024-09-12,否,ダーリンダンス|darling dance|达令跳舞,1028,niconico,かいりきベア,STD 3 | STD 5 | STD 9+ | STD 12+,153,CHUNITHM NEW PLUS,darling dance
勇者,1511,DX,POPS＆アニメ,DX 3 | DX 6 | DX 9+ | DX 11+ | DX 13,104,PRiSM,2024-09-12,否,勇者,1533,POPS & ANIME,YOASOBI「葬送のフリーレン」,STD 3 | STD 6 | STD 8+ | STD 13,104,LUMINOUS PLUS,芙莉莲
Elemental Ethnic,1509,DX,オンゲキ＆CHUNITHM,DX 6 | DX 8 | DX 12+ | DX 14,163,PRiSM,2024-09-12,否,elemental ethnic|狗叫机关枪|机枪肌肉男|机关枪,833,ORIGINAL,Yooh,STD 3 | STD 8 | STD 12+ | STD 14+,163,PARADISE LOST,狗叫机关枪|香草|老公|元素民族
Ai C,1505,DX,オンゲキ＆CHUNITHM,DX 5 | DX 8 | DX 12 | DX 14,191,BUDDiES PLUS,2024-08-30,否,ai c|aic|艾草|挨草|爱丽丝的摇篮,1631,ゲキマイ,Feryquitous,STD 3 | STD 7 | STD 13 | STD 14+,191,VERSE,aic|三小只
Baqeela,1504,DX,オンゲキ＆CHUNITHM,DX 3 | DX 6 | DX 10+ | DX 13+,130,BUDDiES PLUS,2024-08-30,否,baqeela|巴奎拉,995,ゲキマイ,owl＊tree,STD 3 | STD 5 | STD 10 | STD 14,130,CHUNITHM NEW,
最っ高のエンタメだ!!,1503,DX,オンゲキ＆CHUNITHM,DX 5 | DX 7 | DX 11 | DX 13+,276,BUDDiES PLUS,2024-08-30,否,最っ高のエンタメだ!!|最高|最棒的娱乐,1168,ゲキマイ,曲：本田正樹(Dream Monster)／歌：7EVENDAYS⇔HOLIDAYS [井之原 小星(CV：ももの はるな)、柏木 咲姫(CV：石見 舞菜香)],STD 3 | STD 6 | STD 10+ | STD 13,276,CHUNITHM NEW PLUS,
まっすぐ→→→ストリーム！,1502,DX,オンゲキ＆CHUNITHM,DX 4 | DX 7 | DX 10+ | DX 13,184,BUDDiES PLUS,2024-08-30,否,まっすぐ→→→ストリーム！|右右右|千夏冲击！|→→→,1191,ゲキマイ,曲：本多友紀（Arte Refact）／歌：日向 千夏(CV：岡咲 美保),STD 3 | STD 6 | STD 9 | STD 13,184,CHUNITHM NEW,千夏火箭
スティールユー,1492,DX,niconico＆ボーカロイド,DX 3 | DX 7+ | DX 11 | DX 13,190,BUDDiES PLUS,2024-07-19,否,スティールユー|steelyou|钢铁般的你|steal you,1255,niconico,Omoi「#コンパス」,STD 3 | STD 6 | STD 9+ | STD 12+,190,SUN,
ラヴィ,1491,DX,niconico＆ボーカロイド,DX 4 | DX 7 | DX 10+ | DX 13,183,BUDDiES PLUS,2024-07-19,否,ラヴィ|lavie|拉薇|拉比|纳里纳里|lavi,1735,niconico,すりぃ,STD 3 | STD 6 | STD 9+ | STD 13 | STD 14+,183,X-VERSE,
Make Up Your World feat. キョンシーのCiちゃん & らっぷびと,1484,DX,ゲーム＆バラエティ,DX 5 | DX 7+ | DX 10+ | DX 13,180,BUDDiES PLUS,2024-07-05,否,make up your world feat. キョンシーのciちゃん & らっぷびと,1573,VARIETY,t+pazolite & Srav3R,STD 3 | STD 6 | STD 10+ | STD 13,180,LUMINOUS PLUS,
INFiNiTE ENERZY -Overdoze-,1477,DX,ゲーム＆バラエティ,DX 5 | DX 8 | DX 13 | DX 14,180,BUDDiES PLUS,2024-06-07,否,infinite enerzy -overdoze-|ieo|坟头自拍|坟前|坟头拍照|坟前自拍|无限力量依赖|🧺子|无限能量|am2,1679,VARIETY,Reku Mochizuki,STD 4 | STD 7 | STD 13 | STD 14,180,VERSE,屁股肉|臀大肌|判定线不动最多16.3|infinity overdoze
ザムザ,1471,DX,niconico＆ボーカロイド,DX 1 | DX 6 | DX 9+ | DX 12+,121,BUDDiES PLUS,2024-05-24,否,ザムザ|萨姆沙|阿萨姆|samsa|砸木砸,1708,niconico,てにをは,STD 2 | STD 5 | STD 9+ | STD 13+,121,VERSE,
バカ通信,1470,DX,niconico＆ボーカロイド,DX 5 | DX 7+ | DX 11 | DX 13+,240,BUDDiES PLUS,2024-05-24,否,バカ通信|笨蛋通信|琪露诺通信|八力通信|笨蛋通讯|八力通讯|通信|baka通信|八嘎通信|泡通信|9通信|⑨通信,1844,niconico,isonosuke,STD 4 | STD 7+ | STD 11 | STD 14,240,X-VERSE-X,
ライアーダンサー,1469,DX,niconico＆ボーカロイド,DX 3 | DX 7 | DX 10 | DX 13,170,BUDDiES PLUS,2024-05-24,否,ライアーダンサー|谎言舞者|蓝牙舞者|liardancer|ld|蓝牙|哦多累|蓝牙单色|liar dancer|铁托摇|欧都累,1686,niconico,マサラダ,STD 3 | STD 6 | STD 9 | STD 13,170,VERSE,
新人類,1467,DX,niconico＆ボーカロイド,DX 3 | DX 6 | DX 10+ | DX 13+,144,BUDDiES PLUS,2024-05-24,否,新人類|镜音铃|新人类,1672,niconico,まらしぃ×じん×堀江晶太(kemu) feat.鏡音リン,STD 3 | STD 5 | STD 9 | STD 13+,144,VERSE,新人类
おくすり飲んで寝よう,1462,DX,niconico＆ボーカロイド,DX 3 | DX 6 | DX 9+ | DX 12+,130,BUDDiES PLUS,2024-04-26,否,おくすり飲んで寝よう|吃药|吃完药就睡觉|吃完药就睡觉吧|吃完药睡觉|吃药睡觉|吃完药药睡觉觉|吃了药就去睡吧|吃完药躺板板|药娘,1556,niconico,もちうつね,STD 3 | STD 6 | STD 9 | STD 12+,130,LUMINOUS PLUS,
サイバーサンダーサイダー,1461,DX,niconico＆ボーカロイド,DX 4 | DX 6 | DX 10+ | DX 13+,145,BUDDiES PLUS,2024-04-26,否,サイバーサンダーサイダー|火柴人|ctc|小人打拳|cyber thunder cider|粉笔人,363,niconico,EZFG,STD 3 | STD 5 | STD 10 | STD 14,145,CHUNITHM NEW,Cyber Thunder Cider
ouroboros -twin stroke of the end-,1458,DX,ゲーム＆バラエティ,DX 6 | DX 9 | DX 12 | DX 14,188,BUDDiES PLUS,2024-04-12,否,ouroboros -twin stroke of the end-|衔尾蛇|我们的菠萝,462,VARIETY,Cranky VS MASAKI「グルーヴコースター 3EX ドリームパーティー」より,STD 3 | STD 8 | STD 10+ | STD 14+,188,AMAZON,衔尾蛇
VOLT,1456,DX,ゲーム＆バラエティ,DX 3 | DX 7 | DX 10+ | DX 13,174,BUDDiES PLUS,2024-04-12,否,volt|伏特,1662,VARIETY,aran「グルーヴコースター」,STD 3 | STD 6 | STD 10+ | STD 13+,174,VERSE,伏特
MUSIC PЯAYER,1454,DX,オンゲキ＆CHUNITHM,DX 4 | DX 6 | DX 10 | DX 13+,168,BUDDiES PLUS,2024-04-01,否,music pяayer|musicprayer|幻想回廊|音祷|音乐播放器,36,ORIGINAL,A-One,STD 3 | STD 6 | STD 10 | STD 14 | STD 14+,168,CHUNITHM PLUS,music prayer
壱雫空,1443,DX,POPS＆アニメ,DX 3 | DX 7 | DX 11 | DX 13+,204,BUDDiES PLUS,2024-03-21,否,壱雫空|木柜子|咕咕嘎嘎|mygo|老下空|它下空|一滴雨|粉色奶龙|匕下工|🐧|壳卡空|那啥空|一雫空|高松灯|卖狗|五把伞|士冖匕雨下空|卖沟|某某空|一休尼|一拿空|又有一集开始了,1588,POPS & ANIME,MyGO!!!!!,STD 3 | STD 5 | STD 10+ | STD 14,204,LUMINOUS PLUS,mygo
匿名M,1442,DX,niconico＆ボーカロイド,DX 3 | DX 7 | DX 9+ | DX 12+,140,BUDDiES PLUS,2024-03-21,否,匿名m|请不要人肉我哦|初音采访,1557,niconico,ピノキオピー,STD 3 | STD 6 | STD 8+ | STD 13,140,LUMINOUS PLUS,
New York Back Raise,1441,DX,ゲーム＆バラエティ,DX 3 | DX 7+ | DX 12+ | DX 13+,160,BUDDiES PLUS,2024-03-21,否,new york back raise|纽约赌场|nybr|赌场|德州扑克|努力哥输给天赋比|四条输给皇家同花顺|皇家同花顺|纽约回升|新约克回来赌|赌博,1468,VARIETY,saaa + kei_iwata + stuv + わかどり,STD 3 | STD 7 | STD 11+ | STD 14,160,LUMINOUS,纽约赌场|赌场
酔いどれ知らず,1438,DX,niconico＆ボーカロイド,DX 2 | DX 6 | DX 8 | DX 11+ | DX 13,115,BUDDiES PLUS,2024-03-21,否,酔いどれ知らず|不知醉,1333,niconico,Kanaria,STD 2 | STD 5 | STD 10 | STD 13+,115,SUN PLUS,不知醉
ラビットホール,1437,DX,niconico＆ボーカロイド,DX 3 | DX 7 | DX 9+ | DX 11+ | DX 13,173,BUDDiES PLUS,2024-03-21,否,ラビットホール|兔子洞|rabbithole|初音未来下海|rabbit hole,1697,niconico,DECO*27,STD 3 | STD 7 | STD 11 | STD 13+,173,VERSE,
アイドル,1436,DX,POPS＆アニメ,DX 3 | DX 6 | DX 9+ | DX 11 | DX 13,166,BUDDiES PLUS,2024-03-21,否,アイドル|爱豆|偶像|idol|我推的孩子|推子,1436,POPS & ANIME,YOASOBI,STD 3 | STD 5 | STD 9+ | STD 12+,166,LUMINOUS,星野爱|idol|偶像
寝起きヤシの木,1435,DX,niconico＆ボーカロイド,DX 3 | DX 6 | DX 9+ | DX 12+,160,BUDDiES PLUS,2024-03-21,否,寝起きヤシの木|早起椰树头|歌爱冲刺|早起冲天炮|寝起,1538,niconico,ゆこぴ,STD 3 | STD 6 | STD 9 | STD 12+,160,LUMINOUS PLUS,
強風オールバック,1434,DX,niconico＆ボーカロイド,DX 2 | DX 6 | DX 9+ | DX 12+,135,BUDDiES PLUS,2024-03-21,否,強風オールバック|强风大背头|强风才一儿|歌爱雪切菜,1439,niconico,ゆこぴ,STD 2 | STD 5 | STD 8+ | STD 12+,135,LUMINOUS,强风大背头|强风
過去を喰らう,1433,DX,POPS＆アニメ,DX 4 | DX 7 | DX 10 | DX 13,187,BUDDiES PLUS,2024-03-21,否,過去を喰らう|吞噬过去|花谱|吃过去,1156,POPS & ANIME,花譜,STD 3 | STD 5 | STD 9+ | STD 12+,187,CHUNITHM NEW PLUS,吞噬过去
INTERNET YAMERO,1432,DX,POPS＆アニメ,DX 4 | DX 7+ | DX 10+ | DX 11+ | DX 13+,185,BUDDiES PLUS,2024-03-21,否,internet yamero|地雷女2|超天酱2|快远离互联网|卷纸maimai|互联网太棒了|躁郁症|†升天†|马赛克2|200个绝赞|朝天椒2|地雷女不要啊|互联网毁了我|yamero,1506,POPS & ANIME,Aiobahn feat. KOTOKO「NEEDY GIRL OVERDOSE」,STD 3 | STD 7 | STD 10 | STD 14,185,LUMINOUS,地雷女|超天酱
MarbleBlue.,1431,DX,オンゲキ＆CHUNITHM,DX 6 | DX 8 | DX 12+ | DX 14,198,BUDDiES PLUS,2024-03-21,否,marbleblue.|妈宝蓝,1447,ゲキマイ,MisoilePunch♪,STD 4 | STD 8+ | STD 13+ | STD 15,198,LUMINOUS,妈宝蓝|大理石蓝|蓝弹珠
Λzure Vixen,1430,DX,オンゲキ＆CHUNITHM,DX 6 | DX 8 | DX 13 | DX 14+,163,BUDDiES PLUS,2024-03-21,否,λzure vixen|av|凯南|猩红凝视|我独自升级|维导|蓝的狐|azure vixen|有格调,1164,ORIGINAL,かめりあ,STD 4 | STD 8+ | STD 13+ | STD 15+,163,CHUNITHM NEW PLUS,av|高塔|azurevixen|老公|azure vixen|理财产品|失控银河
WE'RE BACK!!,1419,DX,オンゲキ＆CHUNITHM,DX 4 | DX 8 | DX 12 | DX 14,185,BUDDiES,2024-02-29,否,we're back!!|我们回来了|我们是背|weareback,1162,ORIGINAL,Zekk,STD 3 | STD 7 | STD 12+ | STD 14+,185,CHUNITHM NEW PLUS,我们回来了|老公
インパアフェクシオン・ホワイトガアル,1418,DX,オンゲキ＆CHUNITHM,DX 4 | DX 7+ | DX 11 | DX 14,207,BUDDiES,2024-02-29,否,インパアフェクシオン・ホワイトガアル|文学少女|不完美少女|月乃|不完美白色女孩|霸道总裁爱上我|不完美的白色少女|不完美的白之少女|不完美的白色女孩|白女|冴川芽依|女孩看书,1210,ORIGINAL,ツミキ feat.月乃,STD 3 | STD 6 | STD 10+ | STD 14,207,SUN,不完美白色女孩|积木月乃|imperfection|冴川芽依|霸道总裁爱上我|紫毛读书|imperfection white girl
Ring,1417,DX,オンゲキ＆CHUNITHM,DX 2 | DX 6 | DX 9+ | DX 12+,132,BUDDiES,2024-02-29,否,ring,911,ORIGINAL,R Sound Design feat.向日葵,STD 3 | STD 5 | STD 8+ | STD 11+,132,CHUNITHM NEW,
ジェヘナ,1413,DX,niconico＆ボーカロイド,DX 2 | DX 6 | DX 9+ | DX 13,128,BUDDiES,2024-02-16,否,ジェヘナ|地狱|gehenna,1656,niconico,wotaku,STD 2 | STD 5 | STD 10 | STD 14,128,VERSE,
渦状銀河のシンフォニエッタ,1412,DX/STD,maimai,DX 3 | DX 8 | DX 11+ | DX 14+ ; STD 5 | STD 9 | STD 12+ | STD 14,238,BUDDiES,2020-08-07,否,渦状銀河のシンフォニエッタ|标抽水马桶|标银河|标马桶|标涡状银河|涡状银河交响曲|涡状马桶|涡状银河|抽水马桶|银河|涡状台风|冲水马桶|马桶|🚽|涡状伊岛|涡状银河的小交响曲|漩涡马桶,1790,ゲキマイ,山本真央樹,STD 4 | STD 7 | STD 12+ | STD 15,238,X-VERSE,
あなたは世界の終わりにずんだを食べるのだ,1405,DX,niconico＆ボーカロイド,DX 2 | DX 6 | DX 9+ | DX 12+,140,BUDDiES,2024-01-26,否,あなたは世界の終わりにずんだを食べるのだ|海鲜味毛豆|你在这世界的终焉，吃下了俊达|世界终食|俊达萌被吃|俊达萌打电报|俊达萌发电报|世终俊达|食终孤独|摩斯密码|在世界末日吃掉了俊达|摩斯电码|俊达萌|电报|俊达萌流口水|世界终,1393,niconico,なみぐる,STD 2 | STD 5 | STD 7+ | STD 12+,140,SUN PLUS,
神威,1383,DX,ゲーム＆バラエティ,DX 6 | DX 8+ | DX 12+ | DX 14+,210,BUDDiES,2023-12-09,否,神威|太湖之光|kamui,271,VARIETY,TJ.hangneil,STD 5 | STD 8+ | STD 13+ | STD 15,210,AIR PLUS,
トンデモワンダーズ,1381,DX,niconico＆ボーカロイド,DX 3 | DX 7 | DX 10 | DX 13+,172,BUDDiES,2023-12-09,否,トンデモワンダーズ|不可思议的wonders|不可思议的奇迹|不可思议的wonder|世界解体还有10秒,1201,niconico,sasakure.UK,STD 3 | STD 6 | STD 11 | STD 13+,172,SUN,
story,1380,DX,POPS＆アニメ,DX 3 | DX 7+ | DX 10+ | DX 12,220,BUDDiES,2023-11-24,否,,1389,POPS & ANIME,前島麻由「異世界おじさん」,STD 3 | STD 7 | STD 10 | STD 13+,220,SUN PLUS,
Energizing Flame,1373,DX,maimai,DX 6 | DX 8 | DX 12+ | DX 14,201,BUDDiES,2023-10-20,否,energizing flame|能量火焰|瑞文皇帝2|粉色机娘|特蕾西娅|粉红机娘|机娘3|钢铁机娘2|ef|能量火|激励火焰|激发火焰,1740,ゲキマイ,Artifact vs. Dualcast,STD 4 | STD 7 | STD 12+ | STD 14,201,X-VERSE,
Burn My Soul,1368,DX,POPS＆アニメ,DX 4 | DX 7+ | DX 10 | DX 12+,180,BUDDiES,2023-10-12,否,burn my soul|红烧天堂|烧我的魂|燃烧吧我的中二魂,1221,POPS & ANIME,She is Legend「ヘブンバーンズレッド」,STD 3 | STD 5 | STD 9 | STD 12+,180,,
星界ちゃんと可不ちゃんのおつかい合騒曲,1367,DX,niconico＆ボーカロイド,DX 5 | DX 8 | DX 11+ | DX 13+,220,BUDDiES,2023-10-06,否,星界ちゃんと可不ちゃんのおつかい合騒曲|星界小姐和可不小姐的外出合奏曲|星界可不合骚曲|马赛克可不|马赛克|星界酱和可不酱的采购合奏曲|星界可不|星界|可不敢笑|猫抓板|圆头耄耋模拟器,1440,niconico,南ノ南,STD 3 | STD 7+ | STD 12 | STD 14,220,LUMINOUS,屎|ba|星姐
Latent Kingdom,1366,DX,maimai,DX 6 | DX 8 | DX 12+ | DX 14+,201,BUDDiES,2023-10-06,否,latent kingdom|曲师打架|lk|俩曲师打架|三十块|潜伏王国|大lk|三十块钱|老二大战大国奏音|老二vs大国奏音|东北商战|白魔爪vs黑魔爪|我售卖东北玉米|别样的小提琴大赛|两个男人拉小提琴|东北菜市场|我售卖东北竹笋|奏音快跑,1577,ゲキマイ,Laur vs 大国奏音,STD 4 | STD 9 | STD 13 | STD 15,201,LUMINOUS PLUS,lk|潜在王国
ノンブレス・オブリージュ,1365,DX,niconico＆ボーカロイド,DX 3 | DX 7 | DX 10 | DX 13,148,BUDDiES,2023-10-06,否,ノンブレス・オブリージュ|喘不上来气|喘不上气|non-breath oblige|不要呼吸|我喘不上气儿|无呼吸|无呼吸义务|我喘不上气|看见光|萃萃薯条|我喘不上气我喘不上气|呼吸困难,1670,niconico,ピノキオピー,STD 3 | STD 7 | STD 10+ | STD 14,148,VERSE,
バグ,1353,DX,niconico＆ボーカロイド,DX 4 | DX 7 | DX 10 | DX 11+ | DX 13+,186,BUDDiES,2023-09-14,否,バグ|八夕|mfy3|紫皮糖|故障|bug|月狼鸟了没分|八股|咕噜咕噜|爸爸的雷达,1479,niconico,かいりきベア,STD 3 | STD 6 | STD 10 | STD 13+,186,LUMINOUS,
さくゆいたいそう,1352,DX,POPS＆アニメ,DX 2 | DX 6 | DX 9+ | DX 12+,160,BUDDiES,2023-09-14,否,さくゆいたいそう|我等心友|sakuyui taisou|sakuyui exercise|咲唯体操|女同17|管人体操,1461,POPS & ANIME,さくゆい,STD 3 | STD 6 | STD 9+ | STD 11+,160,LUMINOUS,
青春コンプレックス,1351,DX,POPS＆アニメ,DX 3 | DX 7 | DX 10 | DX 11+ | DX 13+,190,BUDDiES,2023-09-14,否,,1324,POPS & ANIME,結束バンド「ぼっち・ざ・ろっく！」,STD 3 | STD 6 | STD 9 | STD 12+,190,SUN PLUS,孤独摇滚|青春症候群
1000年生きてる,1347,DX,niconico＆ボーカロイド,DX 3 | DX 7+ | DX 9 | DX 13,100,BUDDiES,2023-09-14,否,1000年生きてる|超越光2|别急24|超越窗|1000年生|千年|一千年生|千年生|壁尻|存活千年,1558,niconico,いよわ,STD 2 | STD 6 | STD 9+ | STD 12+,100,LUMINOUS PLUS,
熱異常,1346,DX,niconico＆ボーカロイド,DX 4 | DX 7+ | DX 10 | DX 12 | DX 13+,183,BUDDiES,2023-09-14,否,熱異常|热异常|冷正常|足立零,1559,niconico,いよわ,STD 3 | STD 7 | STD 11+ | STD 14,183,LUMINOUS PLUS,热异常
GEOMETRIC DANCE,1345,DX,オンゲキ＆CHUNITHM,DX 4 | DX 7+ | DX 12 | DX 14,150,BUDDiES,2023-09-14,否,geometric dance|gd|几何跳舞|几何舞蹈|几何之舞|几何舞,1423,ゲキマイ,山本真央樹,STD 3 | STD 8+ | STD 12 | STD 14+,150,SUN PLUS,几何舞|理财产品
SQUAD-Phvntom-,1344,DX,オンゲキ＆CHUNITHM,DX 5 | DX 7+ | DX 12+ | DX 14,200,BUDDiES,2023-09-14,否,squad-phvntom-|丝瓜|sp|quaso|战术小队|幻影小队|squad|幽灵小队|丝瓜饭桶,973,ORIGINAL,Getty vs DJ DiA,STD 4 | STD 7+ | STD 13 | STD 14+,200,CHUNITHM NEW,squad|squad phvntom
PUPA,1338,DX,ゲーム＆バラエティ,DX 6 | DX 7+ | DX 12+ | DX 14,202,BUDDiES,2023-09-14,否,pupa|🦋|蓝的蝶|拉瓦2|大蓝闪蝶|噗趴|蝶魔王|噗啪|扑爬|东方树叶茉莉花茶|蝴蝶|公交车|蓝蝴蝶|隐形的翅膀|扑棱蛾子,470,VARIETY,モリモリあつし,STD 4 | STD 7 | STD 11+ | STD 14+,202,AMAZON,蝴蝶|扑爬|蓝色蝴蝶|蓝蝴蝶
LAMIA,1337,DX,オンゲキ＆CHUNITHM,DX 6 | DX 8 | DX 13 | DX 14+,199,FESTiVAL PLUS,2023-09-01,否,lamia|战斗服宵崎奏|刹那|刹那拉面|拉米亚|拉弥亚|拉面,1336,ゲキマイ,BlackY,STD 3 | STD 9 | STD 14 | STD 15,199,SUN PLUS,刹那|香草|雅迪|拉面|拉米亚
Last Kingdom,1336,DX,オンゲキ＆CHUNITHM,DX 4 | DX 7+ | DX 12 | DX 13+,150,FESTiVAL PLUS,2023-09-01,否,last kingdom|小lk|luke|lk|最后王国|最后的王国|终末帝|失落王国|拔小蒜,1152,ゲキマイ,USAO,STD 4 | STD 8 | STD 11 | STD 14,150,CHUNITHM NEW PLUS,最后王国|lk
Y.Y.Y.計画!!!!,1335,DX,オンゲキ＆CHUNITHM,DX 4 | DX 7+ | DX 10+ | DX 13,186,FESTiVAL PLUS,2023-09-01,否,y.y.y.計画!!!!|计画|yyy|yyy计画|yyy计划|世界计划,1167,ゲキマイ,曲：烏屋茶房／歌：R.B.P. [九條 楓(CV：佳村 はるか)、逢坂 茜(CV：大空 直美)、珠洲島 有栖(CV：長縄 まりあ)],STD 3 | STD 6 | STD 9+ | STD 12+,186,CHUNITHM NEW PLUS,YYY
STARRED HEART,1334,DX,オンゲキ＆CHUNITHM,DX 3 | DX 5 | DX 9+ | DX 12,140,FESTiVAL PLUS,2023-09-01,否,starred heart|星心,1323,ゲキマイ,曲：広川恵一 (MONACA)／歌：オンゲキシューターズ,STD 2 | STD 5 | STD 8 | STD 12,140,SUN PLUS,
絶対敵対メチャキライヤー,1333,DX,niconico＆ボーカロイド,DX 3 | DX 7+ | DX 9+ | DX 12+,190,FESTiVAL PLUS,2023-08-18,否,絶対敵対メチャキライヤー|绝对敌对|绝对敌对大讨厌|绝对敌对超级讨厌|宿敌就是宿敌啊,1623,niconico,メドミア,STD 3 | STD 6 | STD 10 | STD 13,190,VERSE,
ド屑,1332,DX,niconico＆ボーカロイド,DX 2 | DX 6 | DX 9 | DX 13,115,FESTiVAL PLUS,2023-08-18,否,ド屑|头屑|追追|卜屑|屑|人渣|渣滓|兰立忠|大人渣,1375,niconico,なきそ,STD 2 | STD 6 | STD 10 | STD 13,115,SUN PLUS,
まにまに,1330,DX,niconico＆ボーカロイド,DX 4 | DX 7 | DX 9+ | DX 12+,174,FESTiVAL PLUS,2023-08-18,否,まにまに|manimani|马尼马尼|射箭|女人射箭|随之任之|🏹,1609,niconico,r-906,STD 3 | STD 6 | STD 10 | STD 13+,174,LUMINOUS PLUS,任之随之
超熊猫的周遊記（ワンダーパンダートラベラー）,1329,DX,maimai,DX 4 | DX 7+ | DX 12+ | DX 14+,121,FESTiVAL PLUS,2023-08-04,否,超熊猫的周遊記（ワンダーパンダートラベラー）|周游记|超雄猫|超熊猫的周游记|超熊猫|四川禁曲|超能猫|超雄|我们是幻想麒麟,1614,ゲキマイ,FANTAGIRAFF,STD 4 | STD 6 | STD 13 | STD 14+,158,LUMINOUS PLUS,超熊猫
テオ,1324,DX,niconico＆ボーカロイド,DX 5 | DX 7+ | DX 10+ | DX 13,185,FESTiVAL PLUS,2023-07-21,否,テオ|teo|天才|提欧|将手|亍才,565,niconico,Omoi,STD 3 | STD 6 | STD 8 | STD 13,185,AMAZON PLUS,将手|teo
Vallista,1323,DX,ゲーム＆バラエティ,DX 4 | DX 8 | DX 12+ | DX 14,180,FESTiVAL PLUS,2023-07-21,否,vallista|瓦里斯塔,81,VARIETY,削除,STD 4 | STD 6 | STD 10 | STD 14+,180,CHUNITHM,
Snow Colored Score,1312,DX,オンゲキ＆CHUNITHM,DX 2 | DX 6 | DX 9+ | DX 12+,164,FESTiVAL PLUS,2023-06-08,否,snow colored score|雪颜色分数|雪色分|scs|雪色记录,1355,イロドリミドリ,イロドリミドリ,STD 3 | STD 5 | STD 8+ | STD 11+ | STD 14,164,SUN PLUS,
つるぺったん,1309,DX,東方Project,DX 4 | DX 7+ | DX 10 | DX 12,180,FESTiVAL PLUS,2023-06-08,否,つるぺったん|醋溜便当2|醋溜便当|伊吹萃香|萃香|西瓜|平胸之歌,441,東方Project,Silver Forest,STD 3 | STD 6 | STD 8+ | STD 12+,180,STAR PLUS,贫乳便当
花となれ,1307,DX,niconico＆ボーカロイド,DX 2 | DX 6 | DX 8+ | DX 12,130,FESTiVAL PLUS,2023-05-26,否,花となれ|幻化成花|像花一样呐|成为一朵花|变成一朵花|可不呲牙|化成花|变成花|成为花朵|可不花,1371,niconico,雄之助　feat. 可不,STD 2 | STD 5 | STD 9 | STD 11+,130,SUN PLUS,
インターネットサバイバー,1306,DX,東方Project,DX 3 | DX 7 | DX 11 | DX 13,172,FESTiVAL PLUS,2023-05-26,否,インターネットサバイバー|网瘾二小姐|兰|东方超天酱|互联网幸存者|网络幸存者|互联网生存者|东方互联网|芙兰朵露重度依赖|东方女孩重度依赖|internet survivor|芙兰朵露|生存者,1507,東方Project,あやぽんず＊ feat.ビートまりお × まろん,STD 3 | STD 7 | STD 11 | STD 13,172,LUMINOUS,
Cthugha,1296,DX,ゲーム＆バラエティ,DX 6 | DX 8+ | DX 12 | DX 14,213,FESTiVAL PLUS,2023-04-14,否,cthugha|火球|火神2|火神|大火球|🎃|炎头|古神|克图格亚|赛图格亚|南瓜头|岩浆怪,1526,VARIETY,USAO「Muse Dash」,STD 4 | STD 8 | STD 12 | STD 14+,213,LUMINOUS,火球|屎|屁股肉金曲
INTERNET OVERDOSE,1287,DX,POPS＆アニメ,DX 4 | DX 7 | DX 10+ | DX 13,163,FESTiVAL PLUS,2023-03-23,否,internet overdose|overdose|超天酱|小天使请安|玉玉症|管人|kotoko|地雷女|io|我有玉玉症|daisuke|主播女孩重度依赖|网络过量|我有抑郁症|升天|主播女孩|土豆地雷|74块钱|朝天椒,1326,POPS & ANIME,Aiobahn feat. KOTOKO「NEEDY GIRL OVERDOSE」,STD 3 | STD 6 | STD 8+ | STD 13,163,SUN PLUS,主播女孩|地雷女|超天酱
Knight Rider,1286,DX,ゲーム＆バラエティ,DX 5 | DX 8 | DX 11 | DX 13+,200,FESTiVAL PLUS,2023-03-23,否,knight rider|骑乘|骑骑|骑骑士士|骑士骑骑士|kr|骑士骑士|疯狂星期四|骑士踢,1247,VARIETY,USAO「WACCA」,STD 3 | STD 9 | STD 12+ | STD 14,200,SUN,骑骑
Let you DIVE!,1285,DX,ゲーム＆バラエティ,DX 3 | DX 7+ | DX 11 | DX 12+,185,FESTiVAL PLUS,2023-03-23,否,let you dive!|让你潜|let you dive|伊丽莎白|让你潜水|wacca|lyd|让你落,1246,VARIETY,HARDCORE TANO*C & エリザベス（CV:大西沙織）「WACCA」,STD 3 | STD 7 | STD 9 | STD 12,185,SUN,
キャットラビング,1283,DX,niconico＆ボーカロイド,DX 2 | DX 6 | DX 8+ | DX 12+,163,FESTiVAL PLUS,2023-03-23,否,キャットラビング|白毛红瞳猫娘|香椎|爱猫tv|cat loving|爱猫|搓猫|坠入爱河的猫,1281,niconico,香椎モイミ,STD 3 | STD 6 | STD 9+ | STD 12,163,SUN,
ロウワー,1282,DX,niconico＆ボーカロイド,DX 2 | DX 6 | DX 8+ | DX 11 | DX 13,132,FESTiVAL PLUS,2023-03-23,否,ロウワー|mzk二箱|堕落眼界|犹大|mzk2|lower|蛇女,1471,niconico,ぬゆり / MEIKO / 25時、ナイトコードで。「プロジェクトセカイ カラフルステージ！ feat. 初音ミク」,STD 2 | STD 6 | STD 10+ | STD 13+,132,LUMINOUS,
おとせサンダー,1281,DX,POPS＆アニメ,DX 3 | DX 6 | DX 9+ | DX 11 | DX 13+,177,FESTiVAL PLUS,2023-03-23,否,おとせサンダー|otosethunder|雷落|落下雷霆|落雷|司空震,1330,POPS & ANIME,ぼっちぼろまる,STD 3 | STD 6 | STD 9+ | STD 11+,177,SUN PLUS,落下雷霆
阿修羅ちゃん,1280,DX,POPS＆アニメ,DX 3 | DX 6 | DX 10 | DX 13,156,FESTiVAL PLUS,2023-03-23,否,阿修羅ちゃん|阿修罗酱|阿修罗,1195,POPS & ANIME,Ado,STD 3 | STD 5 | STD 9 | STD 13,156,,阿修罗
魔法少女とチョコレゐト,1279,DX,niconico＆ボーカロイド,DX 3 | DX 6 | DX 9 | DX 13,150,FESTiVAL PLUS,2023-03-23,否,魔法少女とチョコレゐト|巧克力2|魔法少女与巧克力|腐外道2|魔法少女巧克力|巧克力|马猴烧酒和巧克力|魔法少女和巧克力|魔法少女,1315,niconico,ピノキオピー,STD 3 | STD 5 | STD 8+ | STD 13,150,SUN,
神っぽいな,1278,DX,niconico＆ボーカロイド,DX 2 | DX 6 | DX 8+ | DX 11+ | DX 13,142,FESTiVAL PLUS,2023-03-23,否,神っぽいな|像神一样呐|像神一样|神|像神一样啊|神呐|黑化初音|风拂过之处|像神,1200,niconico,ピノキオピー,STD 2 | STD 5 | STD 9+ | STD 12+,142,SUN,像神
ヒバリ,1275,DX,POPS＆アニメ,DX 2 | DX 5 | DX 10+ | DX 13,140,FESTiVAL PLUS,2023-03-23,否,ヒバリ|俩个羽毛球|两个羽毛球|羽毛球|姬雏鸟|hibari|云雀|七八刀|羽毛球跳舞|匕八刀,952,POPS & ANIME,HIMEHINA,STD 3 | STD 6 | STD 9+ | STD 12+,140,CHUNITHM NEW,
FLUFFY FLASH,1274,DX,オンゲキ＆CHUNITHM,DX 6 | DX 8 | DX 12+ | DX 14,252,FESTiVAL PLUS,2023-03-23,否,fluffy flash|ff14|福利闪光|结城莉玖|ff|绒闪,1301,ゲキマイ,Kobaryo,STD 4 | STD 9 | STD 12 | STD 14+,252,SUN,ff
Trrricksters!!,1269,DX,オンゲキ＆CHUNITHM,DX 6 | DX 8 | DX 12+ | DX 14,155,FESTiVAL PLUS,2023-03-23,否,trrricksters!!|黄泉盟主|trrr|tricksters|trr|羊角人,644,ORIGINAL,s-don vs. 翡乃イスカ,STD 4 | STD 9+ | STD 13 | STD 15,155,CRYSTAL,雅迪|难|trickstar|！|!|trickster|1秒15.4|trrr|地雷|二见鸟
独りんぼエンヴィー,1267,DX,niconico＆ボーカロイド,DX 1 | DX 6 | DX 8 | DX 12+,132,FESTiVAL,2023-03-10,否,独りんぼエンヴィー|孜然炉火|蛙|虾|孑然妒火|🦐|孜然驴肉|孜然驴火|房间已解散,1357,niconico,koyori（電ポルP）,STD 2 | STD 5 | STD 8 | STD 11,132,SUN PLUS,虾|ebi
ボッカデラベリタ,1265,DX,niconico＆ボーカロイド,DX 3 | DX 7 | DX 10 | DX 13,170,FESTiVAL,2023-03-10,否,ボッカデラベリタ|真理之口,999,niconico,柊キライ,STD 3 | STD 6 | STD 10 | STD 13,170,CHUNITHM NEW,真理之口
Alice's Suitcase,1264,DX,ゲーム＆バラエティ,DX 3 | DX 7+ | DX 10+ | DX 13+,190,FESTiVAL,2023-03-02,否,alice's suitcase|爱丽丝手提箱|爱丽丝的手提箱|手提箱|🧳|as|爱丽丝,1304,VARIETY,Endorfin.「Arcaea」,STD 3 | STD 6 | STD 9+ | STD 13,190,SUN,旅行箱|爱丽丝|alice|手提箱
きゅうくらりん,1258,DX,niconico＆ボーカロイド,DX 4 | DX 7 | DX 11+ | DX 13+,220,FESTiVAL,2023-02-17,否,きゅうくらりん|心跳不止|心跳不已|可不抱头|晴天娃娃|ddlc|心动不已|心跳不动|纱世里|绿衣女人摸脸蛋|心梗不已|心梗不止|蓝衣哭泣少女|kyu-kurarin,1269,niconico,いよわ,STD 3 | STD 7 | STD 10 | STD 13+,220,SUN,
キュートなカノジョ,1256,DX,niconico＆ボーカロイド,DX 3 | DX 6 | DX 9+ | DX 12+,160,FESTiVAL,2023-02-17,否,キュートなカノジョ|可爱的女朋友|女朋友|可爱女友|米塔,1199,niconico,syudou　feat.音楽的同位体　可不（KAFU）,STD 3 | STD 6 | STD 9 | STD 13,160,SUN,
ピュグマリオンの咒文,1251,DX,オンゲキ＆CHUNITHM,DX 4 | DX 7 | DX 10+ | DX 13+,190,FESTiVAL,2023-01-20,否,ピュグマリオンの咒文|黑塔|小魔女咒文|魔法小萝莉|咒文|皮格马利翁的咒文|大黑塔,920,ORIGINAL,アリスシャッハと魔法の楽団,STD 3 | STD 6 | STD 11 | STD 14,190,CHUNITHM NEW,咒文
Hainuwele,1250,DX,オンゲキ＆CHUNITHM,DX 5 | DX 8 | DX 12+ | DX 14,175,FESTiVAL,2023-01-20,否,hainuwele|华为|华为完了|nova11se|huawei,732,ORIGINAL,ETIA.,STD 4 | STD 8 | STD 13+ | STD 14+,175,CRYSTAL PLUS,超大杯|雅迪|华为完了|华为
電光石火,1249,DX,オンゲキ＆CHUNITHM,DX 5 | DX 8 | DX 12+ | DX 14,165,FESTiVAL,2023-01-20,否,電光石火|电光石火|妖艳魔男2|电光火石|🤨|俄洛伊,514,ORIGINAL,HiTECH NINJA,STD 4 | STD 9 | STD 13+ | STD 15,165,AMAZON PLUS,电光石火|电光火石|裸男
Ghost Dance,1248,DX,オンゲキ＆CHUNITHM,DX 4 | DX 7+ | DX 10 | DX 13,154,FESTiVAL,2023-01-20,否,ghost dance|鬼舞|gd|魂5|幽灵跳舞,676,ORIGINAL,亜沙 feat.くろくも,STD 3 | STD 6 | STD 9 | STD 12+,154,CRYSTAL PLUS,
NightTheater,1247,DX,ゲーム＆バラエティ,DX 3 | DX 7+ | DX 11+ | DX 13+,151,FESTiVAL,2023-01-06,否,nighttheater|夜剧场|night theater|nt|夜剧院,987,VARIETY,わかどり,STD 3 | STD 6 | STD 11+ | STD 14+,151,CHUNITHM NEW,嘻嘻嘻|夜剧院|剧院
ばかみたい【Taxi Driver Edition】,1242,DX,ゲーム＆バラエティ,DX 2 | DX 6 | DX 12 | DX 13,74,FESTiVAL,2022-12-23,否,ばかみたい【taxi driver edition】|像笨蛋一样|八嘎米袋|别急20|打咩打捏|如龙的雨|笨蛋|八嘎|oceancat|羽染|玛恩纳|哭包羽染|像个傻瓜|🐶|如龙5|bakamitai|海猫络合物|海猫|damedane|🥃|铃木太一|哒咩哒咩,1390,VARIETY,桐生一馬(黒田崇矢),STD 1 | STD 5 | STD 8 | STD 13,74,SUN PLUS,
群青シグナル,1240,DX,maimai,DX 5 | DX 8 | DX 11+ | DX 13+,206,FESTiVAL,2022-12-16,否,群青シグナル|体育生2|群青|群青2|群青信号|群青讯号|体育生丢篮球,1616,ゲキマイ,テヅカ feat. 獅子神レオナ,STD 3 | STD 6 | STD 10 | STD 13+,206,LUMINOUS PLUS,
VIIIbit Explorer,1234,DX/STD,maimai,DX 6 | DX 8 | DX 13 | DX 14+ ; STD 6 | STD 8 | STD 12+ | STD 14,188,FESTiVAL,2021-07-21,否,viiibit explorer|标准浏览器|标准8bit|标准八比特|8bit|8比特|标巴比特|八位探索者|八比特|标8bit|5*8-30/2+3bit|8bit浏览器|八比特管理器|8比特浏览器|巴比特|八比特浏览器|海葵姐|浏览器|大手子|dx八比特|dx8bit,1319,ゲキマイ,Lime,STD 3 | STD 7+ | STD 12 | STD 14,188,SUN,8bit|八比特|浏览器
マーシャル・マキシマイザー,1227,DX,niconico＆ボーカロイド,DX 4 | DX 7 | DX 9+ | DX 13,190,FESTiVAL,2022-11-04,否,マーシャル・マキシマイザー|可不戴耳机|马修麦泽|最大化|mm|最大化者|马歇尔最大化器|马歇尔|marshall maximizer|可不听歌|maximizer|马歇尔最大化,1282,niconico,柊マグネタイト feat.可不,STD 3 | STD 7 | STD 9+ | STD 13+,190,SUN,
モンダイナイトリッパー！,1226,DX,POPS＆アニメ,DX 4 | DX 7 | DX 10+ | DX 13+,180,FESTiVAL,2022-11-04,否,モンダイナイトリッパー！|指南针|没问题tripper|モンダイナイトリッパー|萌呆奶|没问题|tripper|名取纱那|旅行者|没问题！Tripper！|兔兔|没问题旅行家,1595,POPS & ANIME,名取さな,STD 3 | STD 5 | STD 9+ | STD 13 | STD 14,180,LUMINOUS PLUS,
SUPER AMBULANCE,1223,DX,オンゲキ＆CHUNITHM,DX 6 | DX 8+ | DX 12 | DX 14,200,FESTiVAL,2022-10-21,否,super ambulance|120|千夏肚脐眼|千夏开大|俺不能死|救护车|超级救护车|🚑|超级小千夏|日向千夏,1317,ゲキマイ,AJURIKA,STD 3 | STD 8 | STD 13+ | STD 14+,200,SUN,超级救护车
Catch Me If You Can,1221,DX,オンゲキ＆CHUNITHM,DX 5 | DX 7 | DX 10+ | DX 13,130,FESTiVAL,2022-10-21,否,catch me if you can|你抓不住我|抓我|兔女郎|有种抓住我|早乙女彩华|兔女郎彩华|猫鼠游戏|露娜|樱岛麻衣|来抓我呀|抓我如果你可以|山里灵活的狗|如果你能抓到我|山吹沙绫,1497,ゲキマイ,曲：TAKU INOUE／歌：早乙女 彩華(CV：中島 唯),STD 2 | STD 5 | STD 10 | STD 13+,130,LUMINOUS,如果你能抓住我
セカイ,1219,DX,niconico＆ボーカロイド,DX 2 | DX 6 | DX 10 | DX 12+,133,FESTiVAL,2022-10-07,否,セカイ|sekai|世界,879,niconico,DECO*27×堀江晶太(kemu),STD 2 | STD 5 | STD 9+ | STD 12+,133,CHUNITHM NEW,sekai
群青讃歌,1218,DX,niconico＆ボーカロイド,DX 1 | DX 6 | DX 9 | DX 12,168,FESTiVAL,2022-10-07,否,群青讃歌|群青赞歌,1280,niconico,Eve / 初音ミク、星乃一歌、花里みのり、小豆沢こはね、天馬司、宵崎奏「プロジェクトセカイ カラフルステージ！ feat. 初音ミク」,STD 2 | STD 6 | STD 9 | STD 12,168,SUN,pjsk|群青赞歌|赞歌
Random,1216,DX,ゲーム＆バラエティ,DX 3 | DX 7 | DX 11 | DX 13+,132,FESTiVAL,2022-09-22,否,random|阮冬木|随机|燃冬,1204,VARIETY,Sobrem × Silentroom,STD 3 | STD 6 | STD 10 | STD 14,132,SUN,随机|random
田中,1214,DX,ゲーム＆バラエティ,DX 5 | DX 8 | DX 12 | DX 14,186,FESTiVAL,2022-09-15,否,田中|tanaka,1236,VARIETY,立秋 feat.ちょこ,STD 4 | STD 7+ | STD 11 | STD 14+,186,SUN,屎|神曲神谱
スカーレット警察のゲットーパトロール24時,1213,DX,東方Project,DX 3 | DX 7 | DX 9 | DX 13,160,FESTiVAL,2022-09-15,否,スカーレット警察のゲットーパトロール24時|👮|东方警察24时|24时|蟑螂跳舞|东方警察|警察出警24小时|funky|警察24时|斯卡雷特警察|斯卡蕾特警察|24时警察|斯卡雷特|斯卡蕾特|蕾米出警|琪露诺跳舞|警察|蕾米琪露诺斗舞|尾杀大b圈,1202,東方Project,七条レタスグループ,STD 3 | STD 5 | STD 9 | STD 13+,160,SUN,
ヴィラン,1211,DX,niconico＆ボーカロイド,DX 2 | DX 6 | DX 9 | DX 11+ | DX 13,102,FESTiVAL,2022-09-15,否,ヴィラン|碧浪|恶者|反派|villan|反派角色|villain|糜烂,874,niconico,てにをは,STD 3 | STD 5 | STD 9+ | STD 13,102,CHUNITHM NEW,villain
フォニイ,1210,DX,niconico＆ボーカロイド,DX 2 | DX 6 | DX 9+ | DX 11 | DX 13,170,FESTiVAL,2022-09-15,否,フォニイ|phony|扶你|噗泥|奶龙跳舞|凤梨|7才二亻|佛尼|伪物|7才二人|狐狸面具,1142,niconico,ツミキ,STD 3 | STD 5 | STD 9+ | STD 12+,170,CHUNITHM NEW PLUS,phony|伪物
アニマル,1207,DX,niconico＆ボーカロイド,DX 3 | DX 7+ | DX 10+ | DX 13,188,FESTiVAL,2022-09-15,否,アニマル|animal|猫猫初音|猫抓板|deco喵喵叫|动物|猫葱,1267,niconico,DECO*27,STD 3 | STD 6 | STD 9+ | STD 13,188,SUN,animal
Don't Fight The Music,1206,DX,オンゲキ＆CHUNITHM,DX 5 | DX 9 | DX 12+ | DX 14,195,FESTiVAL,2022-09-15,否,don't fight the music|憋打歌|刹那立正|小气走|别打音乐|不要打歌|别打歌|刹那|宵崎奏|刹那赢冰箱|是我在制作这些视频|赢取冰箱|不好导弹来袭|不要战斗这音乐|不准打歌|不准揍乐,955,ゲキマイ,黒魔,STD 4 | STD 7 | STD 12 | STD 14+,200,CHUNITHM NEW,别打歌|老婆|刹那
蜘蛛の糸,1205,DX,オンゲキ＆CHUNITHM,DX 5 | DX 8+ | DX 12+ | DX 14,180,FESTiVAL,2022-09-15,否,蜘蛛の糸|四百块|蜘蛛系|蜘蛛的丝|滴嘟丝|蜘蛛丝|蜘蛛的糸|spider’s thread|🕸️|spider's thread|不来方永爱|蜘蛛之丝,916,ORIGINAL,きくお×cosMo＠暴走P feat.影縫英,STD 4 | STD 8+ | STD 13+ | STD 15,180,CHUNITHM NEW,蜘蛛丝|长城|不来方
Transcend Lights,1199,DX,オンゲキ＆CHUNITHM,DX 4 | DX 7 | DX 11 | DX 13,70,UNiVERSE PLUS,2022-09-02,否,transcend lights|超越光|九月的雨|超超光光|美瞳广告|小女孩们的茶话会|超越之光|bright主题曲|别急19|音击的武士|tl|萝莉的雨|音击妹妹|114514|音击的雨,1182,ゲキマイ,曲：小高光太郎／歌：オンゲキシューターズ,STD 1 | STD 6 | STD 9+ | STD 12,105,CHUNITHM NEW PLUS,114514|超越光|九月的雨
エータ・ベータ・イータ,1198,DX,オンゲキ＆CHUNITHM,DX 6 | DX 7+ | DX 12 | DX 14,186,UNiVERSE PLUS,2022-09-02,否,エータ・ベータ・イータ|hera2|eta beta ita|赫拉2|蓝原椿|赫拉二|工一夕八一夕人一夕|咱家那超级大串|工一夕|ἥβη,1272,ゲキマイ,ルゼ,STD 4 | STD 8+ | STD 12+ | STD 14+,186,SUN,蓝原椿|hera2|赫拉2|阿尔法|工一夕|蓝的椿
パズルリボン,1195,DX,オンゲキ＆CHUNITHM,DX 5 | DX 7+ | DX 11 | DX 13,215,UNiVERSE PLUS,2022-08-19,否,パズルリボン|蝴蝶结|拼图丝带|puzzle ribbon|红发男|游乐王子|未知无心|东云彰人,1035,ORIGINAL,すりぃ feat.りょーくん,STD 3 | STD 6 | STD 9+ | STD 12+,215,CHUNITHM NEW PLUS,
ジャンキーナイトタウンオーケストラ,1191,DX,niconico＆ボーカロイド,DX 3 | DX 6 | DX 10 | DX 12+,145,UNiVERSE PLUS,2022-08-19,否,ジャンキーナイトタウンオーケストラ|瘾者之夜|玛奇玛|🤫|瘾者之夜城镇乐队|junky night town orchestra|隐者之夜,1049,niconico,すりぃ,STD 2 | STD 5 | STD 9+ | STD 13,145,CHUNITHM NEW PLUS,瘾者之夜城镇乐队
folern,1186,DX,オンゲキ＆CHUNITHM,DX 5 | DX 8 | DX 12 | DX 13+,200,UNiVERSE PLUS,2022-07-22,否,folern|北冰洋|迪希雅|水陈|佛冷|给我玩中二节奏,487,ORIGINAL,ぬゆり,STD 4 | STD 8 | STD 13+ | STD 14+,200,AMAZON,佛冷
ツクヨミステップ,1185,DX,オンゲキ＆CHUNITHM,DX 4 | DX 7+ | DX 10+ | DX 13,172,UNiVERSE PLUS,2022-07-22,否,ツクヨミステップ|月读|水枪|斯普拉遁|月读舞步|女人拿水枪|戴帽女人滋水枪|水枪姐|嗒嗒啦嗒啦嗒嗒,590,ORIGINAL,ユリイ・カノン feat.nameless,STD 2 | STD 5 | STD 9+ | STD 13+,172,CRYSTAL,月读舞步
コスモポップファンクラブ,1184,DX,オンゲキ＆CHUNITHM,DX 3 | DX 6 | DX 10+ | DX 13,189,UNiVERSE PLUS,2022-07-22,否,コスモポップファンクラブ|芭芭拉拉粑粑|吧啦吧吧吧|cosmo pop funclub|宇宙流行乐俱乐部|小魔仙|cpfc|巴啦啦小魔仙|巴啦啦|巴拉巴巴巴,917,ORIGINAL,ナユタン星人,STD 2 | STD 5 | STD 9+ | STD 12,129,CHUNITHM NEW,cosmo pop fanclub|cpfc|巴拉巴巴拉
三妖精SAY YA!!!,1180,DX,東方Project,DX 3 | DX 6 | DX 10 | DX 13,150,UNiVERSE PLUS,2022-07-01,否,三妖精say ya!!!|三铸币开大|saya|say ya|三笨蛋|三小只|我们三|三月精|三妖精塞牙|tfgirls|萨莉亚|三妖精|三亚|月下三妖精,1276,東方Project,森羅万象,STD 3 | STD 6 | STD 9+ | STD 12,150,SUN,三妖精|sayya
Spring of Dreams,1177,DX,東方Project,DX 3 | DX 6 | DX 10 | DX 12+,153,UNiVERSE PLUS,2022-07-01,否,spring of dreams|春梦|春之港湾|娜兹玲|莉莉白|小老鼠,427,東方Project,3L (NJK Record),STD 3 | STD 5 | STD 8+ | STD 12,153,STAR PLUS,
Sage,1176,DX,maimai,DX 6 | DX 8 | DX 12+ | DX 14,145,UNiVERSE PLUS,2022-06-24,否,sage|世嘉|撒歌|贤者|sega|sabe|圣人|撒给|萨格|圣徒,1448,ゲキマイ,かめりあ,STD 3 | STD 7+ | STD 13 | STD 14+,145,LUMINOUS,撒哥
チューリングの跡,1175,DX,maimai,DX 4 | DX 8 | DX 13 | DX 14+,180,UNiVERSE PLUS,2022-06-24,否,チューリングの跡|屠龙之技|图灵|灭火器|螺号|jazz for your soul|图灵之跡|信用2|迹|白法院吹萨克斯|🎷|credits2|图灵之迹|🎷🥚|图灵轨迹|萨克斯|图灵之寄|dx信用,1566,ゲキマイ,Frums,STD 4 | STD 7 | STD 14 | STD 15,180,LUMINOUS PLUS,图灵
Swift Swing,1173,DX,maimai,DX 4 | DX 8 | DX 12 | DX 14,150,UNiVERSE PLUS,2022-06-24,否,swift swing|迪拉熊跳舞|他们是经理|滴蜡熊爱跳舞|海澜之家|迪拉熊热舞|滴蜡熊热舞|白铜寺拉小提琴|荡秋千|ss2|五熊扛鼎,1727,ゲキマイ,Laur,STD 3 | STD 6 | STD 11 | STD 14+,150,VERSE,
HECATONCHEIR,1166,DX,maimai,DX 5 | DX 8 | DX 12+ | DX 14,155,UNiVERSE PLUS,2022-05-27,否,hecatoncheir|百足巨人|MysteryPrism|百手巨人|摆臂巨人|百臂巨人|捅椅子|heca|他猫上椅子,1514,ゲキマイ,Yuta Imai,STD 3 | STD 7 | STD 11+ | STD 14,155,LUMINOUS PLUS,
BANG!,1161,DX,ゲーム＆バラエティ,DX 2 | DX 6 | DX 10+ | DX 13,128,UNiVERSE PLUS,2022-05-13,否,bang!|钢管|棒|邦|bang,1911,VARIETY,Shoichiro Hirata feat.Sana,STD 2 | STD 5 | STD 10 | STD 13,128,X-VERSE-X,
Love's Theme of BADASS ～バッド・アス 愛のテーマ～,1160,DX,ゲーム＆バラエティ,DX 6 | DX 8 | DX 13 | DX 14,202,UNiVERSE PLUS,2022-05-13,否,love's theme of badass ～バッド・アス 愛のテーマ～|猫抓板|拔大蒜|僵尸骑摩托|拔大葱|绿巨人骑摩托车|扒大蒜|哥布林骑摩托|badass|坏屁股|干打雷|恶尻|马达加斯加|爱的主题坏屁股|小绿人,1502,VARIETY,Hommarju,STD 3 | STD 7+ | STD 12+ | STD 14,202,LUMINOUS,拔大蒜|坏屁股|badass
BLUE ZONE,1156,DX,ゲーム＆バラエティ,DX 4 | DX 8 | DX 11 | DX 14,168,UNiVERSE PLUS,2022-04-28,否,blue zone|蓝粽|蓝得盆|蓝的盆|极品飞车|蓝界|蓝色高级车|蓝的区|蓝车|蓝的车|飞车|蓝区,903,VARIETY,Tatsh x NAOKI,STD 3 | STD 7 | STD 10+ | STD 14+,168,CHUNITHM NEW,蓝色区域|蓝的区|蓝区
otorii INNOVATED -[i]3-,1152,DX,オンゲキ＆CHUNITHM,DX 6 | DX 8+ | DX 13 | DX 14,210,UNiVERSE PLUS,2022-04-01,否,otorii innovated -[i]3-|电刑|熊二|雷电法王|雷熊|囚徒|紫色滴蜡熊|i3|闪电熊|⚡🐻|电熊|电所有人前列腺|大鸟居|电你前列腺|电击前列腺|耳机漏电|特大迪拉熊,392,ORIGINAL,NAOKI underground,STD 4 | STD 9+ | STD 13 | STD 15,210,STAR PLUS,大鸟居|鸟居|电所有人前列腺|电所有人|前列腺
8-EM,1149,DX,オンゲキ＆CHUNITHM,DX 5 | DX 8 | DX 12+ | DX 13+,168,UNiVERSE PLUS,2022-03-24,否,8-em|大大大|很酷，不说话|涩图|橘优羽|atm|syk|大柰子|小孩|喰喰|8em|国服没奈子,550,ORIGINAL,Sampling Masters AYA,STD 4 | STD 8 | STD 12 | STD 14+,168,AMAZON PLUS,大扔子|大头照|atm|8em
Dreadnought,1148,DX,ゲーム＆バラエティ,DX 5 | DX 8+ | DX 12+ | DX 13+,192,UNiVERSE PLUS,2022-03-24,否,dreadnought|无畏舰|死亡手电筒|手电筒|大喷菇|无畏号战舰|🔦|巧脆卷|望远镜|无畏号|无畏战舰,228,VARIETY,Mastermind(xi+nora2r),STD 4 | STD 7+ | STD 10+ | STD 14+ | STD 14+,192,AIR,手电筒|无畏舰|无畏契约|瓦|无畏
Armageddon,1147,DX,東方Project,DX 5 | DX 8 | DX 12+ | DX 13+,210,UNiVERSE PLUS,2022-03-24,否,armageddon|阿空|太阳信仰|arma|世界末日|东方树叶|⑥|阿玛革冬|阿妈咯噔|灵乌路空|灵知的太阳信仰|核弹,1235,東方Project,LeaF,STD 4 | STD 8+ | STD 13 | STD 15,210,SUN,切菜|世界末日|世界末白|阿玛戈登|世界mobi|核弹|arma|阿空|核爆
初音天地開闢神話,1146,DX,niconico＆ボーカロイド,DX 5 | DX 8 | DX 11 | DX 13+,240,UNiVERSE PLUS,2022-03-24,否,初音天地開闢神話|开天辟地|天地开辟|开辟神话|开辟|初音未来毁天灭地|初音未来日天日地|毁天灭地|盘古开天辟地|初音毁天灭地神话|初音未来开天辟地|开辟天地|盘古|消失2|神话|盘古未来|初音天地开辟神话|初音未来开辟神话|初音开天辟地,1029,niconico,cosMo＠暴走P,STD 5 | STD 7 | STD 13+ | STD 14+,240,CHUNITHM NEW PLUS,盘古|开辟天地|初音开天辟地|天地开辟|开天辟地
エンヴィーベイビー,1145,DX,niconico＆ボーカロイド,DX 3 | DX 7 | DX 9+ | DX 13,171,UNiVERSE PLUS,2022-03-24,否,エンヴィーベイビー|剔牙|envy baby|林尼|雀魂|拼多多|嫉妒宝贝|打牌|envybaby|envy,1027,niconico,Kanaria,STD 3 | STD 6 | STD 9 | STD 12,171,CHUNITHM NEW PLUS,envy baby
ヴァンパイア,1144,DX,niconico＆ボーカロイド,DX 3 | DX 6 | DX 10 | DX 11+ | DX 13,164,UNiVERSE PLUS,2022-03-24,否,ヴァンパイア|做核酸|玩牌儿|袁绍|玩牌呀|nichan|miku口罩|vampire|吸血鬼|口罩妹|棒棒鸭|核酸检测,1000,niconico,DECO*27,STD 3 | STD 6 | STD 9+ | STD 11+,164,CHUNITHM NEW,吸血鬼|vampire
"Good bye, Merry-Go-Round.",1143,DX,オンゲキ＆CHUNITHM,DX 5 | DX 7+ | DX 12 | DX 14,185,UNiVERSE PLUS,2022-03-24,否,"good bye, merry-go-round.|龙图|goodbye,mother-not-found|good bye, mothre-not-found|旋转mua|再见，旋转木马|白人掐腰|旋转木马|再见旋转木马|🐴|🐎|旋转古神|木马|江南style|🔁🌲🐴|阿尼娅|good bye, mother-not-found.|🎠|再见转圈圈|good bye, mother-not-found|杩|good bye merry go round|日向千夏|旋转木妈|千夏叉腰",814,ゲキマイ,Yooh,STD 4 | STD 7 | STD 12+ | STD 14+,185,PARADISE LOST,旋转木马|旋转木妈
sølips,1142,DX,maimai,DX 6 | DX 8 | DX 13+ | DX 14+,199,UNiVERSE PLUS,2022-03-24,否,sølips|100块|solips|100块钱|100元|一百块|索|嗦|🔒|solidworks|s∅lips|唯我论|so|索利普斯|s空集lips,1420,ゲキマイ,rintaro soma,STD 4 | STD 9+ | STD 13+ | STD 15,199,SUN PLUS,嗦|solips|蓝的盘|一百块
Halcyon,1137,DX/STD,ゲーム＆バラエティ,DX 3 | DX 8 | DX 11 | DX 13 ; STD 6 | STD 8+ | STD 12 | STD 14,191,UNiVERSE PLUS,2019-07-19,否,halcyon|翡翠鸡|sd🐔|翡翠鸟|标准翡翠鸡|标翡翠鸡|静谧之鸟|翡鸡杯|脆皮鸡|dx翡翠鸡|浅鸽处刑曲|🐔,112,VARIETY,xi,STD 3 | STD 7 | STD 10+ | STD 14+ | STD 15,191,CHUNITHM PLUS,翡翠鸡|小公交车
ハードコア・シンドローム,1136,DX,オンゲキ＆CHUNITHM,DX 5 | DX 8 | DX 12 | DX 13+,180,UNiVERSE,2022-03-11,否,ハードコア・シンドローム|hardcore syndrome|打胶|creeping|打交|打交第一名|硬核综合症|哈皮和tpz开音趴|hardcore|硬核|打架第二名|哈皮打交|哈德口|硬核综合征|罚站|友人对战|tanoc全明星|梅西哥拆机|哈德阔|梅西歌|老兵敬礼|我脸上有交互吗|怎么 我脸上是有交互吗|tpz立正|咋的我脸上是有交互吗,731,ORIGINAL,t+pazolite (HARDCORE TANO*C) feat.TANO*C ALL STARS,STD 4 | STD 7+ | STD 12 | STD 14+,190,CRYSTAL PLUS,hardcore syndrome|打架第二名|hardcore|硬核|梅西哥拆机
スピカの天秤,1135,DX,オンゲキ＆CHUNITHM,DX 5 | DX 8+ | DX 13 | DX 14,252,UNiVERSE,2022-03-11,否,スピカの天秤|黑化希望泪|希望泪2|交流电电棍|绝望泪|心灵终结|天秤|这个需要你自己衡量|天平,492,ORIGINAL,Acotto,STD 4 | STD 8 | STD 12 | STD 14+,252,AMAZON,天平|天秤
Limits,1134,DX,オンゲキ＆CHUNITHM,DX 3 | DX 6 | DX 10 | DX 13,140,UNiVERSE,2022-03-11,否,limits|限制|极限,950,イロドリミドリ,舞ヶ原シンセ研究会,STD 3 | STD 5 | STD 9 | STD 13,140,CHUNITHM NEW,极限
We Are Us,1133,DX,オンゲキ＆CHUNITHM,DX 3 | DX 6 | DX 10 | DX 13,145,UNiVERSE,2022-03-11,否,we are us|我们是美国|wau|我们是我们,729,イロドリミドリ,舞ヶ原シンセ研究会,STD 2 | STD 7 | STD 10 | STD 13,145,PARADISE,
リモコン,1130,DX,niconico＆ボーカロイド,DX 3 | DX 6 | DX 9 | DX 13,165,UNiVERSE,2022-02-25,否,リモコン|双子转转转|switch|遥控器|思维驰学习机,194,niconico,じーざすP（ワンダフル☆オポチュニティ！）,STD 3 | STD 5 | STD 8 | STD 11+,165,AIR,遥控器
アカツキアライヴァル,1129,DX,niconico＆ボーカロイド,DX 2 | DX 6 | DX 10 | DX 13,125,UNiVERSE,2022-02-25,否,アカツキアライヴァル|拂晓|初音未来和波奇|鱼葱|女同8|拂晓已至|拂晓抵达|akatsuki arrival,196,niconico,Last Note.,STD 2 | STD 5 | STD 9+ | STD 11+,125,AIR,拂晓抵达
ラグトレイン,1128,DX,niconico＆ボーカロイド,DX 2 | DX 6 | DX 9+ | DX 13,147,UNiVERSE,2022-02-25,否,ラグトレイン|延误列车|打地鼠|延迟列车|烟雾列车|少女终末旅行|列车|15列车|lag train|电车迟到|lagtrain,957,niconico,稲葉曇,STD 2 | STD 5 | STD 8+ | STD 11+,147,PARADISE LOST,延误列车
躯樹の墓守,1126,DX,maimai,DX 6 | DX 9+ | DX 13 | DX 14+,211,UNiVERSE,2022-02-10,否,躯樹の墓守|躯树の墓守|墓守|噔噔|🌳|树|守墓人|小红帽|躯树的墓守|红色羽毛球|洛茜|躯树|躯树墓守|蕾米坠机,1700,ゲキマイ,隣の庭は青い(庭師+Aoi),STD 5 | STD 8 | STD 13+ | STD 15,211,VERSE,墓守|躯世的墓琴|躯树|去世的木琴
インドア系ならトラックメイカー,1121,DX,POPS＆アニメ,DX 2 | DX 7+ | DX 10 | DX 13,128,UNiVERSE,2022-01-28,否,インドア系ならトラックメイカー|室内系|nichan|小姐姐|一笔画|室内轨道制造商|indoor系|室内系的track maker|内向都是作曲家|室内系的trackmaker|track maker|法修散打,719,VARIETY,Yunomi & nicamoq,STD 3 | STD 5 | STD 10 | STD 12+,128,CRYSTAL PLUS,室内系
なだめスかし Negotiation（TVsize）,1120,DX,POPS＆アニメ,DX 3 | DX 6 | DX 8 | DX 12,150,UNiVERSE,2022-01-28,否,,978,POPS & ANIME,鹿乃と宇崎ちゃん「宇崎ちゃんは遊びたい！」,STD 3 | STD 5 | STD 9+ | STD 12+,150,,
Falsum Atlantis.,1119,DX,オンゲキ＆CHUNITHM,DX 4 | DX 8 | DX 12+ | DX 14,160,UNiVERSE,2022-01-14,否,falsum atlantis.|艾伦走路人|亚特兰提斯|在海下面在海下面|虚伪的亚特兰蒂斯|亚特兰蒂斯|皇城刹那|刹那下海|水神8|fa|刹那,1208,ゲキマイ,kanone,STD 4 | STD 7+ | STD 13 | STD 15,160,SUN,亚特兰蒂斯|娜英|香草|faded|胃癌又闹|刹那|老婆
LiftOff,1118,DX,オンゲキ＆CHUNITHM,DX 4 | DX 8 | DX 11+ | DX 13+,137,UNiVERSE,2022-01-14,否,liftoff|关电梯|起飞|dx四月雨|火箭|电梯下降|刑具|抬棺|发射|长角女孩|妙脆角|东云纺|赫拉0.5,1356,ゲキマイ,MAYA AKAI,STD 2 | STD 7+ | STD 12 | STD 14+,137,SUN PLUS,妈呀阿卡伊
No Limit RED Force,1117,DX,オンゲキ＆CHUNITHM,DX 2 | DX 7 | DX 9+ | DX 12+,146,UNiVERSE,2022-01-14,否,no limit red force|无限红|无限红力|无尽的赤红之力|红色电音极地大冲击,1292,ゲキマイ,曲：本多友紀（Arte Refact）／歌：オンゲキシューターズ,STD 2 | STD 6 | STD 8+ | STD 13,146,SUN,
ぱくぱく☆がーる,1116,DX,オンゲキ＆CHUNITHM,DX 4 | DX 7 | DX 10 | DX 13,121,UNiVERSE,2022-01-14,否,ぱくぱく☆がーる|江江炫饭|报菜名|江江|江江下锅|江江报菜名|江江今天吃什么|pac pac girl|大胃袋江子,1321,ゲキマイ,曲：齋藤大／歌：珠洲島 有栖(CV：長縄 まりあ),STD 2 | STD 5 | STD 9+ | STD 12,121,SUN,江江报菜名
Destr0yer,1115,DX/STD,ゲーム＆バラエティ,DX 2 | DX 7+ | DX 11 | DX 12+ ; STD 4 | STD 8 | STD 12 | STD 14,90,UNiVERSE,2019-07-11,否,destr0yer|——口|destr🦌yer|标准d0|别急10|消除男|----------☀️◻|标d0|驱逐舰|神父|毁灭者|d0|终极闪光|方块头|destroyer|削除射线|削除光线|削除|界限突破|毁灭方块人|null|dx削除射线|一一一一一口|破坏者,596,VARIETY,削除 feat. Nikki Simmons,STD 4 | STD 7 | STD 11 | STD 14+,90,CRYSTAL,destroyer|d0
神々が恋した幻想郷,1114,DX,東方Project,DX 2 | DX 7 | DX 10+ | DX 13,155,UNiVERSE,2022-01-06,否,神々が恋した幻想郷|东方南十字|众神眷恋的十字星|幻想乡|神恋|东十字|众神眷恋的幻想乡|testify|神都得意俺们屯|东十字星|青春版白南十字星|神仙稀罕俺们屯|终神眷恋的南十字|神眷|小南十字,943,東方Project,Unlucky Morpheus,STD 3 | STD 5 | STD 10 | STD 14,155,PARADISE LOST,幻想乡
悪魔の踊り方,1111,DX,niconico＆ボーカロイド,DX 2 | DX 6 | DX 9+ | DX 13,106,UNiVERSE,2021-12-24,否,悪魔の踊り方|恶魔|恶魔的舞蹈方式|恶魔踊|恶魔跳舞|👿👯|👁|👁️|恶魔跳舞的方式|踊方,1374,niconico,キタニタツヤ,STD 2 | STD 5 | STD 8 | STD 12+,106,SUN PLUS,
失敗作少女,1110,DX,niconico＆ボーカロイド,DX 3 | DX 7 | DX 10 | DX 13,235,UNiVERSE,2021-12-24,否,失敗作少女|失败作少女|我肯定|失败作|成功当男娘,882,niconico,かいりきベア・MARETU feat.初音ミク,STD 3 | STD 5 | STD 9 | STD 12+,235,CHUNITHM NEW,失败作少女
U&iVERSE -銀河鸞翔-,1109,DX,maimai,DX 5 | DX 9 | DX 12 | DX 14,140,UNiVERSE,2021-12-16,否,u&iverse -銀河鸞翔-|银河鸾翔|银河鸞翔|鸾翔|金典有机奶|u&amp;iverse -銀河鸞翔-|3d白猫|银河拉翔|银河翱翔|universe|银河乱翔|银河飞翔|金牛奶|银河|银河卵翔|kop3rd预选曲|银河护卫队|😫|milk走路人,1293,ゲキマイ,Kai VS 大国奏音 VS 水野健治,STD 4 | STD 7 | STD 10+ | STD 14,140,SUN,银河翱翔|银河鸾翔|银河鸟翔
Yorugao,1108,DX,maimai,DX 5 | DX 8 | DX 12 | DX 14+,182,UNiVERSE,2021-12-10,否,yorugao|犹如高|油乳膏|月光花|牙膏|夜颜|紫黑|有乳膏|牛肉干|有如皋|优乳膏,1431,ゲキマイ,An & Ryunosuke Kudo,STD 3 | STD 7+ | STD 12 | STD 14+,182,SUN PLUS,犹乳膏|屎|大便|犹如高|有乳膏|夜颜|紫黑
Alcyone,1106,DX,maimai,DX 4 | DX 7+ | DX 12 | DX 14,176,UNiVERSE,2021-12-10,否,alcyone|昴宿六|古希腊掌管反手交互的神|alc|凯尔希|高丽,1532,ゲキマイ,PRASTIK DANCEFLOOR,STD 3 | STD 7+ | STD 12 | STD 14+,176,LUMINOUS,
マツヨイナイトバグ,1102,DX,東方Project,DX 3 | DX 7+ | DX 10+ | DX 13+ | DX 14,190,UNiVERSE,2021-11-12,否,マツヨイナイトバグ|蠢虫|待宵的萤火虫|绿色夜光虫|阿氯|萤火虫|绿色苍蝇|东方绿毛虫|莉格露|绿色女人|绿毛虫|苍蝇妹|绿毛龟|nightbug|绿头发,1539,東方Project,ビートまりおとまろん,STD 3 | STD 7 | STD 11 | STD 14,190,LUMINOUS PLUS,
Technicians High,1098,DX/STD,maimai,DX 5 | DX 8 | DX 11+ | DX 13 ; STD 4 | STD 7+ | STD 11 | STD 13+,165,UNiVERSE,2019-08-09,否,technicians high|蓝的盆|高科技|标准科技高|科技很高|科技高|dx科技高|科技,795,ゲキマイ,HiTECH NINJA,STD 3 | STD 6 | STD 11+ | STD 14,165,CHUNITHM NEW,科技高
セカイはまだ始まってすらいない,1093,DX,niconico＆ボーカロイド,DX 2 | DX 6 | DX 8+ | DX 12+,138,UNiVERSE,2021-10-15,否,セカイはまだ始まってすらいない|世界还没有开始|世界还未开始|天马司倒了,853,niconico,ピノキオピー / 初音ミク / ワンダーランズ×ショウタイム「プロジェクトセカイ カラフルステージ！ feat. 初音ミク」,STD 3 | STD 5 | STD 8+ | STD 12,138,PARADISE,
アンビバレンス,1089,DX,maimai,DX 4 | DX 7 | DX 10+ | DX 13 | DX 13+,187,UNiVERSE,2021-09-22,否,アンビバレンス|言叶5|ambivalence|我喜欢阿瓦鲁|二律背反|矛盾心理|穿心,1206,ゲキマイ,すりぃ×相沢,STD 4 | STD 7 | STD 10+ | STD 12+,187,SUN,
Southern Cross,1088,DX,ゲーム＆バラエティ,DX 3 | DX 7 | DX 10+ | DX 13 | DX 13+,171,UNiVERSE,2021-09-22,否,southern cross|南方十字|特大|南十字星|全是交互|麦当劳1+1|南十字|南十字深深封印|噩梦之城|打交神曲|403|♂十字|守护南十字星|舞萌特大|🌟|1+1|一加一|打交|商场跑圈|舞立方体验票|星星保卫战|绕着商场跑一圈|鼓手模拟器|和ysk猜拳,1720,VARIETY,403,STD 3 | STD 7 | STD 11+ | STD 14+,171,VERSE,南十字
廻廻奇譚,1087,DX,POPS＆アニメ,DX 4 | DX 7 | DX 9+ | DX 11+ | DX 13,185,UNiVERSE,2021-09-16,否,廻廻奇譚|灰灰鸡蛋|廻廻奇谭|奇谭|回回奇谈|保龄球|🤞|咒术回战|🎳|咒术回战主题曲|轮回奇谭|回回奇谭,871,POPS & ANIME,Eve TVアニメ「呪術廻戦」第1クールオープニングテーマ,STD 3 | STD 6 | STD 9 | STD 12,178,,回回奇谭
グッバイ宣言,1085,DX,niconico＆ボーカロイド,DX 2 | DX 7 | DX 9+ | DX 12+,170,UNiVERSE,2021-09-16,否,"グッバイ宣言|扭手宣言|卡手宣言|886宣言|再见宣言|one,two|✌️👌|再会宣言|七濑玲奈",997,niconico,Chinozo,STD 3 | STD 5 | STD 9 | STD 12,170,CHUNITHM NEW,再见宣言
竹,1083,DX,ゲーム＆バラエティ,DX 5 | DX 8+ | DX 12 | DX 14,150,UNiVERSE,2021-09-16,否,竹|take|🎍|↑↓|ta↓ke↑|bamboo,1032,VARIETY,立秋 feat.ちょこ,STD 5 | STD 7+ | STD 13 | STD 14+,183,CHUNITHM NEW PLUS,屎|大便
テレキャスタービーボーイ,1080,DX,niconico＆ボーカロイド,DX 2 | DX 7 | DX 9+ | DX 11+ | DX 12+,182,UNiVERSE,2021-09-16,否,テレキャスタービーボーイ|电吉他说唱男孩|telecaster b-boy|♡|电吉他b男|比心|我爱你|tbb|电视广播员蜜蜂男孩|合体|bboy|telecaster b boy|pop子,998,niconico,すりぃ,STD 3 | STD 5 | STD 9+ | STD 12+,182,CHUNITHM NEW,telecaster|telecaster b-boy
NAGAREBOSHI☆ROCKET,1079,DX,maimai,DX 6 | DX 8 | DX 12 | DX 14,216,UNiVERSE,2021-09-16,否,nagareboshi☆rocket|流星火箭|火箭|那旮热博士|火箭猫猫|福瑞火箭|火箭福瑞|火箭猫|梅干茶渍|飞天兽太|小羊|像素猫猫,1615,ゲキマイ,梅干茶漬け,STD 3 | STD 6 | STD 12 | STD 14,216,LUMINOUS PLUS,
とびだせ！TO THE COSMIC!!,1076,DX,maimai,DX 4 | DX 8 | DX 12 | DX 13+,185,UNiVERSE,2021-09-16,否,とびだせ！to the cosmic!!|起飞|太空牛奶猫|とびだせ|女同13|とびだぜ|universe主题曲|新牛奶|飞向宇宙|缝合怪|牛奶3|牛奶2|宇宙牛奶|舞萌2023主题曲|压缩tpz|uni|uni主题曲|去宇宙|猫娘开飞船,1038,ゲキマイ,t+pazolite feat. しゃま(CV:種﨑 敦美) & みるく(CV:伊藤 あすか),STD 3 | STD 7 | STD 10 | STD 13+,185,CHUNITHM NEW PLUS,宇宙牛奶
脳天直撃,1075,DX,オンゲキ＆CHUNITHM,DX 5 | DX 8+ | DX 12+ | DX 14+,145,UNiVERSE,2021-09-16,否,脳天直撃|脑天直击|脑天直寄|头部受到打击|脑天|脑花|脑瘫直击|生鱼片蘸芥末|脑瘫至极,906,ゲキマイ,黒沢ダイスケ VS 穴山大輔,STD 4 | STD 9 | STD 13 | STD 15,145,CHUNITHM NEW,脑天|脑天直击|nt|脑瘫
宿星審判,1074,DX,オンゲキ＆CHUNITHM,DX 4 | DX 8 | DX 12 | DX 14,189,UNiVERSE,2021-07-30,否,宿星審判|审判|宿星|奏明天空|宿暗示|曹逸凡|星怒审判|雷电法王|竹雨|爱蜜莉雅|大慈树王|纳希坦|纳西妲|原神草神|宿星审判|宿,733,ORIGINAL,suzu,STD 4 | STD 9+ | STD 13+ | STD 15+,189,CRYSTAL PLUS,雅迪|宿星审判|宿
Splash Dance!!,1073,DX,オンゲキ＆CHUNITHM,DX 3 | DX 7 | DX 10 | DX 13,155,Splash PLUS,2021-09-03,否,splash dance!!|五个音击小女孩|爽舞|水花之舞|泳装2|splash dance|飞溅之舞,1158,ゲキマイ,曲：Q-MHz／歌：オンゲキシューターズ,STD 3 | STD 6 | STD 9+ | STD 12,155,CHUNITHM NEW PLUS,
MEGATON BLAST,1072,DX,オンゲキ＆CHUNITHM,DX 5 | DX 9 | DX 12+ | DX 14,194,Splash PLUS,2021-09-03,否,megaton blast|百万吨爆炸|华尔兹2|mb|威震天爆炸|早濑优香|高濑梨绪|mfy|核爆|百万吨爆|优香|体操服优香,628,ゲキマイ,BlackY vs. Yooh,STD 4 | STD 8 | STD 13 | STD 14+,194,CRYSTAL,百万爆|早濑优香|优香|体操服优香|百万吨爆炸|爆
BOUNCE & DANCE,1070,DX,オンゲキ＆CHUNITHM,DX 3 | DX 7+ | DX 10 | DX 13+,135,Splash PLUS,2021-09-03,否,bounce & dance|弹舞|弹力舞|又蹦又跳|小白兔|小星|弹跳|bounce＆dance|bounce dance,1724,ゲキマイ,IOSYS TRAX,STD 3 | STD 7 | STD 11 | STD 14+,135,VERSE,
トラフィック・ジャム,1068,DX,niconico＆ボーカロイド,DX 2 | DX 6 | DX 9+ | DX 12+,130,Splash PLUS,2021-08-20,否,トラフィック・ジャム|traffic jam|堵车|黄埔|交通堵塞|煮儿果实|黄谱|黄歌|交通阻塞|trafficjam|jam,1051,niconico,煮ル果実,STD 2 | STD 5 | STD 9+ | STD 13,130,CHUNITHM NEW PLUS,
蒼穹舞楽,1054,DX,maimai,DX 5 | DX 8 | DX 12+ | DX 13+,195,Splash PLUS,2021-05-28,否,蒼穹舞楽|妍酱|苍穹|斗破苍穹|菅穹舞乐|苍穹舞乐|神里绫人,1041,ゲキマイ,Capchii,STD 3 | STD 7 | STD 12+ | STD 14,195,CHUNITHM NEW PLUS,苍穹舞乐
トランスダンスアナーキー,1052,DX,東方Project,DX 4 | DX 7+ | DX 10+ | DX 13,195,Splash PLUS,2021-06-11,否,トランスダンスアナーキー|trance|尬舞姐妹|女同9|trance dance anarchy,523,東方Project,暁Records,STD 3 | STD 6 | STD 9 | STD 12+,195,AMAZON PLUS,trance dance anarchy
ハウリング,1051,DX,東方Project,DX 3 | DX 7 | DX 9+ | DX 13,184,Splash PLUS,2021-06-11,否,ハウリング|黄灵梦|黄|yellow|howling|嚎叫,1060,東方Project,Liz Triangle,STD 3 | STD 6 | STD 9 | STD 12,184,CHUNITHM NEW PLUS,
Melody！,1049,DX,東方Project,DX 3 | DX 6 | DX 9+ | DX 12,175,Splash PLUS,2021-06-11,否,melody！|旋律|melody|美乐蒂|东方绚彩歌|马老弟,361,東方Project,あ～るの～と（いえろ～ぜぶら）,STD 3 | STD 6 | STD 9 | STD 12,175,STAR,
星めぐり、果ての君へ。,1045,DX,maimai,DX 4 | DX 7+ | DX 10+ | DX 12+ | DX 13,175,Splash PLUS,2021-05-28,否,星めぐり、果ての君へ。|星果|星果君|星斗流转、赴你为终|星间巡游致尽头的你|🥺|星斗流转,1039,ゲキマイ,TAKU1175 ft.駄々子,STD 3 | STD 6 | STD 9 | STD 12+,175,CHUNITHM NEW PLUS,
ALiVE,1041,DX,ゲーム＆バラエティ,DX 3 | DX 7+ | DX 11 | DX 13,170,Splash PLUS,2021-05-14,否,alive|余华|嗷呜|活着|活,1432,POPS & ANIME,ClariS「リコリス・リコイル」,STD 3 | STD 6 | STD 9 | STD 12+,180,LUMINOUS,
ベースラインやってる？笑,1040,DX,ゲーム＆バラエティ,DX 2 | DX 7+ | DX 11 | DX 13,128,Splash PLUS,2021-05-14,否,ベースラインやってる？笑|lol|变态萝莉|bassline|什么什么笑|颜文字|女流氓|妹妹v50|痴女nanahira|学妹恰个v|女痴汉|笑|nanahira|舞时|妹妹恰个v|ななひら|要来段bassline吗？笑,851,VARIETY,かめりあ feat. ななひら,STD 3 | STD 5 | STD 10 | STD 14,128,PARADISE LOST,w|bassline|baseline
幽霊東京,1037,DX,niconico＆ボーカロイド,DX 1 | DX 6 | DX 8+ | DX 12,124,Splash PLUS,2021-04-28,否,幽霊東京|幽灵东京|诱0东京|杨陵东京|幽灵京东|幽灵线东京|汐子|东京|黑子|幽灵北京,958,niconico,Ayase,STD 2 | STD 5 | STD 8 | STD 11+,124,PARADISE LOST,幽灵东京
CO5M1C R4ILR0AD,1032,DX,ゲーム＆バラエティ,DX 4 | DX 8 | DX 11+ | DX 14,155,Splash PLUS,2021-04-16,否,co5m1c r4ilr0ad|514|⭐️奴|cosmic railroad|银河铁路|星怒铁道|宇宙铁路|水晶火车|银河铁道|星奴|火车头|星铁|宇宙铁道|星穹轨道|宇宙泥头车|railroad|雷切2|银河列车|五氧化碳|星穹铁道|崩坏星穹铁道|5140|铁路|co5,531,VARIETY,kanone,STD 3 | STD 7 | STD 11 | STD 14,155,AMAZON PLUS,小杯|星穹铁道|星铁|cosmic railroad
みなえをチェック！,1031,DX,オンゲキ＆CHUNITHM,DX 3 | DX 7+ | DX 10 | DX 13,178,Splash PLUS,2021-04-09,否,みなえをチェック！|美苗|口水歌|指挥棒|注目,623,イロドリミドリ,小野 美苗(CV:伊藤 美来),STD 3 | STD 6 | STD 9 | STD 13+,178,CRYSTAL,
単一指向性オーバーブルーム,1030,DX,オンゲキ＆CHUNITHM,DX 3 | DX 7 | DX 10 | DX 13 | DX 13+,158,Splash PLUS,2021-04-09,否,単一指向性オーバーブルーム|开花|单一指向性|单向性|单一|单一手癖性|大额头,613,イロドリミドリ,葛城 華(CV:丸岡 和佳奈),STD 3 | STD 5 | STD 9 | STD 12+,158,CRYSTAL,单一指向性
サヨナラフリーウェイ,1029,DX,オンゲキ＆CHUNITHM,DX 3 | DX 7+ | DX 9+ | DX 12+,170,Splash PLUS,2021-04-09,否,サヨナラフリーウェイ|再见|再见高速公路|抑郁症|我有抑郁症,509,イロドリミドリ,萩原 七々瀬(CV:東城 日沙子),STD 3 | STD 6 | STD 8 | STD 11+,170,AMAZON PLUS,
オーケー？　オーライ！,1028,DX,オンゲキ＆CHUNITHM,DX 3 | DX 7 | DX 9 | DX 12+,150,Splash PLUS,2021-04-09,否,オーケー？ オーライ！|ok|3q|ok all right|？！,474,イロドリミドリ,五十嵐 撫子(CV:花井 美春),STD 3 | STD 6 | STD 9 | STD 11+,150,AMAZON,
ハジマリノピアノ,1026,DX,オンゲキ＆CHUNITHM,DX 5 | DX 7+ | DX 10+ | DX 13+,190,Splash PLUS,2021-04-01,否,ハジマリノピアノ|大灵通|yyut|钢琴|哈吉玛丽弄钢琴|最初的钢琴,592,ORIGINAL,ゆゆうた,STD 3 | STD 6 | STD 10+ | STD 14,190,CRYSTAL,最初的钢琴
Sound Chimera,1025,DX,ゲーム＆バラエティ,DX 4 | DX 8 | DX 12 | DX 13+,190,Splash PLUS,2021-03-18,否,sound chimera|声音奇美拉|天使马杀鸡|小奇美拉|音奇美拉|奇美拉|奇美拉之声|himera|灵梦撒币plus,672,VARIETY,Laur,STD 4 | STD 9 | STD 11 | STD 14+,190,CRYSTAL PLUS,奇美拉
もぺもぺ,1024,DX,ゲーム＆バラエティ,DX 3 | DX 8 | DX 12+ | DX 13+,100,Splash PLUS,2021-03-18,否,もぺもぺ|恐怖小花|もペもペ|毛坯毛坯|恶心|小花|草|小花花|儿童金曲|早八早八|好船|小蓝花|闪光弹|小白船|毛八|儿童鞋垫|mope|毛八毛八|鞋垫|烟火大会|毛胚毛胚|宝宝金曲|电棍电棍|mopemope|儿歌|蓝花|四川变脸|儿童邪典,1334,VARIETY,LeaF,STD 2 | STD 5 | STD 12+ | STD 14,100,SUN PLUS,小花花|儿童鞋垫|儿童邪典|mopemope|儿童金曲|mope
Re：End of a Dream,1023,DX,ゲーム＆バラエティ,DX 6 | DX 8 | DX 12 | DX 14,212,Splash PLUS,2021-03-18,否,re：end of a dream|re:end of dream|梦终|美女背靠背|百合|幻梦|re|梦结束|梦的终点|完梦|终梦|俩女人|女同4|reend,1149,VARIETY,uma vs. モリモリあつし,STD 4 | STD 8 | STD 13 | STD 15,212,CHUNITHM NEW PLUS,终梦|reendofadream|end of a dream|re end
ロストワードクロニカル,1021,DX,東方Project,DX 4 | DX 7 | DX 10 | DX 13,184,Splash PLUS,2021-03-18,否,ロストワードクロニカル|东方归言录|lostword|归言录|lost word chronicle|东方号哭|lw|东方lostword|归言录编年史,939,東方Project,東方LostWord feat.いとうかなこ,STD 3 | STD 5 | STD 9+ | STD 13+,184,PARADISE LOST,
KING,1020,DX,niconico＆ボーカロイド,DX 3 | DX 6 | DX 9+ | DX 13,166,Splash PLUS,2021-03-18,否,king|汉堡王|👑|姐就是女王|无名指抠牙|剔牙|浮游生物|小夫|无名指扣牙|burger king|霸者|王|哈哈你是王,875,niconico,Kanaria,STD 3 | STD 5 | STD 9 | STD 12,166,CHUNITHM NEW,哈哈你是王
永遠にゲームで対戦したいキリタン,1019,DX,niconico＆ボーカロイド,DX 2 | DX 6 | DX 9 | DX 12+,126,Splash PLUS,2021-03-18,否,永遠にゲームで対戦したいキリタン|东北往事|切蒲英打电动|对战游戏|切蒲英|东北切蒲英|肝帝打不赢欧皇|猫耳|永远都想玩对战游戏的切蒲英|对战|永远|主播|永远对战|永远都想对战游戏,936,niconico,GYARI,STD 2 | STD 5 | STD 9+ | STD 12+,126,PARADISE LOST,切蒲英|永远对战
雨とペトラ,1018,DX,niconico＆ボーカロイド,DX 3 | DX 7 | DX 9 | DX 12,195,Splash PLUS,2021-03-18,否,雨とペトラ|雨伞|☂|雨|雨与佩特拉|雨和佩特拉|伞|佩特拉,520,niconico,バルーン,STD 3 | STD 5 | STD 9 | STD 12,195,AMAZON PLUS,雨与佩特拉
Paradisoda,1012,DX,maimai,DX 3 | DX 7 | DX 10+ | DX 13,135,Splash PLUS,2021-03-18,否,paradisoda|侧漏|苏打|天堂汽水|sp+主题曲|soda|天堂苏打|splashplus主题曲|splash+主题曲|苏打天堂|泳装乙姬|快乐水,1430,ゲキマイ,魂音泉,STD 2 | STD 5 | STD 9 | STD 12+,135,SUN PLUS,苏打
Desperado Waltz,1009,DX,オンゲキ＆CHUNITHM,DX 5 | DX 8 | DX 11+ | DX 14,172,Splash,2021-03-04,否,desperado waltz|华尔兹|第三只手|华二|安塞腰鼓|亡徒华尔兹|噔噔噔|打鼓的小女孩,1243,ゲキマイ,ぺのれり,STD 4 | STD 9+ | STD 13 | STD 14+,172,SUN,华尔兹|地雷
ポケットからぬりつぶせ！,1007,DX,オンゲキ＆CHUNITHM,DX 3 | DX 6 | DX 10 | DX 13,126,Splash,2021-03-04,否,ポケットからぬりつぶせ！|三小只|口袋涂鸦,1166,ゲキマイ,曲：中山真斗／歌：マーチングポケッツ [日向 千夏(CV：岡咲 美保)、柏木 美亜(CV：和氣 あず未)、東雲 つむぎ(CV：和泉 風花)],STD 2 | STD 5 | STD 10 | STD 11+,126,CHUNITHM NEW PLUS,
BIRTH,1006,DX,maimai,DX 3 | DX 7+ | DX 12+ | DX 14,176,Splash,2021-02-19,否,birth|出生,1829,ゲキマイ,llliiillliiilll,STD 3 | STD 7 | STD 13 | STD 14+,176,X-VERSE-X,
ワンダーシャッフェンの法則,1005,DX,maimai,DX 4 | DX 7+ | DX 10+ | DX 14,170,Splash,2021-02-19,否,ワンダーシャッフェンの法則|创造奇迹的法则|百合咲|炼铜法则|小萝莉法则|六翅一桶|小百合咲|小萝莉2|百合咲2|小扎萝莉|奇迹法则|萝莉棋法则|法则|萝莉法则,1429,ゲキマイ,アリスシャッハと魔法の楽団,STD 3 | STD 6 | STD 10 | STD 14,170,SUN PLUS,百合咲
Regulus,1004,DX,maimai,DX 5 | DX 8 | DX 12 | DX 14+,212,Splash,2021-02-20,否,regulus|大奈子罗兰|真空旗袍|热咕噜|雷古勒斯|大欧派姐姐|白法院鬼叫|狮子座α|大扎修女|大萝莉|八云蓝|白法院|大奶子|女萝莉|如龙4|奶子很大|天界大奶|轩辕十四|巨乳|瑞咕噜|ysk扭大腚|大奈子姐姐,1410,ゲキマイ,お月さま交響曲,STD 4 | STD 9+ | STD 11+ | STD 14,212,SUN PLUS,大扔子|巨乳|热咕噜|星锑
Sweet Requiem,1001,DX,東方Project,DX 4 | DX 7+ | DX 10+ | DX 13+,190,Splash,2021-02-05,否,sweet requiem|sr|镇魂曲|甜蜜镇魂曲|甜蜜安魂曲|灵梦转圈|塞钱|灵梦镇魂曲|红蓝灵梦|redandblue|甘美镇魂曲~永夜遐想,740,東方Project,REDALiCE & aran,STD 4 | STD 6 | STD 10+ | STD 14,190,CRYSTAL PLUS,红蓝灵梦
アスノヨゾラ哨戒班,997,DX,niconico＆ボーカロイド,DX 4 | DX 7 | DX 9 | DX 12+,185,Splash,2021-01-21,否,アスノヨゾラ哨戒班|哨戒班2|dx烧鸡班|哨戒班|烧鸡班|dx哨戒班|明日的夜空哨戒班|小哨戒班,139,niconico,Orangestar,STD 3 | STD 6 | STD 9+ | STD 12+ | STD 14,185,CHUNITHM PLUS,烧鸡班
Grievous Lady,995,DX,ゲーム＆バラエティ,DX 5 | DX 8 | DX 12 | DX 14,210,Splash,2021-01-08,否,grievous lady|老弱病残女|痛苦的女士|生病的女人|病女|对立|gl|有病的女士|对立拉窗帘|伞对立,530,VARIETY,Team Grimoire vs Laur「Arcaea」,STD 4 | STD 9 | STD 12 | STD 14+,210,AMAZON PLUS,病女|gl
Cyaegha,994,DX,ゲーム＆バラエティ,DX 4 | DX 7+ | DX 11 | DX 13+,200,Splash,2021-01-08,否,cyaegha|赛伊格亚|赛落图亚|完型填空|dabcabcaabcadbaa|绿魔王|塞伊格亚|咲弥|咲弥削吐司|完形填空|花绿青|古神语|赛洛图亚|dabcabcd,755,VARIETY,USAO「Arcaea」,STD 4 | STD 8 | STD 11 | STD 14,200,PARADISE,绿魔王|咲弥|老婆|塞伊格亚
Virtual to LIVE,991,DX,POPS＆アニメ,DX 3 | DX 6 | DX 8+ | DX 12 | DX 12+,156,Splash,2020-12-25,否,virtual to live|彩虹社|管人歌|彩虹社歌|管人痴|雨刷器|vtl|虚拟生活|雨刮器|上下反怒锤|虚拟到活|节拍器,954,POPS & ANIME,にじさんじ,STD 2 | STD 5 | STD 9+ | STD 11,156,CHUNITHM NEW,
Climax,990,DX,オンゲキ＆CHUNITHM,DX 4 | DX 8 | DX 12 | DX 14,190,Splash,2020-12-25,否,climax|犀利麦克斯|犀利马克思|妖艳魔男|squirt|我有很多手指|阿莱乌斯|🐍🐳|魔男|高潮|stop play maimai,501,ORIGINAL,USAO,STD 4 | STD 9+ | STD 13 | STD 15,190,AMAZON,香草|高潮|妖艳魔男|魔男
YURUSHITE,989,DX,オンゲキ＆CHUNITHM,DX 5 | DX 8+ | DX 12 | DX 14,270,Splash,2020-12-25,否,yurushite|逢坂茜|灼眼的夏娜|红酒杯|二郎腿|原谅我|犹如屎|黄鱼|犹如史|回娄底|萝莉喝酒|萨塔妮亚|萨塔妮娅|摇晃的红酒杯|红酒|杰斯顿|火神青春版|yuru****e|🍷|娄底人|匹诺康尼|原谅,556,ゲキマイ,t+pazolite,STD 4 | STD 9 | STD 13+ | STD 15,270,AMAZON PLUS,犹如史|逢坂茜|逢板茜|犹如屎|逢坂茜上桌|嬲你妈妈别|回娄底
ベノム,983,DX,niconico＆ボーカロイド,DX 4 | DX 6 | DX 9 | DX 12+,152,Splash,2020-11-27,否,ベノム|猛毒|达咩|咩|🙅|venom,765,niconico,かいりきベア,STD 3 | STD 6 | STD 9 | STD 12+,152,PARADISE,猛毒
レーイレーイ,982,DX,オンゲキ＆CHUNITHM,DX 4 | DX 7+ | DX 10 | DX 13 | DX 13+,188,Splash,2020-11-27,否,レーイレーイ|星野爱|荷珀|抓鬼|捉鬼|抓鬼星野爱|三色幽灵|幽灵|胡桃,593,ORIGINAL,かいりきベア feat.松下,STD 3 | STD 7 | STD 10+ | STD 13,188,CRYSTAL,
カラッポ・ノンフィクション,980,DX,ゲーム＆バラエティ,DX 3 | DX 7 | DX 10 | DX 13+,170,Splash,2020-11-13,否,カラッポ・ノンフィクション|创世纪|彩色纪实文学|空白的非虚构故事,980,VARIETY,Ino(chronoize) feat. 柳瀬マサキ,STD 3 | STD 6 | STD 9 | STD 13,170,CHUNITHM NEW,
デリヘル呼んだら君が来た,977,DX,niconico＆ボーカロイド,DX 3 | DX 7 | DX 10 | DX 13,190,Splash,2020-10-30,否,デリヘル呼んだら君が来た|粉毛|卡姿兰大眼睛|叫了应召女郎结果来的是你|呼君来|应召女郎,259,niconico,ナナホシ管弦楽団,STD 3 | STD 6 | STD 8+ | STD 13,190,AIR PLUS,应召女郎
絶対にチョコミントを食べるアオイチャン,976,DX,niconico＆ボーカロイド,DX 2 | DX 6 | DX 9+ | DX 12+,140,Splash,2020-10-30,否,絶対にチョコミントを食べるアオイチャン|必须要吃薄荷巧克力味冰淇淋的琴叶葵酱|chocomint ice|薄荷巧克力冰淇淋|薄荷巧克力|琴叶葵|冰淇淋|冰淇凌|绝对|巧克力冰淇淋|绝对食|超级小喵|巧克力薄荷冰淇淋|牙膏|琴叶,683,niconico,GYARI,STD 3 | STD 6 | STD 9 | STD 13+,140,CRYSTAL PLUS,琴叶葵
お願いマッスル,975,DX,POPS＆アニメ,DX 3 | DX 6 | DX 8+ | DX 12+,132,Splash,2020-10-30,否,,666,POPS & ANIME,紗倉ひびき（CV:ファイルーズあい）＆街雄鳴造（CV:石川界人）「ダンベル何キロ持てる？」,STD 2 | STD 5 | STD 8 | STD 12+,132,,
Mutation,974,DX,maimai,DX 5 | DX 8 | DX 12 | DX 14,155,Splash,2020-10-16,否,mutation|木他神|仁王|变种|变化|mocation|突变|变异|木忒行|木糖醇|mtt,1490,ゲキマイ,Laur,STD 4 | STD 9 | STD 12+ | STD 15,155,LUMINOUS,木糖醇|突变
Beautiful Future,973,DX,maimai,DX 4 | DX 8 | DX 10+ | DX 13+,172,Splash,2020-10-16,否,beautiful future|雷炎|美好未来|大好前程|无一物啊啊|美丽未来|美味|美好的未来,1531,ゲキマイ,PSYQUI,STD 3 | STD 7 | STD 11+ | STD 13+,172,LUMINOUS,
Komplexe,972,DX,maimai,DX 3 | DX 7+ | DX 11 | DX 13+,165,Splash,2020-10-16,否,komplexe|大黑姬|雄氏老方|kom|黑姬|黑姬唱歌|complex,1042,ゲキマイ,雄之助 feat. Sennzai,STD 3 | STD 6 | STD 10+ | STD 14,165,CHUNITHM NEW PLUS,黑姬|komplexe
"≠彡""/了→",970,DX,maimai,DX 5 | DX 9 | DX 12+ | DX 14,222,Splash,2020-10-01,否,"≠彡""/了→|绝赞熊|太空熊|机密a|宇宙迪拉熊|熊二|キミツアー|≠|kimitour|秘密计划A|三了|火箭熊|キミツア|绝赞天堂|星际传奇|→|心肺功能检查|不等于三引号斜杠了左箭头|立了|你跌来了|太空迪拉熊|你爹来咯",1632,ゲキマイ,水野健治,STD 4 | STD 7+ | STD 13 | STD 15,222,VERSE,你爹来了|太空熊
felys -final remix-,965,DX,ゲーム＆バラエティ,DX 4 | DX 7+ | DX 10+ | DX 14,180,Splash,2020-09-17,否,felys -final remix-|风流韵事|飞叶子|开花歌|felys|非礼死|风流原神|fely|飞雷神|凤梨酥|菲利斯|菲莉丝|核艺味,705,VARIETY,onoken,STD 4 | STD 7 | STD 12 | STD 14,180,CRYSTAL PLUS,凤梨酥
Jörqer,963,DX,maimai,DX 3 | DX 7 | DX 11+ | DX 13+,98,Splash,2020-09-17,否,jörqer|别急1.5|pvq|qer|猫头鹰|jorqer|joker|小金熊|周可儿|j歌,707,ORIGINAL,owl＊tree feat.yu＊tree,STD 3 | STD 6 | STD 10 | STD 13+,98,CRYSTAL PLUS,
BATTLE NO.1,962,DX,ゲーム＆バラエティ,DX 6 | DX 8 | DX 12 | DX 14,200,Splash,2020-09-17,否,battle no.1|战斗，爽！|一战|聚众斗殴|战地一|战地1|tanoc|好多人|阿莫阿莫|打胶第一名|战斗爽|第一战|缝合怪|干架第一名|第一名|音游难忘今宵|14个男人|打架第一|打架第一名,840,VARIETY,TANO*C Sound Team,STD 4 | STD 9+ | STD 12 | STD 14+,200,PARADISE LOST,打架第一名|战地一
悪戯センセーション,961,DX,東方Project,DX 4 | DX 7+ | DX 9+ | DX 12+,192,Splash,2020-09-17,否,悪戯センセーション|大小姐|二小姐|大妹|恶戏sensation|淘气感觉|恶戏,694,東方Project,森羅万象,STD 4 | STD 6 | STD 9+ | STD 13,192,CRYSTAL PLUS,
乙女解剖,960,DX,niconico＆ボーカロイド,DX 2 | DX 6 | DX 8+ | DX 12,134,Splash,2020-09-17,否,乙女解剖|解剖|乙女|紫璃|乙女姐婆,745,niconico,DECO*27,STD 2 | STD 5 | STD 8 | STD 11+,134,CRYSTAL PLUS,
アンクローズ・ヒューマン,959,DX,niconico＆ボーカロイド,DX 3 | DX 7 | DX 9+ | DX 13,178,Splash,2020-09-17,否,アンクローズ・ヒューマン|敬爱|玻璃心|unclosehuman|unclosed human|unclose human|里表情人2|永不落幕的人,764,niconico,作曲：カジャ　作詞：傘村トータ　編曲：ねじ式　調声：シリア,STD 3 | STD 6 | STD 9+ | STD 13+,178,PARADISE,unclose human
命に嫌われている,958,DX,niconico＆ボーカロイド,DX 3 | DX 7 | DX 10 | DX 12+,200,Splash,2020-09-17,否,命に嫌われている|命嫌|被生命所厌恶|被生命厌恶|嫌命短|超羽天狼星|被生命所厌恶着|核客男神|嫌命长,744,niconico,カンザキイオリ,STD 3 | STD 6 | STD 9 | STD 13,200,CRYSTAL PLUS,命嫌
宛城、炎上！！,957,DX,オンゲキ＆CHUNITHM,DX 5 | DX 8+ | DX 12 | DX 13+,175,Splash,2020-09-17,否,宛城、炎上！！|钠离子|宛城|赤赤|宛城炎上|炎上|enjo|enjou|大宇宙|a9,63,ORIGINAL,Cranky feat.おもしろ三国志,STD 5 | STD 9+ | STD 12+ | STD 15,175,CHUNITHM PLUS,四大天王|宛城炎上|炎上
popcorn,950,DX,オンゲキ＆CHUNITHM,DX 3 | DX 7 | DX 9 | DX 13,130,maimaiでらっくす PLUS,2020-09-04,否,popcorn|高松灯|企鹅警长|帝企哥|出警|企鹅物流|爆米花,397,ORIGINAL,happy machine,STD 2 | STD 6 | STD 9+ | STD 12,130,STAR PLUS,
はちみつアドベンチャー,949,DX,オンゲキ＆CHUNITHM,DX 4 | DX 7 | DX 10 | DX 12+,160,maimaiでらっくす PLUS,2020-09-04,否,はちみつアドベンチャー|蜂蜜冒险|はちみ|大小福瑞|蜂蜜adventure|蓝色侏儒小熊|小孩坐大车|熊妈妈|小孩开大车|哈基米,399,ORIGINAL,Yunomi feat.nicamoq,STD 3 | STD 5 | STD 9 | STD 12+,160,STAR PLUS,
CHOCOLATE BOMB!!!!,948,DX,オンゲキ＆CHUNITHM,DX 4 | DX 8 | DX 11+ | DX 13+,190,maimaiでらっくす PLUS,2020-09-04,否,chocolate bomb!!!!|cho爆炸|答辩2|巧克力炸弹|巧克力蚌埠|🍫💣|巧克力爆,400,ORIGINAL,YUC'e,STD 3 | STD 7 | STD 10+ | STD 14,190,STAR PLUS,
Witches night,945,DX,東方Project,DX 3 | DX 6 | DX 9 | DX 12+,154,maimaiでらっくす PLUS,2020-08-21,否,witches night|恋恋|东方紫发女|古明地恋|魔女的夜|魔女之夜,266,東方Project,Liz Triangle,STD 3 | STD 6 | STD 8 | STD 12,154,AIR PLUS,
全力ハッピーライフ,943,DX,東方Project,DX 4 | DX 7 | DX 10 | DX 12+,190,maimaiでらっくす PLUS,2020-08-21,否,全力ハッピーライフ|全力|全力幸福生活|全力哈皮|全力happylife|吉他女神2|铃仙|全力幸福|🐰👋|兔女郎鱼尾,941,東方Project,森羅万象,STD 3 | STD 6 | STD 9+ | STD 13,190,PARADISE LOST,
封焔の135秒,942,DX,maimai,DX 5 | DX 8+ | DX 12+ | DX 14+,200,maimaiでらっくす PLUS,2020-08-07,否,封焔の135秒|激烈的战斗场面|封焰的135秒|大战老头|封焰的135|封焰135|老头大战少女|135|橘优羽|封烟|封焰的2分15秒|封焰|135秒|美国大选|间奏の135秒|琴柳大战赫拉格|机厅着火|夏天的机厅,907,ゲキマイ,大国奏音,STD 4 | STD 8 | STD 13+ | STD 15,200,CHUNITHM NEW,封焰|135|激烈的打架场景
GRÄNDIR,941,DX,maimai,DX 4 | DX 7+ | DX 11 | DX 13+,170,maimaiでらっくす PLUS,2020-08-07,否,grändir|德文|瓜点|gr|grandir|甘地,1251,ゲキマイ,Rigel Theatre feat. ミーウェル,STD 3 | STD 6 | STD 10+ | STD 13+,170,SUN,
Catch the Wave,931,DX,niconico＆ボーカロイド,DX 3 | DX 6 | DX 9+ | DX 12,153,maimaiでらっくす PLUS,2020-06-26,否,catch the wave|10|抓波浪|歌姬计划|抓浪|ctw|👆🏻👌🏻|抓波,670,niconico,livetune,STD 2 | STD 6 | STD 9 | STD 12,153,CRYSTAL PLUS,
CHAOS,928,DX,ゲーム＆バラエティ,DX 5 | DX 7+ | DX 11+ | DX 13+,150,maimaiでらっくす PLUS,2020-06-11,否,,893,VARIETY,Æsir「Cytus Ⅱ」,STD 2 | STD 7 | STD 10 | STD 13+,150,CHUNITHM NEW,超死|傻逼|大粪|屎|粪便|超市
KILLER B,920,DX,niconico＆ボーカロイド,DX 3 | DX 6 | DX 10 | DX 12+,130,maimaiでらっくす PLUS,2020-03-06,否,killer b|王女|杀人蜂|杀手b|果然敌人|杀b,701,niconico,梅とら「#コンパス」,STD 2 | STD 5 | STD 10 | STD 13+,130,CRYSTAL PLUS,杀B
グラーヴェ,919,DX,niconico＆ボーカロイド,DX 3 | DX 7 | DX 9+ | DX 12+,185,maimaiでらっくす PLUS,2020-03-06,否,グラーヴェ|hello|grave|嘟嘟嘟,389,niconico,niki「#コンパス」,STD 2 | STD 5 | STD 9 | STD 12,185,STAR PLUS,grave
バイオレンストリガー,918,DX,niconico＆ボーカロイド,DX 5 | DX 7+ | DX 10 | DX 13,196,maimaiでらっくす PLUS,2020-03-06,否,バイオレンストリガー|jerry|危险扳机|暴力扳机|陶大冲|扳机|暴力板机|暴力拆机|杰瑞|megumegu,700,niconico,八王子P「#コンパス」,STD 3 | STD 6 | STD 10+ | STD 13,196,CRYSTAL PLUS,暴力扳机
クレイジー・ビート,917,DX,niconico＆ボーカロイド,DX 3 | DX 6 | DX 9+ | DX 12+,130,maimaiでらっくす PLUS,2020-03-06,否,クレイジー・ビート|crazybeats|狂热节拍|狂乱节拍|双人蹦迪|crazybeat|crazy beat|致命节奏|疯狂节拍,704,niconico,さつき が てんこもり「#コンパス」,STD 2 | STD 5 | STD 10 | STD 12+,130,CRYSTAL PLUS,crazy beat
タテマエと本心の大乱闘,916,DX,オンゲキ＆CHUNITHM,DX 5 | DX 7+ | DX 10 | DX 12+,180,maimaiでらっくす PLUS,2020-02-20,否,タテマエと本心の大乱闘|本心大乱斗|本心|场面话与真心的大乱斗|大乱斗,659,ゲキマイ,曲：鯨井国家／歌：藍原 椿(CV：橋本 ちなみ),STD 3 | STD 6 | STD 9 | STD 12,180,CRYSTAL,大乱斗|椿批金曲|蓝原椿
UTAKATA,915,DX,オンゲキ＆CHUNITHM,DX 4 | DX 7 | DX 9 | DX 12+,185,maimaiでらっくす PLUS,2020-02-20,否,utakata|亚索|拔刀|泡沫|维吉尔,963,ゲキマイ,曲：ゆよゆっぺ／歌：九條 楓(CV：佳村 はるか),STD 3 | STD 5 | STD 9 | STD 12+,185,CHUNITHM NEW,
最強 the サマータイム!!!!!,914,DX,オンゲキ＆CHUNITHM,DX 4 | DX 7 | DX 9+ | DX 12+,178,maimaiでらっくす PLUS,2020-02-20,否,最強 the サマータイム!!!!!|泳装|最强,933,ゲキマイ,曲：村カワ基成／歌：オンゲキシューターズ,STD 3 | STD 6 | STD 9+ | STD 12+,178,PARADISE LOST,
Valsqotch,913,DX,maimai,DX 6 | DX 8+ | DX 13 | DX 14+,125,maimaiでらっくす PLUS,2020-02-14,否,valsqotch|征服|do_while|金色奶龙|别急7|kop1|迪拜熊|大金熊|熊大|熊熊|金库玛|银币|金色滴蜡熊|金熊|黄金滴蜡熊|世界华尔兹|金夏阳|黄金熊|黄金迪拉熊|金色迪拉熊|金迪拉熊|金熊惨案|ysk痛失首赢|kop2019决赛曲,1012,ゲキマイ,owl＊tree feat.chi＊tree,STD 5 | STD 8+ | STD 13+ | STD 14+,125,CHUNITHM NEW PLUS,金熊
Black Lair,909,DX,ゲーム＆バラエティ,DX 5 | DX 8 | DX 11 | DX 13+,150,maimaiでらっくす PLUS,2020-01-23,否,black lair|黑巢|bl|公主斗恶龙,473,VARIETY,削除 feat. void (Mournfinale),STD 2 | STD 6 | STD 9 | STD 13+,150,AMAZON,黑骗子
アンドロイドガール,905,DX,niconico＆ボーカロイド,DX 4 | DX 7+ | DX 10 | DX 12+,192,maimaiでらっくす PLUS,2020-01-23,否,アンドロイドガール|安卓少女|仿生少女|安卓女|琪亚娜|安卓女孩|androidgirl,822,niconico,DECO*27,STD 3 | STD 6 | STD 10 | STD 13+,192,PARADISE LOST,安卓少女
だから僕は音楽を辞めた,903,DX,POPS＆アニメ,DX 2 | DX 6 | DX 8+ | DX 12+,150,maimaiでらっくす PLUS,2020-01-23,否,だから僕は音楽を辞めた|团长|エイミー|放弃音乐|于是我放弃了音乐|所以我放弃了音乐|奥尔加|仆音乐辞|音辞|音乐辞,760,POPS & ANIME,ヨルシカ,STD 2 | STD 5 | STD 7+ | STD 11+,125,PARADISE,
ヤミツキ,901,DX,maimai,DX 4 | DX 7 | DX 10 | DX 12+,208,maimaiでらっくす PLUS,2020-01-23,否,ヤミツキ|痴迷,1017,ゲキマイ,MARETU,STD 2 | STD 5 | STD 10 | STD 13,208,CHUNITHM NEW,
モ°ルモ°ル,900,DX,maimai,DX 6 | DX 8 | DX 12 | DX 13+,176,maimaiでらっくす PLUS,2020-01-23,否,モ°ルモ°ル|morumoru|毛儿|么么|蹦蹦炸弹|毛儿毛儿|毛肚儿毛肚儿|摸了摸了|モルモル,1040,ゲキマイ,sasakure. UK,STD 4 | STD 7+ | STD 13 | STD 14,256,CHUNITHM NEW PLUS,毛儿毛儿|毛儿
ここからはじまるプロローグ。,898,DX,maimai,DX 4 | DX 7+ | DX 10+ | DX 13,182,maimaiでらっくす PLUS,2020-01-23,否,ここからはじまるプロローグ。|从此开始的序章|从现在开始的序曲|小狐狸|福瑞举剑|prologue|小生煎|口口一夕|兽太|福瑞小英雄|猫圣剑|电子福瑞|由此开始的序章|序章|福瑞控|小圣剑|小福瑞|像素福瑞|像素圣剑|圣剑0|prologue starting|福瑞勇者|狐狸剑|松鼠|序言|福瑞救老婆|小福瑞找对象|从这里开始的序章,837,ゲキマイ,ああああ,STD 2 | STD 5 | STD 10 | STD 13+,182,PARADISE LOST,
Bad Apple!! feat.nomico (REDALiCE Remix),896,DX,東方Project,DX 3 | DX 7 | DX 10 | DX 12+,170,maimaiでらっくす PLUS,2020-01-23,否,bad apple!! feat.nomico (redalice remix)|小红的烂苹果|badappleremix|dx坏苹果|坏苹果3|红苹果|烂苹果remix|🍎|坏苹果remix|烂苹果3|小红坏苹果|坏苹果蹦迪版|烂苹果,886,東方Project,Masayoshi Minoshima × REDALiCE,STD 3 | STD 6 | STD 9+ | STD 12+,170,CHUNITHM NEW,
立川浄穢捕物帳,894,DX,オンゲキ＆CHUNITHM,DX 4 | DX 7+ | DX 11 | DX 13+,210,maimaiでらっくす,2020-01-10,否,立川浄穢捕物帳|青岛侦探事务所|青岛市公安局|立川净秽捕物帐|立川|捕物帐,302,ORIGINAL,青島探偵事務所器楽捜査部B担,STD 3 | STD 6 | STD 9+ | STD 14,210,STAR,立川净秽捕物帐
BOKUTO,893,DX,オンゲキ＆CHUNITHM,DX 4 | DX 7 | DX 11 | DX 13,188,maimaiでらっくす,2020-01-10,否,bokuto|→↓→↓→↓→↓|破裤头|剥裤头|波裤头,172,ORIGINAL,じーざすP feat.kradness,STD 3 | STD 7+ | STD 10 | STD 14,188,AIR,破裤头|剥裤头
幾望の月,892,DX,niconico＆ボーカロイド,DX 4 | DX 7+ | DX 10+ | DX 12+,276,maimaiでらっくす,2019-12-20,否,幾望の月|几望月|几望|几望之月|望月|几望的月,604,niconico,なきゃむりゃ,STD 2 | STD 6 | STD 10 | STD 13+ | STD 14,138,CRYSTAL,几望之月
サヨナラチェーンソー,891,DX,niconico＆ボーカロイド,DX 4 | DX 6 | DX 9+ | DX 12,154,maimaiでらっくす,2019-12-20,否,サヨナラチェーンソー|再见电锯|电锯缘兔|电锯人|电锯,516,niconico,くらげP,STD 2 | STD 5 | STD 8 | STD 11+,154,AMAZON PLUS,再见了电锯
アポカリプスに反逆の焔を焚べろ,890,DX,maimai,DX 7 | DX 8 | DX 12 | DX 14,222,maimaiでらっくす,2019-12-13,否,アポカリプスに反逆の焔を焚べろ|于启示录上燃烧的叛逆火焰|反逆|apocalypse rebellious|在启示录上点燃叛逆的火焰|反逆焰,860,ゲキマイ,cosMo＠暴走AlterEgo,STD 4 | STD 8 | STD 13+ | STD 15,222,PARADISE LOST,反逆焰|800块|八百块钱
TEmPTaTiON,889,DX,maimai,DX 6 | DX 8 | DX 12+ | DX 14+,160,maimaiでらっくす,2019-12-13,否,temptation|小萝莉|百合咲|dy|小天使|塔铺忒深|引诱|mika|轻语|肯德基六翅桶|诱惑|百合咲低语|小萝莉的诱惑|百合咲mika|小萝莉耳语,1207,ゲキマイ,かねこちはる,STD 4 | STD 8 | STD 13+ | STD 15,160,SUN,诱惑|百合咲|肘击百合咲|temptation|man|曼巴|temp
太陽系デスコ,886,DX,niconico＆ボーカロイド,DX 4 | DX 6 | DX 9+ | DX 12,150,maimaiでらっくす,2019-11-29,否,太陽系デスコ|太阳系disco|👇🏻😐👆🏻👇🏻😐👆🏻|太阳系|太田顺也,608,niconico,ナユタン星人,STD 2 | STD 5 | STD 8 | STD 11,150,CRYSTAL,太阳系迪斯科
管弦楽組曲 第3番 ニ長調「第2曲（G線上のアリア）」BWV.1068-2,884,DX,オンゲキ＆CHUNITHM,DX 5 | DX 7+ | DX 10 | DX 13+,180,maimaiでらっくす,2019-11-15,否,管弦楽組曲 第3番 ニ長調「第2曲（g線上のアリア）」bwv.1068-2|g弦上的咏叹调|二长调|妹妹拉小提琴|小女孩齐打交|管弦乐|管弦乐组曲|g弦,423,イロドリミドリ,月鈴 那知（ヴァイオリン） 伴奏：イロドリミドリ,STD 3 | STD 7 | STD 12 | STD 14+,180,STAR PLUS,地雷|二长调|管弦乐组曲
Agitation！,883,DX,オンゲキ＆CHUNITHM,DX 5 | DX 7 | DX 10 | DX 12,163,maimaiでらっくす,2019-11-15,否,agitation！|agi|gbc|吉他姐2,548,イロドリミドリ,舞ヶ原高校軽音部,STD 3 | STD 5 | STD 9 | STD 11,163,AMAZON PLUS,
Yakumo >>JOINT STRUGGLE (2019 Update),881,DX,東方Project,DX 4 | DX 7+ | DX 11 | DX 13+,187,maimaiでらっくす,2019-11-01,否,yakumo >>joint struggle (2019 update)|2019|八云一家|八云紫|压裤摸|八云|yakumo,940,東方Project,くっちー (DARKSIDE APPROACH),STD 3 | STD 7 | STD 11 | STD 14+,187,PARADISE LOST,八云|八雲
"Little ""Sister"" Bitch",880,DX,東方Project,DX 4 | DX 7+ | DX 11 | DX 13+,185,maimaiでらっくす,2019-11-01,否,"little ""sister"" bitch|小妹妹臭婊子|bitch|lsb|婊子|小婊子|小婊妹|小sb|碧池",888,東方Project,t+pazolite,STD 4 | STD 6 | STD 9+ | STD 13+,185,CHUNITHM NEW,小标志|小姐姐
Titania,879,DX,オンゲキ＆CHUNITHM,DX 6 | DX 8 | DX 12 | DX 14+,212,maimaiでらっくす,2019-10-24,否,titania|踢他奶|蓝毛萝莉|体坛|江江|江江比✌️|qqn比耶|天卫三|tinan|双色球|缇坦妮娅|踢他娘|✌|泰坦尼亚|江江比耶|✌🏻|✌️|☁🐼✌|蓝毛小萝莉|二氧化钛|踢她娘,1018,ゲキマイ,xi,STD 5 | STD 8 | STD 13+ | STD 14+,212,CHUNITHM NEW PLUS,江江|江江比耶|泰坦尼亚|有栖|踢他娘
玩具狂奏曲 -終焉-,878,DX,オンゲキ＆CHUNITHM,DX 5 | DX 8 | DX 13 | DX 13+,130,maimaiでらっくす,2019-10-24,否,玩具狂奏曲 -終焉-|玩具|玩具狂奏曲|别急23|第五人格|玩具狂奏曲-终焉-,146,ORIGINAL,きくお,STD 5 | STD 9 | STD 13+ | STD 15,130,AIR,玩具|玩具狂奏曲|出生狂奏曲
福宿音屋魂音泉,876,DX,maimai,DX 4 | DX 7 | DX 10+ | DX 13,162,maimaiでらっくす,2019-10-18,否,福宿音屋魂音泉|魂音泉|福州温泉|福州男同|敬业福,838,ゲキマイ,魂音泉,STD 3 | STD 6 | STD 10 | STD 12+,162,PARADISE LOST,
アマツキツネ,872,DX,niconico＆ボーカロイド,DX 2 | DX 7 | DX 9 | DX 11+,190,maimaiでらっくす,2019-09-20,否,アマツキツネ|天狗|兰立忠|👍😁👍|刻俄柏|天狐,314,niconico,まらしぃ,STD 3 | STD 6 | STD 9 | STD 11+,190,STAR,天狐
星屑ユートピア,871,DX,niconico＆ボーカロイド,DX 3 | DX 7 | DX 10+ | DX 12+,240,maimaiでらっくす,2019-09-20,否,星屑ユートピア|星屑乌托邦|星屑,142,niconico,otetsu,STD 3 | STD 6 | STD 9+ | STD 11+,240,CHUNITHM PLUS,星屑
骸骨楽団とリリア,870,DX,niconico＆ボーカロイド,DX 3 | DX 7+ | DX 11 | DX 13,260,maimaiでらっくす,2019-09-20,否,骸骨楽団とリリア|👉🏻😕👈🏻|骸骨|莉莉亚|骸骨乐团|骸骨乐团与莉莉亚|腿子,881,niconico,トーマ,STD 2 | STD 6 | STD 10 | STD 12+ | STD 14+,260,CHUNITHM NEW,骸骨乐团
デンパラダイム,869,DX,niconico＆ボーカロイド,DX 3 | DX 7+ | DX 11+ | DX 13,220,maimaiでらっくす,2019-09-20,否,デンパラダイム|denparadigm|木棍入侵正方形他家|电波|传送带|电波范式,567,niconico,lumo,STD 4 | STD 7 | STD 10+ | STD 14,220,AMAZON PLUS,电波模范
だれかの心臓になれたなら,866,DX,niconico＆ボーカロイド,DX 3 | DX 6 | DX 9 | DX 11+,145,maimaiでらっくす,2019-08-22,否,だれかの心臓になれたなら|如果能成为谁的心脏的话|如果能成为谁的心脏|心脏,684,niconico,ユリイ・カノン,STD 2 | STD 6 | STD 8+ | STD 12+,145,CRYSTAL PLUS,想要成为谁的心脏
グリーンライツ・セレナーデ,865,DX,niconico＆ボーカロイド,DX 3 | DX 7 | DX 10 | DX 12+,200,maimaiでらっくす,2019-08-22,否,グリーンライツ・セレナーデ|魔法未来2018|绿光|绿光小夜曲|墨芷,714,niconico,Omoi,STD 3 | STD 6 | STD 9 | STD 13+,200,CRYSTAL PLUS,绿灯小夜曲|绿灯|绿光小夜曲
METEOR,864,DX,niconico＆ボーカロイド,DX 3 | DX 7 | DX 9 | DX 12,170,maimaiでらっくす,2019-08-22,否,meteor|流星|陨石,552,niconico,DIVELA,STD 3 | STD 5 | STD 9+ | STD 11+,170,AMAZON PLUS,
Blows Up Everything,863,DX,maimai,DX 5 | DX 9 | DX 11+ | DX 13+ | DX 14,215,maimaiでらっくす,2019-08-09,否,blows up everything|爆|6级白谱|吹|吹爆|bue|吹爆一切|拆爆|嘿嘿歌|吹吹爆|全都可以炸完！,994,ゲキマイ,USAO,STD 4 | STD 8+ | STD 13+ | STD 14,215,CHUNITHM NEW,吹爆
Jump!! Jump!! Jump!!,859,DX,オンゲキ＆CHUNITHM,DX 3 | DX 7 | DX 9 | DX 12,183,maimaiでらっくす,2019-07-26,否,jump!! jump!! jump!!|跳跳跳|jump|芳文跳|跳三下|元气少女蹦蹦蹦|三蹦子,1528,ゲキマイ,曲：宮崎誠／歌：オンゲキシューターズ,STD 3 | STD 6 | STD 9 | STD 12+,183,LUMINOUS,跳跳跳
アカリがやってきたぞっ,858,DX,niconico＆ボーカロイド,DX 3 | DX 6 | DX 10 | DX 12+,136,maimaiでらっくす,2019-07-26,否,アカリがやってきたぞっ|来了哦|akari|来了哟|阿卡莉|绁星灯|akari来了哦|来了|阿卡丽|小灯,605,niconico,GYARI,STD 2 | STD 5 | STD 8 | STD 13,136,CRYSTAL,绁星灯|akari来了哦
STARTLINER,857,DX,オンゲキ＆CHUNITHM,DX 2 | DX 6 | DX 9 | DX 11+ | DX 12,135,maimaiでらっくす,2019-07-26,否,startliner|音击|キミト|内鬼|きみと|君と|wifi满格,569,ゲキマイ,曲：kz(livetune)／歌：オンゲキシューターズ,STD 1 | STD 5 | STD 7+ | STD 10,135,AMAZON PLUS,起跑线
イカサマライフゲイム,856,DX,niconico＆ボーカロイド,DX 4 | DX 7+ | DX 10+ | DX 12+,200,maimaiでらっくす,2019-07-19,否,イカサマライフゲイム|预言小丑|人生游戏|lifegame|虚伪人生游戏|骗人的人生游戏|骗人的lifegame|作弊生存游戏|骗人的生命游戏,78,niconico,kemu,STD 3 | STD 6 | STD 9+ | STD 12+ | STD 14,200,CHUNITHM,骗人的life game
ナイト・オブ・ナイツ (Cranky Remix),854,DX,東方Project,DX 4 | DX 7 | DX 10 | DX 13,180,maimaiでらっくす,2019-07-11,否,ナイト・オブ・ナイツ (cranky remix)|nok2|夜骑|咲夜|夜骑remix|盗版夜骑|夜骑2|cranky夜骑|night of knights|dx夜骑|cranky也要当夜骑|十六夜咲夜|nok|remix夜骑,460,東方Project,ビートまりお × Cranky,STD 3 | STD 6 | STD 10 | STD 14,180,AMAZON,cranky夜骑|夜骑
メルティランドナイトメア,852,DX,niconico＆ボーカロイド,DX 2 | DX 6 | DX 8+ | DX 11+,140,maimaiでらっくす,2019-07-11,否,メルティランドナイトメア|春卷饭|可爱歌|melty|meltyland|梦魇|小粉|melty land nightmare|原子能酸菜,682,niconico,はるまきごはん,STD 2 | STD 6 | STD 8+ | STD 11,140,CRYSTAL PLUS,melty land nightmare
メルト,851,DX,niconico＆ボーカロイド,DX 3 | DX 6 | DX 8+ | DX 11+,170,maimaiでらっくす,2019-07-11,否,メルト|简笔画|melt|融化|熔化|x儿卜|叉儿卜,199,niconico,supercell,STD 2 | STD 5 | STD 8 | STD 11,170,AMAZON PLUS,melt|溶解
超常マイマイン,847,DX,maimai,DX 3 | DX 7 | DX 10 | DX 12+ | DX 13+,178,maimaiでらっくす,2019-07-11,否,超常マイマイン|咕噜咕噜|超常滴蜡熊|超常|大逼圈入门曲|超常maimai|旋转迪拉熊,1318,ゲキマイ,ナユタン星人,STD 3 | STD 5 | STD 10 | STD 12,178,SUN,超常maimai
MAXRAGE,844,DX,maimai,DX 5 | DX 7+ | DX 11 | DX 13+ | DX 14,222,maimaiでらっくす,2019-07-11,否,maxrage|暴怒|红按钮|极怒|😡|超雄|绝赞交互|迪卢克按按钮|樱雨|红温|迪卢克|满怒|超级生气|好生气|良怒2|红色重启|迪卢克按地雷|核按钮|巨他妈生气|小七|很生气|极限红温|气炸了|迪卢克按炸弹|气炸|狂怒|急怒|续标识|麻油按按钮,1320,ゲキマイ,EBIMAYO ,STD 4 | STD 9 | STD 12 | STD 14,222,SUN,满怒|极怒
Secret Sleuth,842,DX,maimai,DX 2 | DX 7 | DX 10+ | DX 13 | DX 13+,288,maimaiでらっくす,2019-07-11,否,secret sleuth|ss|兔爷快乐歌|言叶2|秘密侦探|咪咪蒸蛋,675,ゲキマイ,島爺×蜂屋ななし,STD 2 | STD 6 | STD 10+ | STD 13+,288,CRYSTAL PLUS,
BLACK ROSE,841,DX,maimai,DX 2 | DX 6 | DX 9+ | DX 12,145,maimaiでらっくす,2019-07-11,否,black rose|黑玫瑰|迪卢克|黑肉丝,839,ゲキマイ,S!N・+α/あるふぁきゅん。×ALI PROJECT,STD 2 | STD 5 | STD 9+ | STD 12,145,PARADISE LOST,
PANDORA PARADOXXX,839,STD,maimai,STD 7+ | STD 11 | STD 13+ | STD 14+ | STD 15,150,FiNALE,2019-05-10,否,pandora paradoxxx|潘多拉|最水15|天苍苍野茫茫|天苍苍野茫茫风吹草低见牛羊|kop5决赛二号曲|随个15|潘|今日舞萌|kop5官方严选|100日元|天苍苍，野茫茫，风吹草低见牛羊|新手教程|噔噔|很急|推荐乐曲排行榜|舞状元|原神|水15|潘多拉悖论|xxx|pp|特朗普和黄仁勋拼机|我有玉玉症|天苍苍|潘多拉魔盒|我有抑郁症|15级吃分推荐榜1|最简单15|盘,1895,ゲキマイ,削除,STD 6 | STD 11+ | STD 14+ | STD 15+,150,X-VERSE-X,
the EmpErroR,838,STD,maimai,STD 5 | STD 10+ | STD 13 | STD 14+ | STD 14+,240,FiNALE,2019-05-10,否,the emperror|↗️↘️↗️|钢琴冒烟的艺术家|皇帝|两小儿跳棋|农夫山泉|emperror|跳棋|👫|跳一跳|vinta|siesta|东海帝皇|俩跳棋|电子脉冲错误|西瓜皮|nenene|爱神|怡宝和农夫山泉|锅盖头跳棋|电磁脉冲错误|皇|农夫山泉和怡宝|刘禹锡|the emperor|刘禹锡三年理白帝|我的苦爱,813,ゲキマイ,sasakure.UK,STD 5 | STD 7+ | STD 13 | STD 14+,240,CHUNITHM NEW,皇帝|emperor|the emperor|jmt
雷切-RAIKIRI-,837,STD,maimai,STD 7 | STD 9 | STD 12+ | STD 14+ | STD 14+,165,FiNALE,2019-04-11,否,雷切-raikiri-|噔噔噔噔|两把刀|影刃|纯粹的强大|地雷女切手手|梦想一心|雷切|你们怎么解读出我和他切割的,1335,ゲキマイ,kanone,STD 3 | STD 9 | STD 12+ | STD 14+,165,SUN PLUS,雷切
Alea jacta est!,835,STD,maimai,STD 7 | STD 9+ | STD 12+ | STD 14 | STD 14+,162,FiNALE,2019-02-07,否,alea jacta est!|魂5|avemujica|黑人击剑|🤺|木已成舟|骰子已经掷下|宝可梦剑盾|aj|农具打架|求求你们不要再打啦|科比肘击詹姆斯|骰子已被掷下|孤注一掷|击剑|2025春晚|种植园纷争|黑人打架|aje|打架|种植园纠纷|黑人打胶|🗿|白人打架|种植园争端|你们不要再打辣|覆水难收|破釜沉舟,767,ゲキマイ,BlackY fused with WAiKURO,STD 3 | STD 8 | STD 13 | STD 14+,162,PARADISE,黑人|黑人打架|击剑
QZKago Requiem,833,STD,maimai,STD 7 | STD 10+ | STD 13 | STD 14+ | STD 14+,257,FiNALE,2018-12-18,否,qzkago requiem|茄子|巧克力大战香子兰|🍆|嵯峨大战凯尔希|茄子卡狗|猫中毒|哪吒大战敖丙|两只猫打架|茄|凯尔希大战嵯峨|白毛貓耳樣の敗北|猫猫打架|毒牛奶|猫咪打架|猫娘打架|假奶害死猫|安魂曲|羊村守护者11|w4喜羊羊对战彩框喜羊羊|喜洋洋与灰太狼|🍆💳🐶|喜羊羊vs暗黑喜羊羊|毒牛奶害人不浅|垃圾桶安魂曲|茄皇|mr为什么能自选两首|fantastic clear!|qz,1160,ゲキマイ,t+pazolite,STD 5 | STD 8+ | STD 13+ | STD 15,257,CHUNITHM NEW PLUS,茄子|🍆💳🐶|qz|🍆|雅迪|茄子卡狗|黑猫打白猫|gdp2|毒牛奶|巧克力大战香子兰|铃芽之旅|猫打架|牛奶2|对立大战光光|猫中毒
End Time,832,STD,ゲーム＆バラエティ,STD 5 | STD 9 | STD 12+ | STD 14+,180,FiNALE,2019-06-07,否,end time|endtime|et|终时|伊岛|终焉时刻|最后的老时|终章|结束啦|终焉之时|终末之时,434,VARIETY,Cres.,STD 3 | STD 8 | STD 13+ | STD 15,180,AMAZON,雅迪|et
Imperishable Night 2006 (2016 Refine),829,STD,東方Project,STD 5 | STD 8+ | STD 12 | STD 13+,161,FiNALE,2019-05-24,否,imperishable night 2006 (2016 refine)|灵梦玩火|永夜抄2006|2006|2016|永夜抄,227,東方Project,ゆうゆ / 篠螺悠那,STD 4 | STD 7+ | STD 11+ | STD 14+,161,AIR,2006
最終鬼畜妹フランドール・S,827,STD,東方Project,STD 4 | STD 7+ | STD 11 | STD 12 | STD 13+,200,FiNALE,2019-05-24,否,最終鬼畜妹フランドール・s|二小姐|蓝蓝路|最终鬼畜妹|鬼畜妹|二妹|最终鬼畜妹s|最终鬼畜妹芙兰朵露,584,東方Project,ビートまりお(COOL＆CREATE),STD 4 | STD 7 | STD 10+ | STD 14 | STD 14+,200,CRYSTAL,最终鬼畜妹|鬼畜妹
Altale,826,STD,ゲーム＆バラエティ,STD 4 | STD 8 | STD 12 | STD 13+,90,FiNALE,2019-05-10,否,altale|tga年度最佳|开心的小曲儿|别急2|阿泰尔|机器人|削除的电线|你先别急|机器人钓鱼|电线|漏电电线|天线,87,VARIETY,削除,STD 3 | STD 5 | STD 9+ | STD 13+,90,CHUNITHM,altale
命ばっかり,824,STD,niconico＆ボーカロイド,STD 4 | STD 7+ | STD 10 | STD 12+,128,FiNALE,2019-04-26,否,命ばっかり|命没|沙发太|蓝色男人坐沙发|只有命|只为生命|命|全是命,564,niconico,ぬゆり,STD 2 | STD 5 | STD 8 | STD 11+,128,AMAZON PLUS,只为生命
Lost Princess,821,STD,ゲーム＆バラエティ,STD 4 | STD 7 | STD 10 | STD 11 | STD 12,150,FiNALE,2019-04-11,否,,967,POPS & ANIME,ペコリーヌ（M・A・O）、コッコロ（伊藤美来）、キャル（立花理香）「プリンセスコネクト！Re:Dive」,STD 2 | STD 5 | STD 9 | STD 11+,150,,失落公主
true my heart -Lovable mix-,819,STD,POPS＆アニメ,STD 4 | STD 7 | STD 10 | STD 12,135,FiNALE,2019-03-22,否,true my heart -lovable mix-|真我心|打电话,251,POPS & ANIME,ave;new feat.佐倉紗織,STD 2 | STD 5 | STD 8 | STD 11+,135,AIR PLUS,
ラブって♡ジュエリー♪えんじぇる☆ブレイク！！,817,STD,POPS＆アニメ,STD 6 | STD 8 | STD 11+ | STD 13,238,FiNALE,2019-03-22,否,ラブって♡ジュエリー♪えんじぇる☆ブレイク！！|快盗天使break|刺猬,410,POPS & ANIME,あべにゅうぷろじぇくと feat.天月めぐる＆如月すみれ「ツインエンジェルBREAK」,STD 3 | STD 5 | STD 8+ | STD 13,238,STAR PLUS,
奏者はただ背中と提琴で語るのみ,816,STD,オンゲキ＆CHUNITHM,STD 7 | STD 9 | STD 12 | STD 13+,230,FiNALE,2019-03-08,否,奏者はただ背中と提琴で語るのみ|月玲那知|月玲妹妹躺沙发|美少女躺沙发|奏者|奏者背后的提琴在说话|提琴,330,イロドリミドリ,月鈴 那知(CV:今村 彩夏),STD 4 | STD 7 | STD 10+ | STD 14,230,STAR,
イロトリドリのメロディ,815,STD,オンゲキ＆CHUNITHM,STD 3 | STD 7 | STD 10+ | STD 12+,140,FiNALE,2019-03-08,否,イロトリドリのメロディ|小仏凪|彩绿之歌|多彩旋律|端茶,340,イロドリミドリ,小仏 凪(CV:佐倉 薫),STD 3 | STD 5 | STD 9 | STD 13+,140,STAR,
-OutsideR:RequieM-,814,STD,オンゲキ＆CHUNITHM,STD 4 | STD 7+ | STD 11 | STD 13+,181,FiNALE,2019-03-08,否,-outsider:requiem-|拉面|🍜|妹子嗦面|outsider|嗦拉面|吃面|我和我的泡面|杯面|泡面|阿梓喵吃面|吃拉面|吃泡面|猫吃面,345,イロドリミドリ,箱部 なる(CV:M・A・O),STD 3 | STD 6 | STD 10+ | STD 13+,181,STAR,
White Traveling Girl,813,STD,東方Project,STD 4 | STD 7+ | STD 10+ | STD 13,154,FiNALE,2019-02-22,否,white traveling girl|wtg|白旅女|白色旅行女孩|白色旅行少女|萃香|西瓜fumo|白色旅人,522,東方Project,A-One,STD 2 | STD 6 | STD 9 | STD 12,154,AMAZON PLUS,
【東方ニコカラ】秘神マターラ feat.魂音泉【IOSYS】,811,STD,東方Project,STD 5 | STD 8 | STD 11+ | STD 13,168,FiNALE,2019-02-22,否,【東方ニコカラ】秘神マターラ feat.魂音泉【iosys】|秘神摩多罗|东方〇起|东方勃起|见前|秘神,525,東方Project,ARM (IOSYS),STD 2 | STD 5 | STD 9 | STD 13+,168,AMAZON PLUS,
Kattobi KEIKYU Rider,808,STD,オンゲキ＆CHUNITHM,STD 7 | STD 9 | STD 13 | STD 13+,220,FiNALE,2019-02-07,否,kattobi keikyu rider|收到|电车妹|京急线|叮叮叮|丁丁电车|京急|电车骑士|五块钱|电车娘|电车|京急电车|松江有轨|列车|叮叮叮叮叮|爱上火车|叮叮电车|丁丁车|叮叮车|呦西哟西|京急电铁|电车难题|新干线,310,ORIGINAL,Sampling Masters MEGA,STD 4 | STD 8 | STD 13 | STD 14+,220,STAR,叮叮电车|叮叮|电车|叮叮车
TiamaT:F minor,794,STD,オンゲキ＆CHUNITHM,STD 7 | STD 10 | STD 13 | STD 14+,215,FiNALE,2018-12-13,否,"tiamat:f minor|白豆|提亚马特|tfboys|黑神话|绝赞交互|猩猩歌|大猩猩|提提，提提提|手感提|猩猩比|提一提|黑神话悟空|m t:f|tiama t:fboys|🦍🦍,🦍🦍🦍|🦍|提亚玛特|tf|健身教练|泡泡玛特|ttf|猩手教程|提|提提，提提提！|猩猩|tf boys",173,ORIGINAL,Team Grimoire,STD 4 | STD 9+ | STD 13+ | STD 15,215,AIR PLUS,提亚马特|提|大猩猩|猩猩|猩|提暗示|提暗示？|提提提|提你妈|不要再提了
セイクリッド　ルイン,793,STD,ゲーム＆バラエティ,STD 7 | STD 9+ | STD 12+ | STD 13+,186,FiNALE,2018-12-13,否,セイクリッド ルイン|肾虚|太鼓达人|圣灭|圣墟,332,VARIETY,Drop＆祇羽 feat. 葉月ゆら「太鼓の達人」より,STD 3 | STD 7 | STD 11 | STD 14,186,STAR,
Scarlet Lance,792,STD,ゲーム＆バラエティ,STD 6 | STD 9 | STD 12+ | STD 14,185,FiNALE,2018-12-13,否,scarlet lance|麒麟X夜刀|红烧狮子头|朗基努斯之枪|红色紧身裤|狗含剑|红叉|火枪|斯卡雷特开源|红枪|叉子|朗基努斯枪|斯卡雷特开元|狗罕见|苍响|红温叉子|狗叼戟,334,VARIETY,MASAKI（ZUNTATA）「グルーヴコースター 3EX ドリームパーティー」より,STD 4 | STD 7+ | STD 12 | STD 14+,185,STAR,红枪|sl|戟|红叉
極圏,791,STD,ゲーム＆バラエティ,STD 6 | STD 9 | STD 12+ | STD 14,207,FiNALE,2018-12-13,否,極圏|sdvx|極圈|急圈|🐔⭕|极圈|只因圈|寄圈|🐔⭕️|鸡圈|肌肉奶龙|鸡犬,333,VARIETY,cosMo VS dj TAKA「SOUND VOLTEX」より,STD 4 | STD 7 | STD 11+ | STD 14+,207,STAR,NTR|黄毛|极圈|人妻
ロキ,789,STD,niconico＆ボーカロイド,STD 4 | STD 8 | STD 10+ | STD 11+ | STD 13,150,FiNALE,2018-12-13,否,ロキ|roki|洛基|嘴巴吃烤串|口干|ruaki|㕩|口≠|口丰|信者|口不等号|口半,506,niconico,みきとP,STD 2 | STD 5 | STD 9 | STD 12 | STD 14,150,AMAZON,roki
ヒバナ,788,STD,niconico＆ボーカロイド,STD 5 | STD 8 | STD 11 | STD 12 | STD 13,200,FiNALE,2018-12-13,否,ヒバナ|匕八十|大狙架miku|狙击初音未来|狙击初音|匕八卜|七八十|fufu遇刺|火花|hibana|k杀|爆头初音|初音未来被爆头|初音爆头|tsubaki|大狙架初音|7810|狙击fufu|大狙怼脸|狙初音|狙击小日本|狙击miku|大狙架fufu,583,niconico,DECO*27,STD 3 | STD 6 | STD 9+ | STD 13+ | STD 14,200,CRYSTAL,火花|七八十|7810
ネ！コ！,786,STD,POPS＆アニメ,STD 5 | STD 7+ | STD 10+ | STD 12+,182,FiNALE,2018-12-13,否,ネ！コ！|nero|neko|流浪猫之心|野良猫|ne！ko！|节粮猫|zood|猫|ネコ|咪咪,405,POPS & ANIME,パトリシア・オブ・エンド(CV：高森奈津美)、黒木 未知(CV：仙台エリ)、夕莉 シャチ(CV：浅川悠)、明日原 ユウキ(CV：種﨑敦美)「ノラと皇女と野良猫ハート」,STD 3 | STD 6 | STD 9 | STD 11+ | STD 14,182,STAR PLUS,
My First Phone,784,STD,オンゲキ＆CHUNITHM,STD 6 | STD 8+ | STD 12+ | STD 13+,114,MiLK PLUS,2018-12-04,否,my first phone|爷の手机|别急20|中二的雨|手机|电话|☎️|小灵通|我的第一部手机|别急3|座机|👴的第一部手机,20,ORIGINAL,cubesato,STD 2 | STD 6 | STD 10 | STD 14,114,CHUNITHM,我的手机|我的第一个手机|小灵通|iPhone15ProMax
怒槌,783,STD,オンゲキ＆CHUNITHM,STD 7 | STD 9+ | STD 13 | STD 14+,200,MiLK PLUS,2018-12-04,否,怒槌|怒锤|😡👊|该罚|愤怒的锤子|ikazuchi|努吹|梅西哥打交|怒捶|😡🔨|神之一锤,116,ORIGINAL,光吉猛修,STD 6 | STD 9+ | STD 14 | STD 15,200,CHUNITHM,怒锤|屎|初代大便|怒怒|理财产品|把你妈妈抓走|怒！！
SILENT BLUE,782,STD,maimai,STD 6 | STD 8+ | STD 12+ | STD 14+,210,MiLK PLUS,2018-12-04,否,silent blue|水晶迪克|sb|↓↑|乙醇姬|色篮|静蓝|蓝绿|四块钱|默蓝|静谧的蓝|水神9,1457,ゲキマイ,かねこちはる,STD 4 | STD 7+ | STD 13 | STD 14,210,LUMINOUS,sb|静蓝
フィクサー,781,STD,niconico＆ボーカロイド,STD 4 | STD 7+ | STD 10 | STD 13,135,MiLK PLUS,2018-11-20,否,フィクサー|黑山羊吃席|fixer|修人|黑暗海底谭|牛头人喝酒|黑山羊,747,niconico,ぬゆり,STD 2 | STD 5 | STD 9+ | STD 13,135,CRYSTAL PLUS,fixer
はやくそれになりたい！,780,STD,niconico＆ボーカロイド,STD 6 | STD 8 | STD 10+ | STD 11+ | STD 13,185,MiLK PLUS,2018-11-20,否,はやくそれになりたい！|音街鳗|音街|😫|想快点成为那个样子|i wanna be it|蓝瓶尖叫|想快点变成那个样子,518,niconico,キノシタ feat. 音街ウナ,STD 3 | STD 6 | STD 8 | STD 12+,185,AMAZON PLUS,音街鳗
このふざけた素晴らしき世界は、僕の為にある,778,STD,niconico＆ボーカロイド,STD 4 | STD 7+ | STD 10+ | STD 12+,152,MiLK PLUS,2018-11-20,否,,154,niconico,n.k,STD 3 | STD 5 | STD 8 | STD 12,152,CHUNITHM PLUS,
花と、雪と、ドラムンベース。,777,STD,maimai,STD 6 | STD 8+ | STD 12+ | STD 14 | STD 13+,180,MiLK PLUS,2018-11-06,否,花と、雪と、ドラムンベース。|雪鸡|花雪一堆日本字|冬之花|别急6|花😋、雪🤤、😘😨🥵🤢😈🤣😅。|四月的雪|舞萌金曲|快慢刀|🌸❄️|六块钱|🌸1⃣️🛞|花一轮|雪球|花雪|昭和金曲|花，雪和bass|花花花花花花一轮|🌸①🛞|间奏9秒|昭和女人|ktv金曲,996,ゲキマイ,kanone feat. せんざい,STD 3 | STD 5 | STD 10+ | STD 14+,180,CHUNITHM NEW,花一轮
We Gonna Journey,773,STD,オンゲキ＆CHUNITHM,STD 7 | STD 9 | STD 12+ | STD 13+,160,MiLK PLUS,2018-10-25,否,we gonna journey|wgj|我们要旅行|王国军|我们去旅行|红色长角|我们去旅游,64,ORIGINAL,Queen P.A.L.,STD 3 | STD 6 | STD 11 | STD 14 | STD 14+,160,CHUNITHM,我们要旅行|wgj|我与神祖共旅行
あねぺったん,772,STD,オンゲキ＆CHUNITHM,STD 5 | STD 8 | STD 10+ | STD 13,180,MiLK PLUS,2018-10-16,否,あねぺったん|便当|假酒|月铃姐妹|姐姐好平|醋溜便当|彩绿便当歌,279,イロドリミドリ,月鈴姉妹(イロドリミドリ),STD 3 | STD 6 | STD 9 | STD 12,180,AIR PLUS,
なるとなぎのパーフェクトロックンロール教室,771,STD,オンゲキ＆CHUNITHM,STD 6 | STD 7+ | STD 11 | STD 13+,216,MiLK PLUS,2018-10-16,否,なるとなぎのパーフェクトロックンロール教室|冒牌⑨|摇滚教室|箱部鸣与小佛凪的完美摇滚教室|琪露诺的完美算数教室|⑨|中二教室|数学教室|彩绿琪露诺,163,イロドリミドリ,イロドリミドリ,STD 3 | STD 6 | STD 10+ | STD 13+,216,CHUNITHM PLUS,
"Help me, あーりん！",770,STD,オンゲキ＆CHUNITHM,STD 5 | STD 7+ | STD 10+ | STD 12+,183,MiLK PLUS,2018-10-16,否,"help me, あーりん！|救我|帮我阿李安|帮我|帮帮我|月铃姐妹|彩绿永琳|教我，永琳！|erin！erin！",162,イロドリミドリ,イロドリミドリ,STD 3 | STD 5 | STD 9+ | STD 11+,183,CHUNITHM PLUS,
進捗どうですか？,769,STD,東方Project,STD 6 | STD 8+ | STD 11 | STD 13+,199,MiLK PLUS,2018-10-02,否,進捗どうですか？|进步|进度如何|进展如何|进度|八云橙|进度怎么样了,612,東方Project,sumijun(Halozy) feat. ななひら(Confetto),STD 3 | STD 6 | STD 9 | STD 12+,199,CRYSTAL,
アマノジャクリバース feat. ｙｔｒ,768,STD,東方Project,STD 5 | STD 8 | STD 11 | STD 13+,160,MiLK PLUS,2018-10-02,否,アマノジャクリバース feat. ｙｔｒ|🚸|天邪鬼反转|0梦过马路|天邪鬼|灵梦过街|ytr|过马路|灵梦过马路,1847,東方Project,魂音泉,STD 3 | STD 6 | STD 10+ | STD 13+,160,X-VERSE-X,
サドマミホリック,766,STD,東方Project,STD 6 | STD 8+ | STD 11+ | STD 12 | STD 13,200,MiLK PLUS,2018-10-02,否,サドマミホリック|灵梦撒钱|灵梦撒币|撒币|撒币的灵梦,438,東方Project,ビートまりお（COOL&CREATE）,STD 3 | STD 6 | STD 11+ | STD 14 | STD 14+,200,STAR PLUS,灵梦撒币|撒币|灵梦撒比
Xevel,762,STD,オンゲキ＆CHUNITHM,STD 5 | STD 8+ | STD 12+ | STD 14,176,MiLK PLUS,2018-09-04,否,xevel|邪恶vel|宵崎奏|女人唱歌男人死|健身房|女鬼小气走|黑白双gay|希尔薇|累死人不偿命|叉evel|苦命鸳鸯|希沃,331,ORIGINAL,Tatsh,STD 4 | STD 8 | STD 12 | STD 15,185,STAR,高塔|X
ミラクルペイント,760,STD,niconico＆ボーカロイド,STD 5 | STD 7 | STD 10+ | STD 13,215,MiLK PLUS,2018-08-21,否,,1495,niconico,OSTER project,STD 3 | STD 6 | STD 10 | STD 12,215,LUMINOUS,
初音ミクの激唱,758,STD,niconico＆ボーカロイド,STD 7 | STD 8+ | STD 12 | STD 14,200,MiLK PLUS,2018-08-09,否,初音ミクの激唱|鸡场|初音未来的激唱|🐔🎤|姬昌|机场|激唱|大葱天使|暴走p的激唱,440,niconico,Storyteller,STD 5 | STD 8+ | STD 13 | STD 14+,200,STAR PLUS,初音未来的激唱|初音未来激唱|机场|激唱
おねがいダーリン,757,STD,niconico＆ボーカロイド,STD 5 | STD 7 | STD 11 | STD 12+,180,MiLK PLUS,2018-08-07,否,おねがいダーリン|拜托了，亲爱的|拜托了原神|拜托了darling|拜托了亲爱的|one,606,niconico,ONE (song by ナナホシ管弦楽団),STD 3 | STD 6 | STD 8+ | STD 12,180,CRYSTAL,拜托了亲爱的
彗星ハネムーン,756,STD,niconico＆ボーカロイド,STD 4 | STD 7 | STD 10 | STD 12,145,MiLK PLUS,2018-08-07,否,彗星ハネムーン|彗星|彗星蜜月,763,niconico,ナユタン星人,STD 2 | STD 5 | STD 8 | STD 11+,145,PARADISE LOST,彗星蜜月
インビジブル,755,STD,niconico＆ボーカロイド,STD 6 | STD 8 | STD 11 | STD 12 | STD 13+,192,MiLK PLUS,2018-08-07,否,インビジブル|透明人|invisible|透明人间|建筑工地,207,niconico,kemu,STD 4 | STD 7 | STD 10+ | STD 14,192,AIR,透明人间
larva,754,STD,maimai,STD 7 | STD 9 | STD 12+ | STD 14+,202,MiLK PLUS,2018-07-24,否,larva|蓝色尖锐湿疣|雪降雨|龟头结冰|岩浆|冰|拉完|神之震惊|辣蛙|拉瓦|幼虫|pupa2|源石虫|虫|＝⚡️★|萨菲|青泥石|区|蛆|说的道理,502,ゲキマイ,ガリガリさむし,STD 4 | STD 8+ | STD 11+ | STD 14+,202,AMAZON,拉瓦|龟头结冰|说的道理
Brain Power,748,STD,ゲーム＆バラエティ,STD 5 | STD 8+ | STD 11+ | STD 13,170,MiLK PLUS,2018-07-03,否,brain power|观星|脑力|bp|佐助|圣诞老头|地精老头|bass kick|o-oooooooooo|脑力量|地精小老头|o-ooooooo aaaa-e-a-a,461,VARIETY,NOMA,STD 3 | STD 7 | STD 11 | STD 14,173,AMAZON,地雷|脑力
Seyana. ～何でも言うことを聞いてくれるアカネチャン～,747,STD,niconico＆ボーカロイド,STD 4 | STD 7+ | STD 10+ | STD 13,144,MiLK PLUS,2018-06-21,否,seyana. ～何でも言うことを聞いてくれるアカネチャン～|seyana|不管说什么都在听着的琴叶茜酱|小茜|说的事呢|sodayo|akane|琴叶茜,517,niconico,GYARI,STD 2 | STD 5 | STD 8+ | STD 13,144,AMAZON PLUS,琴叶茜
World Vanquisher,745,STD,オンゲキ＆CHUNITHM,STD 6 | STD 9+ | STD 12+ | STD 14,170,MiLK PLUS,2018-06-21,否,world vanquisher|mother vanquisher|金手指|😎👆|奶龙征服者|wv|世界征服者|🤓☝️|手感噔噔|中二谭|春晚2|噔噔噔噔噔|世征|春晚机器人|三点饮茶|威猛先生|秧歌bot|春晚机器人舞|☝️|林楠|🤓☝|🤓👆|中二送披萨|🤓☝🏻|2025春晚|我的碗筷洗,326,ORIGINAL,void (Mournfinale),STD 4 | STD 9+ | STD 13+ | STD 15+,170,STAR,市政|世征|切比|噔噔噔|噔噔噔噔噔|mothervanquisher|mother vanquisher|世界征服者|wv
Session High⤴,744,STD,オンゲキ＆CHUNITHM,STD 6 | STD 7+ | STD 10+ | STD 12+,200,MiLK PLUS,2018-06-21,否,session high⤴|↗️|⬆️|⤴️|↑,300,イロドリミドリ,イロドリミドリ,STD 3 | STD 6 | STD 10 | STD 13,200,STAR,
ENERGY SYNERGY MATRIX,743,DX/STD,ゲーム＆バラエティ,DX 4 | DX 8 | DX 11 | DX 13 ; STD 6 | STD 7+ | STD 13 | STD 13+,160,MiLK PLUS,2018-06-21,否,energy synergy matrix|标esm|esm|沙雕猫|esm跑|神经猫|恶俗猫|饿死猫|跑路猫|dxesm|傻吊猫|dxesm跑|邮政|一只猫拖着另一只猫跑,1477,VARIETY,Tanchiky,STD 3 | STD 7 | STD 11 | STD 14,160,LUMINOUS,esm
LOVE EAST,741,STD,東方Project,STD 5 | STD 7 | STD 10+ | STD 12+,168,MiLK PLUS,2018-06-21,否,love east|爱东方|转转|爱东|爱吃,785,東方Project,暁Records,STD 2 | STD 6 | STD 9+ | STD 12+,168,PARADISE,
妄想感傷代償連盟,740,STD,niconico＆ボーカロイド,STD 3 | STD 7 | STD 9+ | STD 11 | STD 13,110,MiLK PLUS,2018-06-21,否,妄想感傷代償連盟|海底谭难民营|阿姨压一压|代偿联盟|盲肠肝脏大肠年龄|鬼|妄想|妄想感伤代偿联盟|啊咿呀咿呀|联盟|妄想感伤|盲肠肛肠大肠联盟|ghost|妄伤|小海底谭|初音未来防毒面具|dscf|mkdr|初音未来蹲大牢|阿姨压一压～,538,niconico,DECO*27,STD 2 | STD 5 | STD 9 | STD 11+,110,AMAZON PLUS,妄想|妄想感伤代偿联盟
アウターサイエンス,739,STD,niconico＆ボーカロイド,STD 5 | STD 8 | STD 12+ | STD 13,195,MiLK,2018-06-05,否,アウターサイエンス|次の|界外科学|outer science,71,niconico,じん,STD 3 | STD 6 | STD 9 | STD 12+,195,AIR,界外科学
バレリーコ,738,STD,niconico＆ボーカロイド,STD 5 | STD 7 | STD 10+ | STD 12+,150,MiLK,2018-06-05,否,バレリーコ|芭蕾舞者|照镜子|芭蕾,451,niconico,みきとP,STD 3 | STD 5 | STD 9 | STD 11+,150,AMAZON,芭蕾舞者
フリィダム ロリィタ,737,STD,niconico＆ボーカロイド,STD 5 | STD 7 | STD 10 | STD 12+,150,MiLK,2018-06-05,否,フリィダム ロリィタ|洛丽塔|喂饭|嘘嘘|喂美少女嘘嘘|自由洛丽塔|自由的洛丽塔|freedom lolita,449,niconico,ねじ式,STD 2 | STD 5 | STD 8+ | STD 11+,150,AMAZON,自由的洛丽塔
シャルル,736,DX/STD,niconico＆ボーカロイド,DX 3 | DX 6 | DX 9 | DX 11 ; STD 5 | STD 7 | STD 9+ | STD 12+,145,MiLK,2018-06-05,否,シャルル|汁儿儿|三力儿儿|查尔斯|夏露露|charles,454,niconico,バルーン,STD 3 | STD 5 | STD 8 | STD 11+,145,,夏露露
WARNING×WARNING×WARNING,733,DX/STD,東方Project,DX 3 | DX 7 | DX 9+ | DX 11+ ; STD 6 | STD 7+ | STD 10+ | STD 12+,172,MiLK,2018-05-08,否,warning×warning×warning|www|warning|条纹过膝袜|注意注意注意|小丑|星条旗|警告警告警告|克劳恩皮丝|万宁星星,403,東方Project,暁Records,STD 3 | STD 5 | STD 9+ | STD 12+,172,STAR PLUS,
Doll Judgment,732,STD,東方Project,STD 5 | STD 8+ | STD 12 | STD 13+,230,MiLK,2018-05-08,否,doll judgment|玩偶审判|人形裁判|人偶审判|人形审判|人偶|dj|玩偶|人偶裁判|人偶裁决,561,東方Project,ぬるはち,STD 2 | STD 6 | STD 10 | STD 13,230,AMAZON PLUS,
疾走あんさんぶる,731,STD,東方Project,STD 6 | STD 8+ | STD 11+ | STD 13+,195,MiLK,2018-05-08,否,疾走あんさんぶる|疾走乐队|疾走|骚灵三姐妹,783,東方Project,ビートまりお（COOL&CREATE）,STD 3 | STD 7 | STD 11+ | STD 13+,195,PARADISE,
天狗の落とし文 feat. ｙｔｒ,730,DX/STD,東方Project,DX 3 | DX 7 | DX 10 | DX 13+ ; STD 5 | STD 7+ | STD 11+ | STD 12+,160,MiLK,2018-05-08,否,天狗の落とし文 feat. ｙｔｒ|天狗|犹太人|天狗落|天狗的匿名信|天狗的无名文书|ytr|天狗落文|天狗之落|天狗の落とし文,322,東方Project,魂音泉,STD 3 | STD 5 | STD 9+ | STD 12+,160,STAR,
永遠のメロディ,729,STD,東方Project,STD 6 | STD 7 | STD 10 | STD 12,155,MiLK,2018-05-08,否,永遠のメロディ|永远的旋律|永远的melody|永远的节奏|东方蓬千歌|永远,127,東方Project,あ～るの～と（いえろ～ぜぶら）,STD 3 | STD 5 | STD 8 | STD 12+,155,AIR PLUS,
エンドマークに希望と涙を添えて,728,STD,オンゲキ＆CHUNITHM,STD 6 | STD 9+ | STD 12+ | STD 14,257,MiLK,2018-04-24,否,エンドマークに希望と涙を添えて|筋肉女神|梦泪|希望泪|🙂|为结局添上希望与泪水|希望累|梦之泪伤,60,ORIGINAL,cosMo＠暴走P,STD 4 | STD 7 | STD 11+ | STD 15,257,CHUNITHM,希望泪|四大天王
Still,725,STD,オンゲキ＆CHUNITHM,STD 5 | STD 7+ | STD 11 | STD 13,176,MiLK,2018-04-03,否,still|仍然|七对奈子,245,イロドリミドリ,イロドリミドリ,STD 3 | STD 5 | STD 9 | STD 13,176,AIR PLUS,
TRUST,724,STD,オンゲキ＆CHUNITHM,STD 6 | STD 7+ | STD 11 | STD 13,190,MiLK,2018-04-03,否,trust|足控|大脚丫子|脚歌|玉足|玉足冰棍|老冰棍|小仏凪吃雪糕|🦶|信任|狱卒|湿身少女翘脚吃冰糕|糯香柠檬茶|yokidou|合乎粥礼|光吉猛修唱歌,191,イロドリミドリ,小仏 凪(CV:佐倉 薫),STD 3 | STD 6 | STD 9+ | STD 13,190,AIR PLUS,
猫祭り,723,STD,オンゲキ＆CHUNITHM,STD 4 | STD 8 | STD 11+ | STD 13,160,MiLK,2018-04-03,否,猫祭り|哈祭咪|喵卷|学猫叫|猫抓板|😺|绝赞101|猫|洗面奶|喵喵喵喵|哈基米钻奈子|猫寄|猫祭|哈寄米,180,イロドリミドリ,箱部 なる(CV:M・A・O),STD 3 | STD 6 | STD 9+ | STD 12,160,AIR PLUS,猫寄|猫祭
キレキャリオン,722,STD,niconico＆ボーカロイド,STD 6 | STD 7 | STD 10 | STD 13,170,MiLK,2018-03-20,否,キレキャリオン|乃保|切下|carry on|电锯娘|奶包|继续切|电锯女|电锯2|切下吧carryon|小电锯|kire carry on|电锯人|电锯,388,niconico,ポリスピカデリー「#コンパス」,STD 2 | STD 5 | STD 9 | STD 13,170,STAR PLUS,电锯娘
アルカリレットウセイ,720,STD,niconico＆ボーカロイド,STD 6 | STD 7 | STD 10+ | STD 12+,158,MiLK,2018-03-20,否,アルカリレットウセイ|露露卡莉莉卡噜啦哩啦噜啦啦|莉莉卡|魔法少女举大棒|碱性劣等生|魔法少女,387,niconico,かいりきベア「#コンパス」,STD 3 | STD 5 | STD 8+ | STD 11,158,STAR PLUS,碱性劣等生
ダンスロボットダンス,719,DX/STD,niconico＆ボーカロイド,DX 3 | DX 7 | DX 9 | DX 12+ ; STD 6 | STD 8 | STD 11 | STD 13,190,MiLK,2018-03-20,否,ダンスロボットダンス|👆🏻😑👇🏻|dance robot dance|dancerobotdance|跳舞机器人跳舞|机器人跳舞|☝😑👇|drd|小v|跳舞机器人|voidoll|↑↓|机器人舞|👆👇|舞蹈机器人舞蹈|舞蹈机器人|up side up side down,386,niconico,ナユタン星人「#コンパス」,STD 3 | STD 6 | STD 9 | STD 12+,190,STAR PLUS,dance robot dance
ナンセンス文学,717,STD,niconico＆ボーカロイド,STD 5 | STD 7+ | STD 11+ | STD 13+,154,MiLK,2018-03-06,否,ナンセンス文学|o.o|拍手文学|无意义文学|废话文学|海底谭文学|latata|文学,581,niconico,Eve,STD 2 | STD 5 | STD 8 | STD 12,154,CRYSTAL,无意义文学
Excalibur ～Revived resolution～,710,STD,maimai,STD 5 | STD 10 | STD 13 | STD 14+,200,MiLK,2018-02-20,否,excalibur ～revived resolution～|生煎2|圣剑2|圣剑二|福瑞2|生煎二|ex咖喱棒|福瑞跑步2,586,ゲキマイ,Project Grimoire,STD 4 | STD 8 | STD 12+ | STD 14+,200,CRYSTAL,圣剑2|生煎2
人生リセットボタン,707,STD,niconico＆ボーカロイド,STD 6 | STD 8+ | STD 11+ | STD 13+,200,MiLK,2018-02-06,否,人生リセットボタン|人生重置按钮|人生重开|人生重置键|人生重启键|人生重置|dame|remake|人生重启|人生复位按钮|人生重来键|重开按钮|人生|人生reset button|人生重启按钮,208,niconico,kemu,STD 4 | STD 7 | STD 10 | STD 13+,200,AIR,人生重来键
ドーナツホール,706,STD,niconico＆ボーカロイド,STD 5 | STD 7+ | STD 11+ | STD 13+,252,MiLK,2018-02-06,否,ドーナツホール|甜圈洞|甜甜圈|🍩|甜甜圈洞,8,niconico,ハチ,STD 2 | STD 5 | STD 9+ | STD 13,252,STAR PLUS,甜甜圈|甜甜圈洞
スターナイトスノウ,704,STD,niconico＆ボーカロイド,STD 5 | STD 7 | STD 10 | STD 11,180,MiLK,2018-01-09,否,,779,niconico,n-buna × Orangestar,STD 3 | STD 5 | STD 9 | STD 12+,180,PARADISE,星夜之雪
白い雪のプリンセスは,702,STD,niconico＆ボーカロイド,STD 6 | STD 8 | STD 11+ | STD 12+,200,MiLK,2018-01-09,否,,213,niconico,のぼる↑,STD 3 | STD 6 | STD 9+ | STD 12,200,AIR,
SPICY SWINGY STYLE,701,STD,オンゲキ＆CHUNITHM,STD 5 | STD 8+ | STD 11+ | STD 13,242,MiLK,2017-12-26,否,spicy swingy style|巨乳|大奶子|好大|果皇壮如牛|sss|高坂穗乃果,243,イロドリミドリ,明坂 芹菜(CV:新田 恵海),STD 3 | STD 6 | STD 9+ | STD 12+,242,AIR PLUS,
Tic Tac DREAMIN’,700,STD,オンゲキ＆CHUNITHM,STD 4 | STD 7 | STD 9 | STD 12,125,MiLK,2017-12-26,否,tic tac dreamin’|粉毛睡衣|⏰|emu|千早爱音|睡衣,242,イロドリミドリ,天王洲 なずな(CV:山本 彩乃),STD 3 | STD 5 | STD 8+ | STD 11+,125,AIR PLUS,
Bang Babang Bang!!!,699,STD,オンゲキ＆CHUNITHM,STD 5 | STD 8 | STD 11+ | STD 13,200,MiLK,2017-12-26,否,bang babang bang!!!|bbb|大奶子|太大了|邦邦邦邦|邦邦|bbbb|大胸|邦邦邦|大柰子,183,イロドリミドリ,御形 アリシアナ(CV:福原 綾香),STD 3 | STD 6 | STD 10+ | STD 13+,200,AIR PLUS,邦邦
アンノウン・マザーグース,698,STD,niconico＆ボーカロイド,STD 3 | STD 7 | STD 11 | STD 13,222,MiLK,2017-12-14,否,アンノウン・マザーグース|不为人知的鹅妈妈童谣|鹅妈妈童谣|鹅妈妈|仁王盾|妈妈鹅|未知的母鹅|unknown mother goose|大鹅妈妈,436,niconico,wowaka,STD 3 | STD 6 | STD 9 | STD 13+,222,STAR PLUS,不为人知的鹅妈妈童谣|鹅妈妈
砂の惑星 feat. HATSUNE MIKU,697,STD,niconico＆ボーカロイド,STD 2 | STD 7+ | STD 10+ | STD 13,95,MiLK,2017-12-04,否,砂の惑星 feat. hatsune miku|砂之惑星|划龙舟|沙之惑星|沙星|砂惑|砂之行星|砂星|砂の惑星|别急18|沙之行星|最速殿堂,379,niconico,ハチ,STD 3 | STD 5 | STD 8 | STD 12+,95,STAR,砂之惑星
拝啓ドッペルゲンガー,696,STD,niconico＆ボーカロイド,STD 5 | STD 8 | STD 12+ | STD 13+,181,MiLK,2017-12-14,否,拝啓ドッペルゲンガー|我裂开来|分身|拜启|敬启我的分身|敬启分身|影分身十字斩|敬启|yhc|二重身,380,niconico,kemu,STD 3 | STD 6 | STD 10 | STD 14,181,STAR PLUS,敬启|敬启我的分身
咲キ誇レ常世ノ華,693,STD,maimai,STD 5 | STD 8 | STD 11+ | STD 13,170,MiLK,2017-12-14,否,咲キ誇レ常世ノ華|常世|永远盛开在世上的灿烂花|咲華|常世华|常世之华,442,ゲキマイ,Sou×マチゲリータ,STD 3 | STD 6 | STD 9 | STD 12+,210,STAR PLUS,
ようこそジャパリパークへ,691,DX/STD,POPS＆アニメ,DX 4 | DX 7 | DX 9 | DX 11+ ; STD 5 | STD 7+ | STD 9+ | STD 12 | STD 12+,170,MiLK,2017-12-14,否,,372,POPS & ANIME,どうぶつビスケッツ×PPP「けものフレンズ」,STD 3 | STD 5 | STD 9+ | STD 12,170,,
泡沫、哀のまほろば,690,STD,東方Project,STD 4 | STD 7 | STD 10 | STD 12,155,MiLK,2017-12-14,否,泡沫、哀のまほろば|泡沫哀|妹红泡水|泡沫|藤原妹红,263,東方Project,幽閉サテライト,STD 3 | STD 5 | STD 8 | STD 11+,155,AIR PLUS,
Calamity Fortune,688,DX/STD,東方Project,DX 4 | DX 8 | DX 11 | DX 13+ ; STD 7 | STD 9 | STD 12+ | STD 14,200,MURASAKi PLUS,2017-12-05,否,calamity fortune|常发|卡拉米提佛纯|穿越火线|标cf|早苗教你画星星|leaf教你画星星|标准cf|灾厄命运|sdcf|小鸟游没几几|cf|dxcf|东风谷早苗|风神录五面道中,360,東方Project,LeaF,STD 4 | STD 8+ | STD 11+ | STD 14+,200,STAR,cf|穿越火线
フラジール,685,STD,niconico＆ボーカロイド,STD 5 | STD 7+ | STD 9+ | STD 12+,127,MURASAKi PLUS,2017-11-21,否,フラジール|易碎品|脆弱|七海娜娜米|易碎|fragile,364,niconico,ぬゆり,STD 2 | STD 5 | STD 9 | STD 11+,127,STAR,易碎
エイリアンエイリアン,684,STD,niconico＆ボーカロイド,STD 4 | STD 8 | STD 10 | STD 12+,152,MURASAKi PLUS,2017-11-21,否,エイリアンエイリアン|河南人|常陆茉子|外星人外星人|👽|奥利奥利安|阿里安|alien|✋🏻😐✋🏻|奥利安奥利安|外星人|alien alien,255,niconico,ナユタン星人,STD 3 | STD 5 | STD 9+ | STD 11+,152,AIR PLUS,alien alien|外星人
白ゆき,683,STD,niconico＆ボーカロイド,STD 5 | STD 8 | STD 11+ | STD 13,210,MURASAKi PLUS,2017-11-21,否,白ゆき|白雪|白夜行|美少女亲嘴|白雪歌送武判官归京|白yuki|女同亲嘴|月代雪,780,niconico,n-buna,STD 3 | STD 6 | STD 9+ | STD 13,210,PARADISE,白雪
幸せになれる隠しコマンドがあるらしい,682,STD,niconico＆ボーカロイド,STD 6 | STD 9 | STD 12+ | STD 14,142,MURASAKi PLUS,2017-11-21,否,幸せになれる隠しコマンドがあるらしい|幸隐|结月流汗|似乎有着能够变得幸福的隐藏指令|↓→↑→→↓→→↑↑↓↓←→←→|紫砂|视力检测|→↓↑→→↓→→↑↑↓↓←→←→|幸福指令|むちゃぶり|喵梦|结月缘|⭐🌧️|结月缘黑丝兔女郎|😅|有款游戏越打越年轻|上上下下左右左右|👆👆👇👇👈👉👈👉,198,niconico,うたたP,STD 3 | STD 5 | STD 10 | STD 13+,142,AIR,幸隐
猛進ソリストライフ！,681,STD,オンゲキ＆CHUNITHM,STD 7 | STD 9 | STD 12+ | STD 13+,189,MURASAKi PLUS,2017-10-31,否,猛進ソリストライフ！|猛进|月玲那知|小提琴|庞德,236,イロドリミドリ,月鈴 那知(CV:今村 彩夏),STD 4 | STD 7 | STD 9+ | STD 12+ | STD 14+,252,AIR,
My Dearest Song,680,STD,オンゲキ＆CHUNITHM,STD 5 | STD 8 | STD 11+ | STD 13,145,MURASAKi PLUS,2017-10-31,否,my dearest song|白奈|我最亲爱的乐曲|teravolt|母人拉大提琴|我爱歌|生日歌|大提琴|女人拉提琴,179,イロドリミドリ,月鈴 白奈(CV:高野 麻里佳),STD 3 | STD 5 | STD 8+ | STD 13,145,AIR,
チルノのパーフェクトさんすう教室　⑨周年バージョン,679,DX/STD,東方Project,DX 3 | DX 7 | DX 9 | DX 12+ ; STD 5 | STD 7+ | STD 10+ | STD 13,175,MURASAKi PLUS,2017-10-17,否,チルノのパーフェクトさんすう教室 ⑨周年バージョン|99|笨蛋教室|9周年教室|9周年|九周年|⑨|算数教室|baka|机厅几卡|9|9周年算数教室|dxbaka|dx琪露诺|琪露诺|新琪露诺教室,373,東方Project,IOSYSと愉快な⑨周年フレンズ,STD 3 | STD 5 | STD 9+ | STD 14,175,STAR,九周年|算数|算数教室|9周年|9
Starlight Dance Floor,676,STD,東方Project,STD 4 | STD 7+ | STD 10 | STD 12,128,MURASAKi PLUS,2017-10-17,否,starlight dance floor|大姐姐魔理沙|sdf|星光舞厅|星光大道|夜店魔理沙|星光舞池,265,東方Project,発熱巫女～ず,STD 3 | STD 5 | STD 8 | STD 11+,128,AIR PLUS,
デスパレイト,675,STD,maimai,STD 5 | STD 8+ | STD 11+ | STD 13+,145,MURASAKi PLUS,2017-10-03,否,デスパレイト|666|desperate|绝望,1726,ゲキマイ,owl＊tree,STD 3 | STD 6 | STD 10 | STD 13+,145,VERSE,
Moon of Noon,674,STD,maimai,STD 7 | STD 9 | STD 13 | STD 14,200,MURASAKi PLUS,2017-10-03,否,moon of noon|印度人2|堇神啊|月吗|你过关|月儿子|农具做瑜伽|科比鬼叫|牢大硅胶|四块钱|牢大打坐|牢大|五块钱|星星入门|科比跳舞|​hop|牢大鬼叫|月孙子|一块钱3|午月|月之子|印度人磕头|中午的月亮|科比坐禅|铜人,1311,ゲキマイ,Sampling Masters MEGA,STD 5 | STD 9+ | STD 12 | STD 14,200,SUN,月儿子|大便|屎
光線チューニング,667,STD,オンゲキ＆CHUNITHM,STD 6 | STD 8 | STD 11+ | STD 13+,190,MURASAKi PLUS,2017-08-24,否,光線チューニング|光线|🖐🏻️😐🖐🏻️|中二节奏|光线turning|光线调谐,301,ORIGINAL,ナユタン星人,STD 3 | STD 6 | STD 9+ | STD 12,190,STAR,光线|ray|ray turning
心象蜃気楼,666,STD,オンゲキ＆CHUNITHM,STD 5 | STD 7+ | STD 11 | STD 13,190,MURASAKi PLUS,2017-08-24,否,心象蜃気楼|心绮楼|心象|青岛地铁|心象晦气楼|心象楼|心象晨气楼|心象蜃气楼|心像楼|蜃气楼,182,ORIGINAL,Orangestar,STD 3 | STD 5 | STD 9+ | STD 11,190,AIR,
相思創愛,665,STD,maimai,STD 6 | STD 8+ | STD 11 | STD 13,195,MURASAKi PLUS,2017-08-24,否,相思創愛|相思創爱|相爱创思|相思|相思创爱|创创子|小米星,287,ゲキマイ,伊東歌詞太郎・ろん×まらしぃ,STD 3 | STD 6 | STD 9+ | STD 12+,195,STAR,
ちがう!!!,661,STD,niconico＆ボーカロイド,STD 5 | STD 8 | STD 10+ | STD 13,181,MURASAKi PLUS,2017-07-25,否,,519,niconico,カルロス袴田(サイゼP),STD 3 | STD 6 | STD 8 | STD 13,181,AMAZON PLUS,不对的
前前前世,654,STD,POPS＆アニメ,STD 4 | STD 7 | STD 9 | STD 13,190,MURASAKi PLUS,2017-06-22,否,前前前世|推荐乐曲排行榜|你的名字|上上上辈子|韦一敏,295,POPS & ANIME,RADWIMPS「君の名は。」,STD 3 | STD 5 | STD 8+ | STD 12,190,STAR,你的名字
夢花火,653,STD,maimai,STD 6 | STD 8 | STD 11 | STD 13+,186,MURASAKi PLUS,2017-06-22,否,夢花火|马栏山|u咩哈那比|麻辣蒜|乙姬角色歌|梦花火,504,ゲキマイ,豚乙女,STD 2 | STD 5 | STD 9 | STD 13,186,AMAZON,梦花火
天国と地獄 -言ノ葉リンネ-,652,STD,maimai,STD 4 | STD 7+ | STD 11+ | STD 13,138,MURASAKi PLUS,2017-06-22,否,天国と地獄 -言ノ葉リンネ-|天国地狱|言之叶轮回|天国与地狱,281,ゲキマイ,伊東歌詞太郎・ろん×れるりり,STD 2 | STD 5 | STD 9+ | STD 12,138,AIR PLUS,天国地狱
リンカーネイション,649,STD,niconico＆ボーカロイド,STD 5 | STD 8 | STD 11 | STD 13+,185,MURASAKi PLUS,2017-06-22,否,リンカーネイション|灵魂转生|烈火战神|lexburner|reincarnation|轮回转生|铃魂转生|转生,607,niconico,kemu,STD 3 | STD 6 | STD 9 | STD 13,185,CRYSTAL,灵魂转生|reincarnation
華鳥風月,648,STD,東方Project,STD 2 | STD 6 | STD 9+ | STD 12+,123,MURASAKi PLUS,2017-06-22,否,華鳥風月|华鸟风月|かちょうふうげつ|花鸟市场|花鸟风月|四季|四季映姬,296,東方Project,幽閉サテライト,STD 2 | STD 5 | STD 8+ | STD 11+,123,STAR,
StargazeR,647,STD,niconico＆ボーカロイド,STD 5 | STD 7+ | STD 10+ | STD 12+,195,MURASAKi,2017-06-06,否,stargazer|虎哥|大荒囚天指|观星者|摘星人|空条承太郎,417,niconico,骨盤P,STD 2 | STD 5 | STD 8+ | STD 12+,195,STAR PLUS,
Just Be Friends,646,STD,niconico＆ボーカロイド,STD 4 | STD 7+ | STD 10+ | STD 12+,128,MURASAKi,2017-06-06,否,,336,niconico,Dixie Flatline,STD 3 | STD 5 | STD 9 | STD 11+,128,STAR,
ネトゲ廃人シュプレヒコール,645,STD,niconico＆ボーカロイド,STD 5 | STD 7+ | STD 10+ | STD 13+,175,MURASAKi,2017-06-06,否,ネトゲ廃人シュプレヒコール|😉|网游废人的呐喊|网络废人的呐喊|网游废人|废人|网络废人|网游废人齐颂曲,108,niconico,さつき が てんこもり,STD 3 | STD 6 | STD 9 | STD 12+ | STD 14,175,CHUNITHM,网游废人
炉心融解,644,STD,niconico＆ボーカロイド,STD 4 | STD 7 | STD 11 | STD 13,165,MURASAKi,2017-06-06,否,,337,niconico,iroha(sasaki)／kuma(alfred),STD 3 | STD 5 | STD 8+ | STD 11+,165,STAR,
天火明命,642,STD,maimai,STD 6 | STD 9+ | STD 13 | STD 14,155,MURASAKi,2017-05-23,否,天火明命|天火|天火没命|舔会妹妹,993,ゲキマイ,削除,STD 3 | STD 6 | STD 10 | STD 14,155,CHUNITHM NEW,屎|大便
Phantasm Brigade,641,STD,東方Project,STD 5 | STD 8 | STD 11+ | STD 13,168,MURASAKi,2017-05-11,否,phantasm brigade|pb|灵梦,126,東方Project,Silver Forest,STD 3 | STD 5 | STD 9 | STD 14,168,AIR PLUS,幻影旅队
Club Ibuki in Break All,640,STD,東方Project,STD 5 | STD 8 | STD 11 | STD 13,175,MURASAKi,2017-05-11,否,club ibuki in break all|萃香跳舞|西瓜跳舞|ymn|东方年柄年中|小bbb|绝赞俱乐部,125,東方Project,void＋夕野ヨシミ (IOSYS) feat.藤原鞠菜,STD 3 | STD 6 | STD 9+ | STD 13,175,AIR PLUS,
Starlight Vision,639,STD,東方Project,STD 3 | STD 7+ | STD 11+ | STD 12+,180,MURASAKi,2017-05-11,否,starlight vision|星光视觉|樱花灵梦|🌸|星光视界|灵梦樱,124,東方Project,矢鴇つかさ feat. 三澤秋,STD 3 | STD 6 | STD 9+ | STD 13,180,AIR PLUS,
幽闇に目醒めしは,638,STD,東方Project,STD 4 | STD 6 | STD 11 | STD 13,120,MURASAKi,2017-05-11,否,幽闇に目醒めしは|东方四个女人躺草地|幽暗目醒|幽暗|躺草坪|东方四女躺草地|幽目|在黑暗中醒来|目醒,123,東方Project,セブンスヘブンMAXION,STD 2 | STD 5 | STD 8 | STD 11+,120,AIR PLUS,
四月の雨,636,STD,maimai,STD 3 | STD 8+ | STD 12 | STD 13+,79,MURASAKi,2017-04-27,否,四月の雨|四月的粑粑|114514月的臭雨|键盘歌|四月的星星|konmai|四月雨|雨姐|别急1|伞|你先别急|我为你撑一把伞|四月的史|四月的雨|四月的屎|四月答辩|四月的💩|四月的别急|☂️|别急|下北泽的雨|四月的粪|不要急挑战|四月的急|四月的shi|april showers|bpm79,1510,ゲキマイ,cubesato,STD 1 | STD 5 | STD 11+ | STD 13+,79,LUMINOUS,四月的雨|四月雨
The wheel to the right,635,STD,オンゲキ＆CHUNITHM,STD 7 | STD 8+ | STD 13 | STD 14,200,MURASAKi,2017-04-27,否,the wheel to the right|印度人|车轮右拐|欢乐喜锯人|国服刀妹|电锯惊魂|底力|轮子右拧|右轮|dj-mega|电锯人|电锯|三块钱|一块钱2|光头强|老婆|你右边有人|骷髅|电锯骷髅|🛞👉|地雷女喝魔爪|印度人放右边|向右转,32,ORIGINAL,Sampling Masters MEGA,STD 4 | STD 9+ | STD 11+ | STD 14,200,CHUNITHM,印度人|电锯人|到右边的轮子|向右的轮子|轮子|小鸡鸡伸过来让我锯一下|右轮
ねぇ、壊れタ人形ハ何処へ棄テらレるノ？,634,STD,maimai,STD 6 | STD 9 | STD 13 | STD 14,188,MURASAKi,2017-04-18,否,ねぇ、壊れタ人形ハ何処へ棄テらレるノ？|坏人形|人形|扔垃圾桶|坏人偶|坏人,402,ゲキマイ,cosMo＠暴走P,STD 4 | STD 8 | STD 12+ | STD 14+,188,STAR PLUS,坏人形|坏人偶
吉原ラメント,633,STD,niconico＆ボーカロイド,STD 4 | STD 8 | STD 11+ | STD 13+,191,MURASAKi,2017-04-18,否,吉原ラメント|留尾哀歌|吉原|吉原哀歌|吉原拉面|吉原泼妇|吉原怨妇|清远鸡|teto|千织,1141,niconico,亜沙,STD 3 | STD 5 | STD 9 | STD 12,192,CHUNITHM NEW PLUS,吉原哀歌|吉原拉面
だんだん早くなる,631,STD,niconico＆ボーカロイド,STD 3 | STD 8 | STD 10 | STD 12 | STD 12+,160,MURASAKi,2017-04-18,否,だんだん早くなる|渐渐加速|末白|蛋蛋变快|蛋蛋|跑男|蛋蛋加速|越战越勇|专注轻机枪|渐变快|渐渐加快|闲鱼客服|越来越快|秃老头|逐渐加速|当当哈呀库那路|蛋蛋歌|渐渐变急|渐渐变快|哈压库|动力小子|走路歌|逐渐变快|慢慢变快|别急8|走路人|逐渐加快|早|一笔画|越走越快|当当哈压库,261,niconico,40mP,STD 3 | STD 5 | STD 9 | STD 11+,126,AIR PLUS,末白|逐渐变快
その群青が愛しかったようだった,628,STD,オンゲキ＆CHUNITHM,STD 5 | STD 7+ | STD 11 | STD 12+,220,MURASAKi,2017-03-09,否,その群青が愛しかったようだった|那份群青仿佛是很可爱的样子|群青爱|那片群青好像很可爱|群青,170,ORIGINAL,n-buna feat.ヤギヌマカナ,STD 3 | STD 6 | STD 10 | STD 11+,220,AIR,
分からない,625,STD,maimai,STD 4 | STD 8 | STD 11+ | STD 14,200,MURASAKi,2017-03-09,否,分からない|不知道|哇嘎啦乃|我不到啊|这|暂时不能给你明确的答复|😵|哇卡拉奶|哇嘎拉奶|发生什么事了|我怎么知道|我哪知道|吾伐晓得|优质解答|我不知道|瓦卡拉奶,286,ゲキマイ,ろん×黒魔,STD 3 | STD 7 | STD 10+ | STD 14,200,AIR PLUS,不知道|哇卡拉奶|我不知道|我不到啊|这
HERA,624,STD,maimai,STD 6 | STD 9 | STD 12+ | STD 14,185,MURASAKi,2017-02-21,否,hera|狐狸模拟器|超级大串|芝士雪豹|赫拉|七匹狼|狐狸|黑拉|纵连高手|纵连|🦊|一号键质检员|狐狸快跑|火狐|火狐浏览器,1053,ゲキマイ,ルゼ,STD 5 | STD 8+ | STD 11+ | STD 15,185,CHUNITHM NEW PLUS,赫拉|雅迪|hera|儿也|luze|纵连
ドキドキDREAM!!!,622,STD,オンゲキ＆CHUNITHM,STD 5 | STD 8+ | STD 11+ | STD 13,210,MURASAKi,2017-02-21,否,ドキドキdream!!!|dokidoki|五对柰子,235,イロドリミドリ,イロドリミドリ,STD 3 | STD 6 | STD 9+ | STD 12+ | STD 13+,210,AIR,
私の中の幻想的世界観及びその顕現を想起させたある現実での出来事に関する一考察,620,STD,オンゲキ＆CHUNITHM,STD 6 | STD 7 | STD 9+ | STD 13,175,MURASAKi,2017-02-21,否,私の中の幻想的世界観及びその顕現を想起させたある現実での出来事に関する一考察|名字鬼长|名字很长|内心幻想世界观及相关事件考察|对现实的考察映照心中幻想世界,103,イロドリミドリ,小仏 凪(CV:佐倉 薫),STD 3 | STD 6 | STD 9 | STD 13+,175,CHUNITHM,名字很长的歌|一考察
Sakura Fubuki,619,STD,ゲーム＆バラエティ,STD 5 | STD 8 | STD 12 | STD 13+,175,MURASAKi,2017-02-14,否,sakura fubuki|sakura|吹雪|🌸💨❄️|樱吹屎|fbk|神里绫华|白上吹雪|樱吹雪,231,VARIETY,Street,STD 3 | STD 7 | STD 9 | STD 13,175,AIR,樱吹雪
DETARAME ROCK&ROLL THEORY,618,STD,オンゲキ＆CHUNITHM,STD 5 | STD 8 | STD 11 | STD 13+,140,MURASAKi,2017-02-14,否,detarame rock&roll theory|箱部弹吉他|drt|星星歌|detarame|萝莉～萝莉～|摇滚理论|drrt|8787|箱部的摇滚理论|箱部鸣,110,イロドリミドリ,箱部 なる(CV:M・A・O),STD 3 | STD 6 | STD 9 | STD 12,140,CHUNITHM,DETARAME
conflict,617,DX/STD,ゲーム＆バラエティ,DX 3 | DX 8 | DX 11 | DX 13 ; STD 5 | STD 8 | STD 12+ | STD 14,160,MURASAKi,2017-02-07,否,conflict|冲突|对立|公交车|🚌|bus|标准公交车|宫村|标公交车|dx公交车,84,VARIETY,siromaru + cranky,STD 4 | STD 6 | STD 10+ | STD 14,160,CHUNITHM,公交车|冲突
フォルテシモBELL,616,STD,オンゲキ＆CHUNITHM,STD 3 | STD 6 | STD 9 | STD 12+,121,MURASAKi,2017-02-07,否,フォルテシモbell|粉毛弹吉他|bell|emu|千早爱音|fortissimo bell,100,イロドリミドリ,天王洲 なずな(CV:山本 彩乃),STD 2 | STD 5 | STD 8 | STD 11,121,CHUNITHM,
チュルリラ・チュルリラ・ダッダッダ！,612,STD,niconico＆ボーカロイド,STD 6 | STD 8 | STD 11 | STD 13,220,MURASAKi,2017-01-24,否,チュルリラ・チュルリラ・ダッダッダ！|啾噜哩啦啾噜哩啦哒哒哒|哒哒哒|告老师|jk结月缘|告状|告密教室|告密老师|ddd|结月缘杀人|暗杀教室|啾噜哩啦|ダッダッダ|秋露里拉|打小报告|啾噜哩啦·啾噜哩啦·哒哒哒|撒撒米糕大|宁宁二箱,260,niconico,和田たけあき(くらげP),STD 3 | STD 6 | STD 10 | STD 13+,220,AIR PLUS,哒哒哒
色は匂へど散りぬるを,608,DX/STD,東方Project,DX 3 | DX 6 | DX 9 | DX 12+ ; STD 4 | STD 7+ | STD 9+ | STD 12,138,MURASAKi,2016-12-15,否,色は匂へど散りぬるを|老年人活动中心|花开艳丽终散落|花艳终散|花朵艳丽终会散落|伊洛瓦|色散|dx色散|花朵艳丽,382,東方Project,幽閉サテライト,STD 2 | STD 5 | STD 8+ | STD 11,138,STAR PLUS,
taboo tears you up,606,DX/STD,東方Project,DX 3 | DX 7+ | DX 10+ | DX 14 ; STD 6 | STD 8 | STD 11 | STD 13,180,MURASAKi,2016-12-15,否,taboo tears you up|竹竹的板子|禁忌将你撕裂|三倍icecream|淘宝|滔搏|dx禁忌将你撕裂|dxtaboo|dx淘宝|淘宝泪|他不哭你上,5,東方Project,REDALiCE (HARDCORE TANO*C),STD 3 | STD 6 | STD 9+ | STD 13+ | STD 15,180,AIR PLUS,淘宝|淘宝撕碎你
回レ！雪月花,605,DX/STD,POPS＆アニメ,DX 3 | DX 7 | DX 10 | DX 12 ; STD 5 | STD 8 | STD 10+ | STD 13,160,MURASAKi,2016-12-15,否,,161,POPS & ANIME,歌組雪月花 夜々(原田 ひとみ)/いろり(茅野 愛衣)/小紫(小倉 唯) 「機巧少女は傷つかない」,STD 3 | STD 5 | STD 9+ | STD 12+ | STD 14,160,CHUNITHM PLUS,雪月花
空威張りビヘイビア,604,STD,maimai,STD 6 | STD 8 | STD 10+ | STD 13+,186,MURASAKi,2016-12-15,否,空威張りビヘイビア|空威张|虚张声势的行为|欧尼酱|虚张声势behavior|欧欧欧欧欧欧尼酱,237,ゲキマイ,un:c・ろん×じーざすP,STD 3 | STD 6 | STD 9 | STD 13 | STD 14,186,AIR,
STAIRWAY TO GENERATION,603,STD,ゲーム＆バラエティ,STD 6 | STD 7+ | STD 11+ | STD 13+,150,MURASAKi,2016-12-15,否,stairway to generation|一片绿|八块钱|stairway,234,VARIETY,Yosh(Survive Said The Prophet)「ボーダーブレイク」,STD 3 | STD 5 | STD 9+ | STD 13,150,AIR,
ゴーストルール,601,DX/STD,niconico＆ボーカロイド,DX 3 | DX 7+ | DX 9+ | DX 13 ; STD 5 | STD 8 | STD 10+ | STD 13,210,MURASAKi,2016-12-15,否,ゴーストルール|👻|标准幽灵法则|幽灵法则|ghost rule|露露|小吹爆|幽灵|露露小姐|法则|dx幽灵法则|口一又卜儿一儿|幽灵规则,418,niconico,DECO*27,STD 3 | STD 5 | STD 9+ | STD 13+,210,STAR PLUS,幽灵法则|初音未来
AMAZING MIGHTYYYY!!!!,599,STD,maimai,STD 7+ | STD 9+ | STD 13+ | STD 14+ | STD 14,185,PiNK PLUS,2016-11-17,否,amazing mightyyyy!!!!|！！！！|不可思议的大概概概概|恋爱裁判3|四个感叹号|惊异全能|am|恋爱裁判2|惊人强大|这么强？|惊人的强大|太神奇了，太强大了！|樱羽艾玛,378,ゲキマイ,WAiKURO,STD 4 | STD 8+ | STD 12 | STD 14+,185,STAR,am
ECHO,598,STD,niconico＆ボーカロイド,STD 4 | STD 7+ | STD 11 | STD 13,140,PiNK PLUS,2016-11-17,否,echo|A口|回声|人形师单手鸟|诶口|一口|电视头,262,niconico,CIRCRUSH,STD 3 | STD 5 | STD 9+ | STD 12+,140,AIR PLUS,回声|恶臭
木彫り鯰と右肩ゾンビ,597,STD,niconico＆ボーカロイド,STD 6 | STD 8 | STD 10+ | STD 13+,150,PiNK PLUS,2016-11-17,否,木彫り鯰と右肩ゾンビ|右肩|僵尸|木雕鲇鱼|木雕|鲷鱼烧|右肩僵尸|肩周炎|木雕鲶鱼与右肩僵尸|木彫|大连海事大学校歌|木鲶鱼|木雕鲶鱼|拔小蒜|绸鱼烧,366,niconico,hanzo,STD 3 | STD 5 | STD 9+ | STD 12+,150,STAR,木雕
終わりなき物語,595,STD,ゲーム＆バラエティ,STD 5 | STD 7+ | STD 10+ | STD 12+,150,PiNK PLUS,2016-11-04,否,終わりなき物語|终物语|无尽物语|物语,375,POPS & ANIME,クーナ(CV.喜多村英梨)「PHANTASY STAR ONLINE 2」,STD 3 | STD 5 | STD 8 | STD 12+,150,STAR,
ハート・ビート,594,STD,オンゲキ＆CHUNITHM,STD 6 | STD 8 | STD 10+ | STD 13,212,PiNK PLUS,2016-11-04,否,ハート・ビート|心跳2|心跳节拍|心跳|serina|heart beat|架子鼓|heartbeat,131,イロドリミドリ,明坂 芹菜(CV:新田 恵海),STD 3 | STD 6 | STD 10 | STD 12,212,CHUNITHM PLUS,
CITRUS MONSTER,593,STD,maimai,STD 7 | STD 9 | STD 12+ | STD 14,220,PiNK PLUS,2016-10-20,否,citrus monster|欧润吉|柑橙怪兽|柚子怪兽|橘怪|橘子怪兽|cm|🍊|桔子怪兽,508,ゲキマイ,D-Cee,STD 4 | STD 8 | STD 12 | STD 14+,220,AMAZON,橘子怪兽|橘子|citrusmonster|cm|理财产品
エテルニタス・ルドロジー,591,STD,東方Project,STD 5 | STD 7+ | STD 11 | STD 13+,178,PiNK PLUS,2016-10-06,否,エテルニタス・ルドロジー|aeternitas ludology|东方鼓动|永恒游戏学|八云紫,122,東方Project,IRON ATTACK!,STD 3 | STD 7 | STD 10 | STD 13+,178,AIR,
ひれ伏せ愚民どもっ！,590,STD,東方Project,STD 5 | STD 7+ | STD 10+ | STD 13,180,PiNK PLUS,2016-10-06,否,ひれ伏せ愚民どもっ！|佩恩|愚民|辉夜,121,東方Project,ARM＋夕野ヨシミ (IOSYS) feat.miko,STD 3 | STD 6 | STD 10 | STD 13+,180,AIR,
No Routine,589,STD,東方Project,STD 6 | STD 7 | STD 11 | STD 13,163,PiNK PLUS,2016-10-06,否,no routine|画苍浅学姐|绿色女人|东方龙|没有日常|三梦奇缘|杨墓|没门|龙女|蒙娜丽莎,212,東方Project,A-One,STD 2 | STD 6 | STD 9 | STD 12+,163,AIR,
Hyper Active,588,STD,maimai,STD 6 | STD 9 | STD 13 | STD 13+,160,PiNK PLUS,2016-09-22,否,hyper active|我们仨|黄卡车|泥头车|小黄车|撞大运|卡车|擎天柱|大卡车|大运重卡|百吨王,353,ゲキマイ,HiTECH NINJA,STD 3 | STD 7 | STD 10+ | STD 14,160,STAR,泥头车
brilliant better,587,STD,オンゲキ＆CHUNITHM,STD 5 | STD 7 | STD 11+ | STD 13,172,PiNK PLUS,2016-09-22,否,brilliant better|bb|黄色吉他|更精彩|金毛弹吉他,95,イロドリミドリ,御形 アリシアナ(CV:福原 綾香),STD 3 | STD 5 | STD 10 | STD 12 | STD 13+,172,CHUNITHM,
セハガガガンバッちゃう！！,586,STD,POPS＆アニメ,STD 6 | STD 8 | STD 11 | STD 13,202,PiNK PLUS,2016-09-22,否,セハガガガンバッちゃう！！|世嘉硬件娘|SBGA|sega hard girls|好几个娘们|世嘉硬件女孩,341,POPS & ANIME,Hi☆sCoool! セハガール,STD 3 | STD 6 | STD 9+ | STD 13,202,STAR,
Barbed Eye,585,STD,maimai,STD 5 | STD 7+ | STD 10+ | STD 13,135,PiNK PLUS,2016-09-08,否,barbed eye|狗谷爱|坏眼|爸爸的爱,285,ゲキマイ,柿チョコ×みきとP,STD 3 | STD 5 | STD 9 | STD 12,135,AIR PLUS,
Hand in Hand,583,STD,niconico＆ボーカロイド,STD 4 | STD 6 | STD 10 | STD 12+,128,PiNK PLUS,2016-08-31,否,hand in hand|手牵手|手拉手|hih|难忘今宵|握握手|诺基亚|手在手里面,178,niconico,livetune,STD 3 | STD 5 | STD 8+ | STD 11+,128,AIR,手拉手
洗脳,578,STD,maimai,STD 4 | STD 7 | STD 10+ | STD 12 | STD 12+,125,PiNK PLUS,2016-07-28,否,洗脳|洗脑,153,ゲキマイ,ゆりん・柿チョコ×Neru,STD 2 | STD 5 | STD 8 | STD 11+,125,CHUNITHM PLUS,洗脑
Infantoon Fantasy,577,STD,オンゲキ＆CHUNITHM,STD 6 | STD 8+ | STD 10+ | STD 13+,185,PiNK PLUS,2016-07-28,否,infantoon fantasy|中指|两茄子|中指机器人|竖中指|🖕|🖕🏻|竖中指机器人|if,34,ORIGINAL,t+pazolite,STD 5 | STD 7 | STD 9+ | STD 13 | STD 14,185,CHUNITHM,银莲花幻想|银莲花|NEO比中指
パーフェクト生命,576,STD,niconico＆ボーカロイド,STD 6 | STD 8 | STD 10 | STD 13,200,PiNK PLUS,2016-07-14,否,パーフェクト生命|完美生命|✌🏻😎✌🏻|生命,315,niconico,ナユタン星人,STD 3 | STD 6 | STD 10 | STD 13,200,STAR,完美生命
高気圧ねこロック,575,STD,maimai,STD 6 | STD 8+ | STD 11+ | STD 13+,260,PiNK PLUS,2016-06-30,否,高気圧ねこロック|高血压流汗黄豆|高气压猫猫头|高气压猫|高气压猫摇滚|高气压|马香远|高血压,369,ゲキマイ,小野隊長とJimmy親分,STD 3 | STD 6 | STD 10 | STD 13,260,AMAZON,高气压
月に叢雲華に風,573,DX/STD,東方Project,DX 2 | DX 6 | DX 9 | DX 12+ ; STD 4 | STD 7 | STD 10 | STD 13,160,PiNK PLUS,2016-06-30,否,月に叢雲華に風|月遇丛云花遇风|月映丛云|摇摆阳|月风|月丛云华风|丛云伴月|小五|月云华风|月华|月丛云|闲云遮月清风袭花|月映从云花语风|丛云华|月从云华风|月隐於丛云花散於风,206,東方Project,幽閉サテライト,STD 3 | STD 5 | STD 8 | STD 12,160,AIR,
Invitation,572,STD,オンゲキ＆CHUNITHM,STD 4 | STD 7+ | STD 9+ | STD 13,147,PiNK PLUS,2016-06-30,否,invitation|！？|邀请,23,ORIGINAL,れるりり feat.ろん,STD 3 | STD 6 | STD 8 | STD 11+ | STD 13+,147,CHUNITHM,邀请|邀请函
恋愛裁判,569,STD,niconico＆ボーカロイド,STD 4 | STD 7 | STD 10 | STD 11+,134,PiNK PLUS,2016-06-30,否,恋愛裁判|恋爱裁判|情人节|逆转裁判|18z|有罪|恋爱审判,150,niconico,40mP,STD 2 | STD 5 | STD 8+ | STD 11+,134,CHUNITHM PLUS,恋爱裁判
儚きもの人間,567,STD,東方Project,STD 5 | STD 8 | STD 10+ | STD 13+,180,PiNK PLUS,2016-06-30,否,儚きもの人間|少女炼狱|人间|梦人间,297,東方Project,豚乙女,STD 3 | STD 6 | STD 9+ | STD 13,180,STAR,
無敵We are one!!,566,STD,オンゲキ＆CHUNITHM,STD 5 | STD 8+ | STD 10 | STD 13+,190,PiNK PLUS,2016-06-30,否,無敵we are one!!|无敌|我们是一|奢香夫人|我们是无敌1|我们是1|无敌！我们是1|无敌我们是1|无敌we are one|无敌我们是一,132,イロドリミドリ,イロドリミドリ,STD 3 | STD 6 | STD 9+ | STD 12+,190,CHUNITHM PLUS,
Jimang Shot,564,STD,東方Project,STD 6 | STD 7+ | STD 10+ | STD 13,164,PiNK,2016-05-12,否,jimang shot|囧仙|报纸歌|大叔唱歌|2015,113,東方Project,じまんぐ,STD 3 | STD 5 | STD 9+ | STD 13+,164,CHUNITHM PLUS,
少女幻葬戦慄曲 ～ Necro Fantasia,563,STD,東方Project,STD 6 | STD 8 | STD 10+ | STD 13+,182,PiNK,2016-05-12,否,少女幻葬戦慄曲 ～ necro fantasia|幻葬|少女幻葬|死灵幻想曲,74,東方Project,どぶウサギ,STD 3 | STD 6 | STD 9+ | STD 13+,182,CHUNITHM PLUS,少女幻葬
蒼空に舞え、墨染の桜,562,STD,東方Project,STD 6 | STD 7 | STD 11 | STD 13,150,PiNK,2016-05-12,否,蒼空に舞え、墨染の桜|妖梦|苍空舞|苍空飞舞墨染之樱|苍空|糯香柠檬茶|墨染|墨染樱,50,東方Project,Silver Forest,STD 3 | STD 5 | STD 8+ | STD 12+,150,CHUNITHM PLUS,
東方妖々夢 ～the maximum moving about～,561,STD,東方Project,STD 6 | STD 8 | STD 9+ | STD 13,196,PiNK,2016-05-12,否,東方妖々夢 ～the maximum moving about～|妖妖梦|东方不可拘束|东方妖梦|东方妖妖梦|车万不可拘束,73,東方Project,石鹸屋,STD 3 | STD 6 | STD 9+ | STD 14,198,CHUNITHM PLUS,妖梦
橙の幻想郷音頭,560,STD,東方Project,STD 5 | STD 7 | STD 11 | STD 13,136,PiNK,2016-05-12,否,橙の幻想郷音頭|橙|幻想乡音头|音头|🐱|橙舞|欢乐斗地主|橙音头|橙之幻想乡|橙的幻想乡音头,75,東方Project,発熱巫女～ず,STD 1 | STD 4 | STD 8 | STD 10+,136,CHUNITHM PLUS,幻想乡音头
FEEL the BEATS,558,STD,maimai,STD 5 | STD 8+ | STD 11+ | STD 13+ | STD 13+,166,PiNK,2016-04-21,否,feel the beats|ftb|感受节拍|fb,505,ゲキマイ,A-One,STD 3 | STD 6 | STD 9+ | STD 12,166,AMAZON,
頓珍漢の宴,556,STD,niconico＆ボーカロイド,STD 5 | STD 8+ | STD 11+ | STD 13+,145,PiNK,2016-04-07,否,頓珍漢の宴|珍顿汉|🥓|顿珍汉|🙏|顿珍汉宴|初音上菜|吃饭|顿珍汉之宴|顿震撼|汉尼拔之宴|顿珍汉吃席|顿珍宴,419,niconico,ピノキオピー,STD 3 | STD 6 | STD 10 | STD 14,145,STAR PLUS,顿珍汉之宴
ありふれたせかいせいふく,555,STD,niconico＆ボーカロイド,STD 5 | STD 7+ | STD 9+ | STD 13+,150,PiNK,2016-04-07,否,ありふれたせかいせいふく|世界征服|初音围巾|围巾初音白背景|司空见惯的世界征服|司空见惯|红围巾,1669,niconico,ピノキオピー,STD 3 | STD 5 | STD 9 | STD 13+,150,VERSE,
オモイヨシノ,553,STD,ゲーム＆バラエティ,STD 4 | STD 7+ | STD 10+ | STD 13,168,PiNK,2016-03-03,否,オモイヨシノ|恋咏樱,275,VARIETY,loos feat. 柊莉杏,STD 3 | STD 5 | STD 8 | STD 11+,168,STAR PLUS,
ラブリー☆えんじぇる!!,552,STD,POPS＆アニメ,STD 5 | STD 7 | STD 10 | STD 12,173,PiNK,2016-03-03,否,ラブリー☆えんじぇる!!|女同14|可爱天使,249,POPS & ANIME,あべにゅうぷろじぇくと feat.佐倉紗織&井上みゆ「パチスロ快盗天使ツインエンジェル」,STD 3 | STD 6 | STD 9+ | STD 12+,173,AIR PLUS,
7thSense,551,STD,maimai,STD 6 | STD 8+ | STD 11+ | STD 14,150,PiNK,2016-02-18,否,7thsense|阿玛希斯特之死|7s|旗杆|第七个sensei|阿斯特瑞之死|七感|7|七拍子|7感|7th|第七感,1725,ゲキマイ,削除,STD 4 | STD 7 | STD 12 | STD 14+,150,VERSE,
厨病激発ボーイ,544,STD,niconico＆ボーカロイド,STD 6 | STD 8 | STD 10+ | STD 13+,190,PiNK,2019-03-08,否,,416,niconico,れるりり,STD 3 | STD 5 | STD 9 | STD 13,190,STAR PLUS,厨病激发
アージェントシンメトリー,541,STD,maimai,STD 5 | STD 7 | STD 10+ | STD 13 | STD 14,172,PiNK,2015-12-09,否,アージェントシンメトリー|pink op|草莓章鱼|银对称性|银色对称|银对称|银色对称性|桃代主题曲|科目二|pink主题曲|方向盘|argent symmetry|白银对称|白银|sta|白银对称性,1762,ゲキマイ,Sta feat.b,STD 3 | STD 6 | STD 10 | STD 14,172,X-VERSE,
閃鋼のブリューナク,540,STD,オンゲキ＆CHUNITHM,STD 5 | STD 8+ | STD 11+ | STD 13+,140,PiNK,2015-12-09,否,閃鋼のブリューナク|闪钢,86,ORIGINAL,sasakure.UK,STD 4 | STD 9 | STD 13+ | STD 14+,140,CHUNITHM,闪钢
すろぉもぉしょん,539,STD,niconico＆ボーカロイド,STD 4 | STD 7 | STD 9+ | STD 12+,160,PiNK,2015-12-09,否,,115,niconico,ピノキオピー,STD 3 | STD 5 | STD 8 | STD 11+ | STD 14,160,CHUNITHM,slow motion
物凄い勢いでけーねが物凄いうた,538,STD,東方Project,STD 5 | STD 7 | STD 9+ | STD 13,180,PiNK,2015-12-09,否,物凄い勢いでけーねが物凄いうた|以惊人的气势发出了惊人的声音|物凄势|物凄|罪|白泽球|慧音|三倍ice☆cream|东方之血,324,東方Project,Halozy,STD 3 | STD 6 | STD 9 | STD 12 | STD 13+,180,STAR PLUS,
幾四音-Ixion-,535,STD,オンゲキ＆CHUNITHM,STD 5 | STD 8+ | STD 10+ | STD 13,210,PiNK,2015-12-09,否,幾四音-ixion-|几四音|急死银|幾四音|第四爱,104,ORIGINAL,M.S.S Project,STD 3 | STD 6 | STD 9+ | STD 12 | STD 14,210,CHUNITHM,几四音
りばーぶ,534,STD,maimai,STD 3 | STD 7 | STD 9+ | STD 11,120,PiNK,2015-12-09,否,りばーぶ|reverb|两个人喝茶|混响|友人对战,284,ゲキマイ,高橋菜々×岡部啓一(MONACA),STD 2 | STD 5 | STD 8 | STD 11,120,AIR PLUS,
言ノ葉遊戯,533,STD,maimai,STD 4 | STD 7+ | STD 10+ | STD 12+,164,PiNK,2015-12-09,否,言ノ葉遊戯|言叶游戏|文字游戏|游戏,102,ゲキマイ,S!N・高橋菜々×ひとしずく・やま△,STD 3 | STD 6 | STD 9+ | STD 11+,164,CHUNITHM,言叶游戏
Counselor,532,STD,オンゲキ＆CHUNITHM,STD 4 | STD 7+ | STD 10+ | STD 12,135,PiNK,2015-12-09,否,counselor|小护士|律师,38,ORIGINAL,DECO*27 feat.echo,STD 3 | STD 6 | STD 9+ | STD 12 | STD 13,135,CHUNITHM,顾问
初音ミクの消失,530,DX/STD,niconico＆ボーカロイド,DX 6 | DX 8 | DX 12 | DX 14 ; STD 6 | STD 8+ | STD 11+ | STD 13+,240,PiNK,2015-12-09,否,初音ミクの消失|标准消失|初音没有来|初音没来|消失|初音未来的消失|誓死守护公主殿下|标消失|dx消失|绿南十字|暴走p的消失,2,niconico,cosMo＠暴走P,STD 5 | STD 8 | STD 12 | STD 14+,240,AIR,消失
最終鬼畜妹・一部声,528,STD,東方Project,STD 6 | STD 8 | STD 11+ | STD 13+,200,ORANGE PLUS,2015-11-12,否,最終鬼畜妹・一部声|鬼叫|鬼畜妹一部声|蓝蓝路|一部声|易卜生|鬼畜妹|月女儿|月儿子青春版|最终鬼畜妹,49,東方Project,ビートまりお,STD 3 | STD 7 | STD 10 | STD 14,200,CHUNITHM,最终鬼畜妹
四次元跳躍機関,527,STD,東方Project,STD 3 | STD 7 | STD 10+ | STD 13,135,ORANGE PLUS,2015-11-12,否,四次元跳躍機関|四次元跳跃机关|大小姐|跳楼机|机关|跳跃机关|四次元|冰风,72,東方Project,koutaq,STD 2 | STD 5 | STD 8 | STD 13+,135,CHUNITHM,四次元跳跃机关
Yet Another ”drizzly rain”,526,STD,東方Project,STD 4 | STD 7+ | STD 10 | STD 12+,175,ORANGE PLUS,2015-11-12,否,yet another ”drizzly rain”|姆q|帕秋莉,48,東方Project,myu314 feat.あまね（COOL&CREATE）,STD 3 | STD 5 | STD 9+ | STD 12,175,CHUNITHM,
Aiolos,525,STD,maimai,STD 6 | STD 8+ | STD 12+ | STD 14,205,ORANGE PLUS,2015-10-15,否,aiolos|艾欧洛斯|阿米诺斯|艾俄洛斯|肉包|aio,1370,ゲキマイ,xi,STD 4 | STD 9 | STD 13+ | STD 15,205,SUN PLUS,啊米诺斯
ストリーミングハート,523,STD,niconico＆ボーカロイド,STD 3 | STD 8 | STD 10+ | STD 13,210,ORANGE PLUS,2015-09-17,否,ストリーミングハート|嘉然|流心|嘉然比心,66,niconico,DECO*27,STD 3 | STD 6 | STD 8 | STD 11+ | STD 14,210,CHUNITHM,
Sweet Devil,521,STD,niconico＆ボーカロイド,STD 4 | STD 7 | STD 11 | STD 12+,132,ORANGE PLUS,2015-07-16,否,,67,niconico,八王子P,STD 2 | STD 6 | STD 9 | STD 12+,132,CHUNITHM,恶魔|wqn cheng
六兆年と一夜物語,520,DX/STD,niconico＆ボーカロイド,DX 4 | DX 7+ | DX 9 | DX 13+ ; STD 5 | STD 7+ | STD 10+ | STD 13+,186,ORANGE PLUS,2015-07-16,否,六兆年と一夜物語|希腊奶|标六兆年|6m|六兆年|6000000000000年|六兆年零一夜物语|dx希腊奶|dx六兆年|安慕希,17,niconico,kemu,STD 3 | STD 5 | STD 9+ | STD 13 | STD 14,186,CHUNITHM,六兆年|lzn
Change Our MIRAI！,519,DX/STD,オンゲキ＆CHUNITHM,DX 4 | DX 7+ | DX 10+ | DX 12+ ; STD 4 | STD 8 | STD 11 | STD 13,256,ORANGE PLUS,2015-07-16,否,change our mirai！|改变未来|四对奶子|com|五个女人|五对奶子|中年男人|四大一小|五对柰子|小心彩绿|不含月铃姐妹|dx五对奶子|改变我们的未来,90,イロドリミドリ,イロドリミドリ,STD 3 | STD 5 | STD 8+ | STD 12 | STD 14+,256,CHUNITHM,
キャプテン・ムラサのケツアンカー,516,STD,東方Project,STD 6 | STD 7 | STD 11 | STD 13,190,ORANGE PLUS,2015-07-16,否,キャプテン・ムラサのケツアンカー|村纱水蜜|船长,889,東方Project,ARM＋夕野ヨシミ (IOSYS) feat.山本椛,STD 3 | STD 6 | STD 9+ | STD 13,190,CHUNITHM NEW,
Oshama Scramble!,512,DX/STD,maimai,DX 4 | DX 8+ | DX 11 | DX 13+ ; STD 6 | STD 8+ | STD 11+ | STD 14,190,ORANGE PLUS,2015-06-25,否,oshama scramble!|标奶|😄😄|女同15|猫娘贴贴|牛乳|牛奶猫|丰胸奶|每日一瓶奶，强健音游人|🥛|奶猫|标牛奶|牛奶|😸😸|巧克力与香子兰|os!|牛奶猫标准|两只猫和谐共处|dx奶|凯尔希打嵯峨|凯尔希嵯峨贴贴|dx牛奶|喝奶|dx奶猫|dx黑白哈基米|黑白哈基米|牛奶猫dx|猫抓板|一天一杯奶强壮音游人|奶牛猫|我从小喝到大|从小喝到大|正宗椰汁椰树牌,238,ゲキマイ,t+pazolite,STD 4 | STD 8 | STD 11 | STD 14 | STD 15,190,CRYSTAL PLUS,牛奶|牛奶猫
若い力 -SEGA HARD GIRLS MIX-,511,STD,POPS＆アニメ,STD 5 | STD 7 | STD 10 | STD 12+ | STD 12+,162,ORANGE PLUS,2015-06-04,否,若い力 -sega hard girls mix-|若以力|世嘉少女|年轻的力量|sbga|sega社歌|sega|世嘉社歌|世嘉女孩|若力|世嘉硬件女孩|若力二次元版,277,POPS & ANIME,セガ・ハード・ガールズ,STD 3 | STD 6 | STD 8 | STD 11+,162,AIR PLUS,
ウミユリ海底譚,510,STD,niconico＆ボーカロイド,STD 4 | STD 7 | STD 9+ | STD 13,120,ORANGE PLUS,2015-05-14,否,ウミユリ海底譚|海百合|海百合海底谭|水神3|在海下面|初音跳海|海底潭|谭|海魔王|初音未来跳海|海底谭|海底捞|舞萌科目二|umiyuri,151,niconico,n-buna,STD 3 | STD 5 | STD 9+ | STD 12+,120,CHUNITHM PLUS,海底谭|地雷|屎|百合花
悪戯,506,STD,maimai,STD 5 | STD 7 | STD 10 | STD 12+,140,ORANGE PLUS,2015-04-16,否,悪戯|恶戏|恶习,283,ゲキマイ,ろん×田中秀和(MONACA),STD 3 | STD 5 | STD 9+ | STD 12+,140,AIR PLUS,恶戏
L9,503,STD,ゲーム＆バラエティ,STD 5 | STD 8 | STD 11 | STD 13+,256,ORANGE PLUS,2015-03-19,否,l9|轴交互|绿9,15,VARIETY,paraoka,STD 4 | STD 6 | STD 9+ | STD 13+ | STD 15,252,CHUNITHM,l9|屎|大便
ってゐ！ ～えいえんてゐVer～,502,STD,東方Project,STD 3 | STD 7 | STD 9+ | STD 12 | STD 13,156,ORANGE PLUS,2015-03-19,否,ってゐ！ ～えいえんてゐver～|永远亭|因幡帝|翘屁股|屁股|翘臀|帝帝|粉裙子,119,東方Project,石鹸屋,STD 3 | STD 5 | STD 9+ | STD 11+,159,AIR,
ケロ⑨destiny,501,DX/STD,東方Project,DX 3 | DX 6 | DX 10 | DX 13 ; STD 4 | STD 7 | STD 10+ | STD 13,172,ORANGE PLUS,2015-03-19,否,ケロ⑨destiny|9|acc|kero|⑨|kero9destiny,319,東方Project,Silver Forest,STD 3 | STD 5 | STD 9+ | STD 13+,172,STAR,
ロストワンの号哭,500,STD,niconico＆ボーカロイド,STD 4 | STD 6 | STD 10+ | STD 13+ | STD 14,162,ORANGE PLUS,2015-03-19,否,ロストワンの号哭|号哭|哭哭|kappa|没有1我要哭了|失去1的号哭|lost one的号哭|lost one 的号哭|鹅哭,44,niconico,Neru,STD 3 | STD 6 | STD 9 | STD 13 | STD 14,162,CHUNITHM,号哭
みくみくにしてあげる♪【してやんよ】,499,STD,niconico＆ボーカロイド,STD 4 | STD 6 | STD 9 | STD 11+,160,ORANGE PLUS,2015-03-19,否,みくみくにしてあげる♪【してやんよ】|📉|狗·眼·①·瞎|飞龙|把你mikumiku掉|mikumiku,221,niconico,ika,STD 3 | STD 5 | STD 8 | STD 11+,160,AIR,
Caliburne ～Story of the Legendary sword～,497,STD,maimai,STD 5 | STD 9 | STD 12+ | STD 14,190,ORANGE,2015-03-05,否,caliburne ～story of the legendary sword～|生煎1|圣剑|生煎|咖喱棒|圣剑1|石中剑|圣剑一|福瑞|福瑞1|福瑞跑步|咖喱棒 ～圣剑传说～|额滴圣剑,356,ゲキマイ,Project Grimoire,STD 4 | STD 8 | STD 12+ | STD 14+,190,STAR,圣剑|生煎|生煎1|圣剑1
究極焼肉レストラン！お燐の地獄亭！,491,STD,東方Project,STD 6 | STD 7 | STD 10+ | STD 12+,185,ORANGE,2015-01-08,否,究極焼肉レストラン！お燐の地獄亭！|究极烧肉|烤肉,457,東方Project,ARM＋夕野ヨシミ (IOSYS) feat.藤枝あかね,STD 3 | STD 6 | STD 8 | STD 12,185,AMAZON,
Cosmic Magic Shooter,489,STD,東方Project,STD 5 | STD 7+ | STD 10+ | STD 13+,163,ORANGE,2015-01-08,否,cosmic magic shooter|魔术射手|魔弹射手|魔法射手|感情的摩天楼|宇宙魔术射手|cms|摩天轮|宇宙魔法射手,637,東方Project,SOUND HOLIC feat. Nana Takahashi,STD 3 | STD 6 | STD 9 | STD 12+,163,CRYSTAL,
アンハッピーリフレイン,487,STD,niconico＆ボーカロイド,STD 5 | STD 8 | STD 11+ | STD 13,205,ORANGE,2014-12-18,否,アンハッピーリフレイン|副歌|ur|unhappy refrain|不高兴的副歌|unhappy|💗|不开心,257,niconico,wowaka,STD 3 | STD 7 | STD 9+ | STD 13+,205,AIR PLUS,unhappy refrain|ur
VERTeX,483,STD,maimai,STD 5 | STD 8+ | STD 11+ | STD 14+,237,ORANGE,2014-11-26,否,vertex|🌊|芙卡洛斯|水神一|羽落心弦|水神1|芙宁娜|水神,344,ゲキマイ,Hiro「maimai」より,STD 4 | STD 8+ | STD 12 | STD 14+,237,STAR,水神|vertex|芙宁娜
FLOWER,479,STD,ゲーム＆バラエティ,STD 6 | STD 8 | STD 11+ | STD 13+ | STD 14,173,ORANGE,2014-10-29,否,flower|全機種制霸|🌹|花|花神|扶寿二|扶老二,135,VARIETY,DJ YOSHITAKA,STD 3 | STD 5 | STD 9+ | STD 13 | STD 14,173,CHUNITHM,花|扶老二|街机公交车
おこちゃま戦争,474,STD,niconico＆ボーカロイド,STD 6 | STD 7 | STD 10+ | STD 13,175,ORANGE,2014-09-18,否,おこちゃま戦争|孩子气|孩子气的战争|孩子气战争|战争,254,niconico,ギガ/れをる,STD 4 | STD 7 | STD 10 | STD 13+,175,AIR PLUS,孩子气的战争
B.B.K.K.B.K.K.,473,STD,ゲーム＆バラエティ,STD 6 | STD 8+ | STD 12+ | STD 14,170,ORANGE,2014-09-18,否,b.b.k.k.b.k.k.|汉堡王|↑↑↓↓↑↓↓|bbk|bbkk|bbkkbkk|bass kick|↑↓|bk|鲈鱼踢踢鲈鱼踢,1,VARIETY,nora2r,STD 4 | STD 6 | STD 10 | STD 12+ | STD 13+,170,CHUNITHM,bbkkbkk|bk
明星ロケット,470,STD,東方Project,STD 5 | STD 7+ | STD 10 | STD 12 | STD 12+,163,ORANGE,2014-09-18,否,明星ロケット|幻想事变|明星火箭|明星|明星rocket,942,東方Project,岸田教団&THE明星ロケッツ,STD 2 | STD 5 | STD 9 | STD 13,163,PARADISE LOST,
緋色のDance,469,STD,東方Project,STD 5 | STD 7+ | STD 10+ | STD 13 | STD 13+,155,ORANGE,2014-09-18,否,緋色のdance|绯色dance|绯色|绯色之舞,94,東方Project,岸田教団＆THE明星ロケッツ,STD 3 | STD 6 | STD 10 | STD 12+,155,CHUNITHM,绯色
ダブルラリアット,468,STD,niconico＆ボーカロイド,STD 5 | STD 6 | STD 10+ | STD 13,138,ORANGE,2014-09-18,否,ダブルラリアット|转圈歌|巡音转圈,631,niconico,アゴアニキ,STD 2 | STD 5 | STD 9 | STD 11,138,CRYSTAL,转圈歌
深海少女,467,DX/STD,niconico＆ボーカロイド,DX 2 | DX 6 | DX 9 | DX 13 ; STD 3 | STD 7 | STD 9+ | STD 13,137,GreeN PLUS,2014-09-04,否,深海少女|深海和少女相比|深海魔男|深海邵壮|溺水双马尾|胖猫2|水神4|初音未来跳海2|dx深海少女|水神5,193,niconico,ゆうゆ,STD 3 | STD 5 | STD 8 | STD 11+,137,AIR,
シアワセうさぎ,464,STD,東方Project,STD 4 | STD 7 | STD 8+ | STD 11,140,GreeN PLUS,2014-08-22,否,シアワセうさぎ|幸福兔,1412,東方Project,ビートまりお＋あまね（COOL&CREATE）,STD 3 | STD 5 | STD 9 | STD 12,140,SUN PLUS,
Jack-the-Ripper◆,459,STD,ゲーム＆バラエティ,STD 5 | STD 9 | STD 12 | STD 14,210,GreeN PLUS,2014-07-17,否,jack-the-ripper◆|ripper|开膛手|杰哥|jtr|杰哥雷普|开膛手杰克|jack the ripper|杰克开膛手,129,VARIETY,sasakure.UK,STD 4 | STD 8 | STD 11+ | STD 14,210,CHUNITHM PLUS,jack the ripper|开膛手杰克|杰克
幻想のサテライト,457,DX/STD,東方Project,DX 4 | DX 7+ | DX 10 | DX 13 ; STD 4 | STD 8 | STD 11 | STD 14,230,GreeN PLUS,2014-07-17,否,幻想のサテライト|卫星|标幻想卫星|幻想卫星|homo|幻想的卫星|标准幻想卫星|dx幻想卫星,217,東方Project,豚乙女,STD 3 | STD 7 | STD 11 | STD 14,230,AIR,幻想卫星
待チ人ハ来ズ。,456,STD,東方Project,STD 3 | STD 7+ | STD 9+ | STD 13,160,GreeN PLUS,2014-07-17,否,待チ人ハ来ズ。|待人来|等人|小伞|小伞歌|等的人没有来|待人未至|东方旋转木马,563,東方Project,豚乙女,STD 2 | STD 5 | STD 9+ | STD 13,160,AMAZON PLUS,
からくりピエロ,453,STD,niconico＆ボーカロイド,STD 3 | STD 6 | STD 10 | STD 12+ | STD 12+,102,GreeN PLUS,2014-07-17,否,からくりピエロ|🤡|活动沙口|活动小丑|小丑|派对小丑,192,niconico,40mP,STD 2 | STD 5 | STD 8 | STD 11+,102,AIR,活动小丑
レッツゴー!陰陽師,452,STD,ゲーム＆バラエティ,STD 2 | STD 7 | STD 9+ | STD 13,150,GreeN PLUS,2014-07-17,否,レッツゴー!陰陽師|let'go!阴阳师|恶灵退散！恶灵退散！恶灵退散！|超级蓝绿|阴阳师|林正英|挑眉|仪式魔法|sm9|不要笑挑战,278,VARIETY,「新豪血寺一族 -煩悩解放-」,STD 2 | STD 5 | STD 8 | STD 11+,150,AIR PLUS,阴阳师
Outlaw's Lullaby,450,STD,ゲーム＆バラエティ,STD 4 | STD 8+ | STD 10+ | STD 14,145,GreeN PLUS,2014-06-17,否,outlaw's lullaby|史蒂夫抽烟|ol|ehk|如龙|如龙2|公奶龙|史蒂夫抽烈焰棒|王源|亡命之徒的摇篮曲,541,VARIETY,庄司英徳「龍が如く２」,STD 3 | STD 7 | STD 10+ | STD 14,145,AMAZON PLUS,如龙
言ノ葉カルマ,448,STD,maimai,STD 4 | STD 7 | STD 10+ | STD 13 | STD 13,150,GreeN PLUS,2014-05-15,否,言ノ葉カルマ|言叶业|soraru|言叶|因果|言叶之业|言叶1,56,ゲキマイ,そらる・ろん×れるりり,STD 3 | STD 7 | STD 9+ | STD 13 | STD 14,150,CHUNITHM,言叶
エピクロスの虹はもう見えない,447,STD,東方Project,STD 3 | STD 7 | STD 9+ | STD 11+ | STD 13,155,GreeN PLUS,2014-05-15,否,エピクロスの虹はもう見えない|圣母|虹见|上海红茶馆|再见不到伊壁鸠鲁的彩虹|伊壁鸠鲁,19,東方Project,SYNC.ART'S feat.美里,STD 2 | STD 5 | STD 8 | STD 11,155,CHUNITHM,
患部で止まってすぐ溶ける～狂気の優曇華院,445,DX/STD,東方Project,DX 3 | DX 7+ | DX 11 | DX 13 ; STD 4 | STD 8 | STD 10+ | STD 13+ | STD 14,200,GreeN PLUS,2014-05-15,否,患部で止まってすぐ溶ける～狂気の優曇華院|患部溶解|患部|优云华院|兔子药|肛塞|优昙华院|座药|overdrive|狂气的优昙华院|标准患部|标患部|绫地宁宁|一把米诺|dx患部|兔子跳|狂气优昙华院|铃仙,120,東方Project,ARM＋夕野ヨシミ (IOSYS) feat.miko,STD 3 | STD 7 | STD 11 | STD 14 | STD 15,200,AIR,患部
CYCLES,433,STD,maimai,STD 6 | STD 8 | STD 10+ | STD 13,135,GreeN PLUS,2014-04-10,否,cycles|轮回|🐎🐸🦌|马瓦鲁|cyc|马哇路|马洼路|马瓦路|马挖路|饼饼快乐曲|吗哇路|cycle|🐴🐸🦌|挖马路,503,ゲキマイ,Masayoshi Minoshima feat. 綾倉盟,STD 2 | STD 5 | STD 8 | STD 11+,135,AMAZON,玛娃路|玛瓦鲁|圆圈|马瓦鲁
M.S.S.Planet,429,DX/STD,niconico＆ボーカロイド,DX 3 | DX 7 | DX 9+ | DX 12+ ; STD 3 | STD 7+ | STD 10+ | STD 12+,145,GreeN PLUS,2014-03-20,否,m.s.s.planet|我是地球|妈杀杀星球|mss|dxmss,69,niconico,M.S.S Project,STD 2 | STD 5 | STD 8 | STD 12,145,CHUNITHM,
DRAGONLADY,426,STD,ゲーム＆バラエティ,STD 4 | STD 8 | STD 12+ | STD 13+,150,GreeN PLUS,2014-02-26,否,dragonlady|喇叭|ub|舍得|纵连女士|龙女士|母奶龙|龙玉涛|尼美舒利|龙之梦|龙女,4,VARIETY,Nankumo/CUBE3,STD 4 | STD 6 | STD 11+ | STD 14,150,CHUNITHM PLUS,龙女士
お嫁にしなさいっ！,418,STD,東方Project,STD 3 | STD 7+ | STD 10+ | STD 12+,180,GreeN PLUS,2014-02-26,否,お嫁にしなさいっ！|婚礼|婚礼进行曲|女同7|东方萃翠酒醉|结婚|东方花嫁|萝莉嫁给我|嫁给我吧,562,東方Project,ARM＋夕野ヨシミ (IOSYS),STD 3 | STD 5 | STD 8 | STD 13,180,AMAZON PLUS,
sweet little sister,415,DX/STD,東方Project,DX 5 | DX 7 | DX 10 | DX 13 ; STD 4 | STD 7 | STD 10+ | STD 13,168,GreeN PLUS,2014-02-26,否,sweet little sister|甜小姐姐|小甜妹|sls|甜二妹|甜小妹|甜蜜小姐姐,14,東方Project,Silver Forest,STD 3 | STD 5 | STD 9+ | STD 11+,168,CHUNITHM,甜心小姐姐|甜二妹
天ノ弱,413,DX/STD,niconico＆ボーカロイド,DX 3 | DX 7 | DX 10 | DX 12+ ; STD 4 | STD 8 | STD 11 | STD 13,200,GreeN,2014-01-23,否,天ノ弱|天之弱|天弱|若叶睦|标准天之弱|dx天弱|dx天之弱,13,niconico,164,STD 2 | STD 5 | STD 8 | STD 11 | STD 13+,200,CHUNITHM,天弱|天之弱
セツナトリップ,410,DX/STD,niconico＆ボーカロイド,DX 2 | DX 7+ | DX 10+ | DX 13 ; STD 5 | STD 7+ | STD 11 | STD 13,145,GreeN,2014-01-09,否,セツナトリップ|标准刹那旅程|刹那旅程|标刹那旅途|刹那旅行|刹那|dx刹那旅程|dx刹那旅行|dx刹那,51,niconico,Last Note.,STD 2 | STD 5 | STD 8 | STD 13+,145,CHUNITHM,刹那旅程|册那旅途
裏表ラバーズ,407,STD,niconico＆ボーカロイド,STD 6 | STD 8 | STD 12+ | STD 13+,159,GreeN,2013-11-14,否,裏表ラバーズ|里表恋人|里表情人|里表|◐,106,niconico,wowaka,STD 3 | STD 6 | STD 9+ | STD 12 | STD 14,159,CHUNITHM,里表情人
ぽっぴっぽー,406,STD,niconico＆ボーカロイド,STD 4 | STD 7 | STD 9+ | STD 13,150,GreeN,2013-11-14,否,ぽっぴっぽー|菜蔬汁|popipo|波比波比|蔬菜歌|advent|波比波|蔬菜汁|哈基米,1187,niconico,ラマーズP,STD 3 | STD 5 | STD 9+ | STD 13+,150,CHUNITHM NEW PLUS,蔬菜歌|蔬菜汁
セガサターン起動音[H.][Remix],405,STD,ゲーム＆バラエティ,STD 2 | STD 7 | STD 11 | STD 13,148,GreeN,2013-11-14,否,セガサターン起動音[h.][remix]|世嘉土星启动音|大b圈|ss|转圈接四押|sbga|土星|启动音|起动音|世嘉土星|夸脱|mon3tr|sega saturn,1391,VARIETY,Hiro,STD 2 | STD 5 | STD 10 | STD 14,148,SUN PLUS,上虹推荐|启动音|土星
＊ハロー、プラネット。,404,DX/STD,niconico＆ボーカロイド,DX 2 | DX 7 | DX 9 | DX 12+ ; STD 3 | STD 6 | STD 9+ | STD 12+,150,GreeN,2013-11-14,否,"＊ハロー、プラネット。|hello planet|标准你好星球|你好星球|八口一|标准hello planet|dx你好星球|hello,planet.",632,niconico,sasakure.UK,STD 2 | STD 6 | STD 8 | STD 12+,150,CRYSTAL,hello planet
Garakuta Doll Play,402,STD,maimai,STD 6 | STD 9 | STD 13 | STD 14 | STD 14+,256,GreeN,2013-10-24,否,garakuta doll play|lbw|果丹皮|shq|性感小丑在线发牌|酸奶|金盆|扑克牌|管理|鬼牌|轨道炮|绿豆|小丑牌|小丑|🤡|joker|🃏|guy|gdp|国内生产总值|绿小丑|偶买噶|传奇宴谱王|斗地主|法国赌神,152,ゲキマイ,t+pazolite,STD 5 | STD 8+ | STD 13 | STD 15,256,CHUNITHM PLUS,gdp|四大天王|国民生产总值|小丑
しゅわスパ大作戦☆,401,STD,東方Project,STD 5 | STD 7 | STD 9+ | STD 12+,140,GreeN,2013-10-03,否,しゅわスパ大作戦☆|下药歌|ymn|修哇大作战|炎拳|修哇|大作战,784,東方Project,SOUND HOLIC feat. Nana Takahashi,STD 2 | STD 5 | STD 9 | STD 13,140,PARADISE,
全人類ノ非想天則,400,STD,東方Project,STD 4 | STD 7+ | STD 10+ | STD 13,168,GreeN,2013-10-03,否,全人類ノ非想天則|全人类|非想天则|高达|全人类的非想天则|则|绯想天|全人类的飞上天|超级机器人|非想天則,1275,東方Project,SOUND HOLIC feat. 匠眞,STD 3 | STD 6 | STD 9+ | STD 13,168,SUN,
放課後ストライド,399,STD,niconico＆ボーカロイド,STD 5 | STD 8 | STD 10+ | STD 13,225,GreeN,2013-10-03,否,放課後ストライド|放课后冲|放课后,444,niconico,Last Note.,STD 3 | STD 6 | STD 9+ | STD 12,225,STAR PLUS,放课后stride
ローリンガール,398,DX/STD,niconico＆ボーカロイド,DX 4 | DX 7+ | DX 10+ | DX 13 ; STD 4 | STD 7 | STD 9+ | STD 13,195,GreeN,2013-10-03,否,ローリンガール|roiling giri|rolling girl|翻滚少女|头皮屑|滚女,880,niconico,wowaka,STD 3 | STD 6 | STD 9 | STD 13,195,CHUNITHM NEW,rolling girl
L'épilogue,397,STD,maimai,STD 5 | STD 8 | STD 11+ | STD 13+,145,GreeN,2013-09-19,否,l'épilogue|法文歌|后记,354,ゲキマイ,SOUND HOLIC feat. Nana Takahashi,STD 2 | STD 5 | STD 9+ | STD 13,145,STAR,lepilogue|钟离
ウサテイ,392,STD,東方Project,STD 5 | STD 7 | STD 10+ | STD 14,190,GreeN,2013-09-05,否,ウサテイ|帝帝跑跑跑|石门快乐歌|因幡帝|🐇|乌撒|兔子跑|兔子快跑|小老帝|兔子|追逐战|兔子帝,425,東方Project,あまね＋ビートまりお(COOL＆CREATE),STD 3 | STD 6 | STD 9+ | STD 13+,190,AMAZON PLUS,
夜咄ディセイブ,391,STD,niconico＆ボーカロイド,STD 5 | STD 8+ | STD 12 | STD 13+,260,GreeN,2013-09-05,否,夜咄ディセイブ|夜咄deceive|kano角色歌|夜出|夜谈欺骗|夜咄,160,niconico,じん 「カゲロウプロジェクト」,STD 3 | STD 6 | STD 10 | STD 13+,130,CHUNITHM PLUS,夜咄
"Help me, ERINNNNNN!!（Band ver.）",390,STD,東方Project,STD 6 | STD 7 | STD 11+ | STD 12,183,GreeN,2013-09-05,否,永琳,54,東方Project,ビートまりお,STD 3 | STD 5 | STD 8 | STD 10+,184,CHUNITHM,
魔理沙は大変なものを盗んでいきました,389,DX/STD,東方Project,DX 3 | DX 6 | DX 10 | DX 13+ ; STD 6 | STD 7 | STD 9 | STD 13,170,GreeN,2013-09-05,否,魔理沙は大変なものを盗んでいきました|魔理沙|123123|魔理沙大变|魔理沙大变态|魔理沙痴|魔理沙偷走了重要的东西|大盗魔理沙|魔理沙偷走重要的东西|魔理沙大变盗|123|魔理沙大盗|魔理沙盗大变,55,東方Project,ARM＋夕野ヨシミ (IOSYS) feat.藤咲かりん,STD 3 | STD 6 | STD 8 | STD 12 | STD 15,170,CHUNITHM,魔理沙|魔理沙大变|魔理沙偷大便|魔理沙大便
いーあるふぁんくらぶ,380,DX/STD,niconico＆ボーカロイド,DX 2 | DX 6 | DX 8 | DX 11 ; STD 4 | STD 7 | STD 8+ | STD 12 | STD 12+,145,GreeN,2013-07-11,否,いーあるふぁんくらぶ|12|中日友好歌|12fan|fanclub|一二俱乐部|熊猫头|12fanclub|烟雾列车|dx王力宏|王力宏|周杰伦|一二粉丝俱乐部|1 2 fan club,253,niconico,みきとP,STD 2 | STD 5 | STD 8 | STD 11,145,AIR PLUS,一二粉丝俱乐部
Burning Hearts ～炎のANGEL～,379,STD,ゲーム＆バラエティ,STD 5 | STD 8 | STD 10+ | STD 12+ | STD 13+,155,GreeN,2013-07-11,否,burning hearts ～炎のangel～|炎天使|br|阳炎|烧心|炎之天使,342,VARIETY,光吉猛修「バーニングレンジャー」,STD 3 | STD 5 | STD 9+ | STD 13+,155,STAR,
ナイト・オブ・ナイツ,362,DX/STD,東方Project,DX 5 | DX 7+ | DX 11+ | DX 13 ; STD 4 | STD 8 | STD 12 | STD 13 | STD 14,180,GreeN,2013-07-11,否,ナイト・オブ・ナイツ|夜骑士|标夜骑|原版夜骑|st夜骑|std夜骑|nok|夜骑|标准夜骑|骑士之夜|night of knights|dx标夜骑|dx夜骑|幻梦,6,東方Project,ビートまりお,STD 3 | STD 6 | STD 9 | STD 12,188,CHUNITHM,夜骑
Grip & Break down !!,361,DX/STD,東方Project,DX 5 | DX 7 | DX 9 | DX 13 ; STD 4 | STD 7 | STD 9+ | STD 13,160,GreeN,2013-07-11,否,grip & break down !!|grip|gbd|红魔馆内战|grip &amp; break down !!|东方铁拳乡|红魔馆爆炸|说的道理,404,東方Project,SOUND HOLIC feat. Nana Takahashi,STD 3 | STD 6 | STD 9+ | STD 12+,160,AMAZON,
Bad Apple!! feat.nomico,360,STD,東方Project,STD 3 | STD 6 | STD 10+ | STD 12 | STD 13,138,GreeN,2013-07-11,否,坏苹果|好华为|烂苹果|吃一堑吃一堑|吃一堑吃一堑吃一堑|年年考年年错,16,東方Project,Masayoshi Minoshima,STD 1 | STD 5 | STD 8 | STD 11+,138,CHUNITHM,坏苹果|好华为|badapple|bad apple|烂苹果
チルノのパーフェクトさんすう教室,359,DX/STD,東方Project,DX 3 | DX 6 | DX 9+ | DX 13 ; STD 3 | STD 7 | STD 10 | STD 13,175,GreeN,2013-07-11,否,チルノのパーフェクトさんすう教室|琪露诺的完美算术教室|琪露诺的完美算数教室|数学课堂|⑨|算数教室|琪露诺|⑨章算数|baka|算术教室|琪露诺教室|9教室|1+1=9|幻想乡没有巴士|这是啥子角色,53,東方Project,ARM＋夕野ヨシミ (IOSYS) feat.miko,STD 3 | STD 5 | STD 8 | STD 12+,175,CHUNITHM,数学教室|9
カゲロウデイズ,358,STD,niconico＆ボーカロイド,STD 5 | STD 7 | STD 11+ | STD 13 | STD 14,200,GreeN,2013-07-11,否,カゲロウデイズ|车祸歌|阳炎眩乱|车祸曲|阳炎|车祸,537,niconico,じん,STD 3 | STD 6 | STD 8 | STD 13+,200,AMAZON PLUS,阳炎眩乱|阳炎
脳漿炸裂ガール,357,DX/STD,niconico＆ボーカロイド,DX 4 | DX 6 | DX 11 | DX 12+ ; STD 5 | STD 7 | STD 12+ | STD 14,155,GreeN,2013-07-11,否,脳漿炸裂ガール|力一儿|脑浆炸裂少女|脑浆炸裂|脑浆炸裂女孩|脑浆炸裂谱|🤯👧|标🤯|脑浆炸裂力一儿|麦当劳1+1|脑裂|标脑浆|吸溜|标脑|脑浆|🤯|标准脑浆|dx脑浆炸裂|dx脑浆|脑瘫炸裂|brain fluid explosion girl,107,niconico,れるりり,STD 3 | STD 7 | STD 10+ | STD 13+ | STD 15,155,CHUNITHM,脑浆|脑浆炸裂|脑浆炸裂女孩
39,345,DX/STD,niconico＆ボーカロイド,DX 3 | DX 7 | DX 9 | DX 12+ ; STD 5 | STD 8+ | STD 11 | STD 13 | STD 13,175,maimai PLUS,2013-03-18,否,39|标39|初音未来|标准39|dx39|谢谢|三九|thank you|阿里嘎多,544,niconico,sasakure.UK x DECO*27,STD 3 | STD 6 | STD 8+ | STD 11+,175,AMAZON PLUS,
Tell Your World,338,STD,niconico＆ボーカロイド,STD 6 | STD 7 | STD 10 | STD 12 | STD 13,150,maimai PLUS,2013-03-07,否,tell your world|告诉你的世界|tyw,200,niconico,livetune,STD 3 | STD 5 | STD 8 | STD 11,150,,pjsk新手教程
Like the Wind [Reborn],335,STD,ゲーム＆バラエティ,STD 6 | STD 9 | STD 11 | STD 14,200,maimai PLUS,2013-02-20,否,like the wind [reborn]|蓝的盆|一块钱|莱克.德.万帝|野兽先辈|动力甩尾|十段之壁|像风一样自由|像风一样|像风一样复兴的|如风|三潭印月,280,ゲキマイ,sampling masters MEGA「パワードリフト」,STD 4 | STD 8 | STD 11 | STD 14,200,AIR PLUS,一块钱
御旗のもとに,329,DX/STD,ゲーム＆バラエティ,DX 3 | DX 6 | DX 10+ | DX 12+ ; STD 5 | STD 7+ | STD 12 | STD 12+,147,maimai PLUS,2013-01-17,否,御旗のもとに|妹妹v50|御旗|dx御旗,622,VARIETY,「サクラ大戦３ ～巴里は燃えているか～」,STD 2 | STD 5 | STD 9 | STD 12,147,CRYSTAL,
千本桜,319,DX/STD,niconico＆ボーカロイド,DX 4 | DX 6 | DX 9 | DX 12 ; STD 6 | STD 8 | STD 10+ | STD 13,154,maimai PLUS,2012-12-13,否,,3,niconico,黒うさP,STD 3 | STD 5 | STD 8 | STD 12+ | STD 13+,154,CHUNITHM,千本樱
ゴーゴー幽霊船,318,DX/STD,niconico＆ボーカロイド,DX 3 | DX 7 | DX 10 | DX 13 ; STD 5 | STD 8 | STD 11 | STD 12+,180,maimai PLUS,2012-12-13,否,ゴーゴー幽霊船|幽灵船|gogo幽灵船|憋憋憋,407,POPS & ANIME,米津玄師,STD 3 | STD 5 | STD 9+ | STD 13,180,STAR PLUS,幽灵船
スイートマジック,317,STD,niconico＆ボーカロイド,STD 4 | STD 7 | STD 10+ | STD 12,123,maimai PLUS,2012-12-13,否,スイートマジック|甜甜魔法|sm|羽泽鸫|sweet magic|sweetmagic|swmg|甜蜜魔法,359,niconico,ろん×Junky,STD 2 | STD 5 | STD 8 | STD 11+,123,STAR,
腐れ外道とチョコレゐト,316,STD,niconico＆ボーカロイド,STD 6 | STD 9 | STD 12+ | STD 13+,260,maimai PLUS,2012-12-13,否,腐れ外道とチョコレゐト|外道|异端|该死的异端及巧克力|巧克力|腐外道|红雷小曲|🍫|该死的异端和巧克力,70,niconico,ピノキオピー,STD 3 | STD 6 | STD 9+ | STD 13+ | STD 14+,260,CHUNITHM,腐外道|异端巧克力
ロミオとシンデレラ,314,STD,niconico＆ボーカロイド,STD 5 | STD 8+ | STD 11 | STD 12+ | STD 13,170,maimai PLUS,2012-12-13,否,ロミオとシンデレラ|罗密欧与辛德瑞拉|灰姑娘|罗密欧|罗密欧与仙度瑞拉|罗密欧与灰姑娘|口三才|罗密欧和辛德瑞拉|辛德瑞拉|罗密欧辛德瑞拉,201,niconico,doriko,STD 3 | STD 6 | STD 10 | STD 11+,170,AIR,罗密欧与辛德瑞拉
おちゃめ機能,311,STD,niconico＆ボーカロイド,STD 5 | STD 8 | STD 9 | STD 13+,150,maimai PLUS,2012-12-13,否,おちゃめ機能|机能|五月病|天真浪漫机能|天真烂漫机能,452,niconico,ろん,STD 2 | STD 5 | STD 8 | STD 12+,150,,天真烂漫机能
Reach For The Stars,308,STD,ゲーム＆バラエティ,STD 5 | STD 8+ | STD 10+ | STD 13+,203,maimai,2012-11-07,否,reach for the stars|一拳超人|索尼克缤纷色彩|立直为了星|索3|摘星|追星1|追星|索尼克,1189,VARIETY,ソニック カラーズ,STD 3 | STD 6 | STD 9+ | STD 13 | STD 13+,203,CHUNITHM,追星
マトリョシカ,298,STD,niconico＆ボーカロイド,STD 6 | STD 8+ | STD 9+ | STD 11+ | STD 13,205,maimai,2012-07-11,否,マトリョシカ|俄罗斯套娃|套娃|😋🤗,406,niconico,ハチ,STD 3 | STD 6 | STD 9+ | STD 12+,205,STAR PLUS,
ジングルベル,297,DX/STD,maimai,DX 5 | DX 7+ | DX 10+ | DX 14+ ; STD 6 | STD 7+ | STD 10+ | STD 14 | STD 14,100,maimai,2015-03-19,否,ジングルベル|铃儿响叮当|别急15|标圣诞|圣诞歌|jingle bell|鸡公煲|圣诞树|🎄|圣诞|标准圣诞|dx圣诞|dx圣诞歌|dx鸡公煲,101,POPS & ANIME,SEGA Sound Unit[H.],STD 2 | STD 5 | STD 8+ | STD 14+ | STD 15,100,CHUNITHM,圣诞歌|圣诞|屎|鸡公煲|金钩表
ワールズエンド・ダンスホール,293,STD,niconico＆ボーカロイド,STD 7 | STD 8 | STD 9+ | STD 13 | STD 13,171,maimai,2012-07-11,否,ワールズエンド・ダンスホール|世终舞厅|舞厅|末世舞厅|双关门|世末舞厅|漠河舞厅|world's end dancehall|世界结束舞厅,553,niconico,wowaka,STD 2 | STD 6 | STD 9 | STD 12+,171,AMAZON PLUS,末世舞厅|世末舞厅
アンダーキッズ,260,DX,POPS＆アニメ,DX 5 | DX 7 | DX 10+ | DX 13,225,BUDDiES,2023-09-14,否,,1518,niconico,ツユ,STD 4 | STD 7 | STD 9 | STD 13+,225,,
アマカミサマ,259,DX,POPS＆アニメ,DX 3 | DX 6 | DX 9 | DX 12+,174,FESTiVAL,2022-11-04,否,アマカミサマ|天神|amakamisama|天神大人|美少女跳楼|阿妈卡密萨马,1296,POPS & ANIME,名取さな,STD 3 | STD 6 | STD 9+ | STD 11+,174,SUN,
Mr. Wonderland,175,STD,niconico＆ボーカロイド,STD 5 | STD 6 | STD 9 | STD 13,140,PiNK PLUS,2016-07-14,否,,148,niconico,sasakure.UK,STD 3 | STD 6 | STD 11+ | STD 14,140,CHUNITHM PLUS,mr wonderland
UNION,166,DX,POPS＆アニメ,DX 3 | DX 7 | DX 10 | DX 11+,178,maimaiでらっくす,2019-07-19,否,,575,POPS & ANIME,OxT「SSSS.GRIDMAN」,STD 3 | STD 6 | STD 9+ | STD 12,178,CRYSTAL,
Daydream café,162,DX/STD,POPS＆アニメ,DX 3 | DX 6 | DX 8 | DX 11+ ; STD 4 | STD 6 | STD 8 | STD 12,150,PiNK PLUS,2016-06-30,否,,248,POPS & ANIME,Petit Rabbit's「ご注文はうさぎですか？」,STD 3 | STD 5 | STD 8 | STD 11 | STD 12+,150,,点兔
甲賀忍法帖,155,STD,POPS＆アニメ,STD 4 | STD 6 | STD 9+ | STD 11 | STD 12+,178,MiLK PLUS,2018-11-06,否,,793,POPS & ANIME,陰陽座,STD 3 | STD 5 | STD 9 | STD 12+,178,,
Deep in Abyss,152,STD,POPS＆アニメ,STD 4 | STD 6 | STD 9 | STD 12,135,FiNALE,2019-03-22,否,,850,POPS & ANIME,リコ（CV：富田美憂）、レグ（CV：伊瀬茉莉也）「メイドインアビス」,STD 2 | STD 5 | STD 8+ | STD 11+,135,,
ホシトハナ,135,STD,POPS＆アニメ,STD 4 | STD 6 | STD 7 | STD 10+,158,MURASAKi PLUS,2017-11-09,否,,335,POPS & ANIME,讃州中学勇者部(照井春佳、三森すずこ、内山夕実、黒沢ともよ、長妻樹里)「結城友奈は勇者である」,STD 3 | STD 5 | STD 9 | STD 11,162,STAR,
カノン,101,STD,POPS＆アニメ,STD 5 | STD 7 | STD 9 | STD 10+,208,ORANGE PLUS,2015-10-08,否,,1372,niconico,柊マグネタイト　feat.可不,STD 3 | STD 6 | STD 9 | STD 12+,185,SUN PLUS,
残酷な天使のテーゼ,84,STD,POPS＆アニメ,STD 4 | STD 6 | STD 7 | STD 9,128,GreeN,2013-07-11,否,,867,POPS & ANIME,高橋洋子「新世紀エヴァンゲリオン」,STD 2 | STD 5 | STD 8 | STD 11,128,,残酷天使
New World,64,STD,POPS＆アニメ,STD 4 | STD 6 | STD 7 | STD 9,127,maimai,2012-07-11,否,,1849,東方Project,FELT,STD 3 | STD 6 | STD 10+ | STD 13,195,X-VERSE-X,
うまぴょい伝説,54,DX,POPS＆アニメ,DX 5 | DX 6 | DX 9+ | DX 11 | DX 13,170,UNiVERSE PLUS,2022-03-24,否,,991,POPS & ANIME,スペシャルウィーク （CV.和氣あず未）、サイレンススズカ （CV.高野麻里佳）、トウカイテイオー （CV.Machico）,STD 3 | STD 6 | STD 9+ | STD 12+,170,,
あの世行きのバスに乗ってさらば。,53,DX,POPS＆アニメ,DX 3 | DX 7+ | DX 11+ | DX 13,240,UNiVERSE PLUS,2022-03-24,否,,1139,niconico,ツユ,STD 3 | STD 6 | STD 9+ | STD 12+,240,,地雷男|男刀
くらべられっ子,52,DX,POPS＆アニメ,DX 2 | DX 7 | DX 9+ | DX 11 | DX 13,194,UNiVERSE PLUS,2022-03-24,否,,1138,niconico,ツユ,STD 3 | STD 5 | STD 9 | STD 12+,194,,被比较的孩子|男刀|地雷男
愛のシュプリーム！,51,DX,POPS＆アニメ,DX 1 | DX 6 | DX 8 | DX 12+,135,UNiVERSE PLUS,2022-03-24,否,,1147,POPS & ANIME,fhána「小林さんちのメイドラゴンS」,STD 2 | STD 5 | STD 9 | STD 12,135,,
テリトリーバトル,50,DX,オンゲキ＆CHUNITHM,DX 4 | DX 6 | DX 10 | DX 13+,140,UNiVERSE PLUS,2022-03-24,否,,748,ORIGINAL,ツユ,STD 2 | STD 5 | STD 9 | STD 12,140,,领土战争|小南娘|小男娘|日服男刀
さんさーら！,49,DX,ゲーム＆バラエティ,DX 3 | DX 6 | DX 8+ | DX 12+,140,UNiVERSE,2021-09-22,否,,1023,POPS & ANIME,ARuFa,STD 2 | STD 5 | STD 9+ | STD 12+,140,CHUNITHM NEW PLUS,
泥の分際で私だけの大切を奪おうだなんて,45,DX,POPS＆アニメ,DX 2 | DX 7+ | DX 10+ | DX 13+,225,UNiVERSE,2021-11-26,否,,1140,niconico,ツユ,STD 3 | STD 6 | STD 10 | STD 13,225,,泥歌
うっせぇわ,42,DX,POPS＆アニメ,DX 3 | DX 7 | DX 9+ | DX 11+ | DX 13,178,UNiVERSE,2021-09-16,否,,992,POPS & ANIME,Ado,STD 3 | STD 5 | STD 9 | STD 12+,178,,
夜に駆ける,41,DX,POPS＆アニメ,DX 2 | DX 6 | DX 8 | DX 11 | DX 13,130,UNiVERSE,2021-09-16,否,,868,POPS & ANIME,YOASOBI,STD 2 | STD 5 | STD 9 | STD 11+,130,CHUNITHM NEW,夜驱
Shiny Smily Story,40,DX,POPS＆アニメ,DX 2 | DX 7 | DX 10 | DX 12,168,Splash PLUS,2021-08-05,否,,781,POPS & ANIME,hololive IDOL PROJECT,STD 3 | STD 5 | STD 8 | STD 11+,168,PARADISE,
乙女のルートはひとつじゃない！,38,DX,POPS＆アニメ,DX 3 | DX 6 | DX 9+ | DX 12,192,Splash PLUS,2021-07-09,否,,944,POPS & ANIME,angela「乙女ゲームの破滅フラグしかない悪役令嬢に転生してしまった…」,STD 3 | STD 5 | STD 9+ | STD 11+,192,,
God knows...,36,DX,POPS＆アニメ,DX 3 | DX 6 | DX 9+ | DX 11+ | DX 13,150,Splash PLUS,2021-03-18,否,,669,POPS & ANIME,涼宮ハルヒ（CV.平野 綾） TVアニメ「涼宮ハルヒの憂鬱」,STD 2 | STD 6 | STD 9 | STD 12+,150,,
インフェルノ,34,DX,POPS＆アニメ,DX 2 | DX 7 | DX 9+ | DX 11+ | DX 13,185,Splash PLUS,2021-03-18,否,,866,POPS & ANIME,Mrs. GREEN APPLE,STD 3 | STD 5 | STD 9+ | STD 12,185,,inferno|🔥
Pretender,33,DX,POPS＆アニメ,DX 2 | DX 5 | DX 9 | DX 12+,92,Splash,2020-09-17,否,,758,POPS & ANIME,Official髭男dism,STD 2 | STD 5 | STD 8 | STD 11,92,,
紅蓮華,31,DX,POPS＆アニメ,DX 3 | DX 6 | DX 9 | DX 11 | DX 13,135,Splash,2020-09-17,否,,667,POPS & ANIME,LiSA,STD 2 | STD 5 | STD 8 | STD 11+,135,,
町かどタンジェント,30,DX,POPS＆アニメ,DX 3 | DX 6 | DX 8+ | DX 11+,165,Splash,2020-09-17,否,,802,POPS & ANIME,shami momo（吉田優子・千代田桃）／CV：小原好美・鬼頭明里「まちカドまぞく」,STD 3 | STD 6 | STD 9 | STD 11+,165,,街角魔族
異世界かるてっと,24,DX,POPS＆アニメ,DX 3 | DX 6 | DX 9+ | DX 12,148,maimaiでらっくす PLUS,2020-01-23,否,,835,POPS & ANIME,アインズ（CV：日野 聡）、カズマ（CV：福島 潤）、スバル（CV：小林裕介）、ターニャ（CV：悠木 碧）「異世界かるてっと」,STD 3 | STD 5 | STD 9+ | STD 12+,148,PARADISE LOST,
目覚めRETURNER,21,DX,POPS＆アニメ,DX 3 | DX 7 | DX 9 | DX 11+,145,maimaiでらっくす,2019-10-04,否,,647,POPS & ANIME,フランシュシュ「ゾンビランドサガ」,STD 3 | STD 5 | STD 8 | STD 12,145,,
徒花ネクロマンシー,20,DX,POPS＆アニメ,DX 3 | DX 7 | DX 10 | DX 12,172,maimaiでらっくす,2019-10-04,否,,646,POPS & ANIME,フランシュシュ「ゾンビランドサガ」,STD 3 | STD 6 | STD 8+ | STD 12,172,,
Paradisus-Paradoxum,10,DX/STD,POPS＆アニメ,DX 4 | DX 7 | DX 9+ | DX 12+ ; STD 5 | STD 8 | STD 10+ | STD 13,201,MURASAKi PLUS,2017-06-22,否,,371,POPS & ANIME,MYTH & ROID「Re:ゼロから始める異世界生活」,STD 3 | STD 6 | STD 9 | STD 13,201,STAR,papa
ブリキノダンス,8,STD,niconico＆ボーカロイド,STD 5 | STD 7+ | STD 10+ | STD 12 | STD 13,172,MiLK PLUS,2018-08-07,否,,448,niconico,日向電工,STD 3 | STD 5 | STD 9 | STD 13,172,AMAZON,马口铁之舞
ヒビカセ,7,STD,niconico＆ボーカロイド,STD 4 | STD 7+ | STD 11 | STD 13,140,MiLK PLUS,2018-08-09,否,,367,niconico,GigaReol,STD 3 | STD 5 | STD 9 | STD 13,140,STAR PLUS,让其响彻
Our Fighting,2,STD,ゲーム＆バラエティ,STD 5 | STD 7 | STD 10+ | STD 12,165,ORANGE PLUS,2015-06-05,否,,343,POPS & ANIME,クーナ(CV.喜多村英梨)「PHANTASY STAR ONLINE 2」,STD 3 | STD 6 | STD 9 | STD 11+,165,STAR,
